C:\Users\91626\OneDrive - Manipal Academy of Higher Education\Desktop\projects\spotify-agent\spot\Lib\site-packages\pydantic_settings\sources\utils.py:47: IncompleteFieldDefinitionWarning: Field 'lifespan' has an incomplete definition: its annotation contains an unresolved forward reference, so settings sources may fail to correctly resolve its value. Call `model_rebuild()` on the model where the field is defined, once all the referenced types are defined.
  warnings.warn(
Processing request of type ListToolsRequest
Processing request of type CallToolRequest
HTTP Request: POST https://accounts.spotify.com/api/token "HTTP/1.1 200 OK"
HTTP Request: GET https://api.spotify.com/v1/search?q=leaving+home+sad&type=track&limit=10&offset=0 "HTTP/1.1 200 OK"
Processing request of type CallToolRequest
HTTP Request: GET https://api.spotify.com/v1/search?q=small+town+sad&type=track&limit=10&offset=0 "HTTP/1.1 200 OK"
Processing request of type CallToolRequest
HTTP Request: GET https://api.spotify.com/v1/search?q=hometown+drive+sad&type=track&limit=10&offset=0 "HTTP/1.1 200 OK"
C:\Users\91626\OneDrive - Manipal Academy of Higher Education\Desktop\projects\spotify-agent\spot\Lib\site-packages\pydantic_settings\sources\utils.py:47: IncompleteFieldDefinitionWarning: Field 'lifespan' has an incomplete definition: its annotation contains an unresolved forward reference, so settings sources may fail to correctly resolve its value. Call `model_rebuild()` on the model where the field is defined, once all the referenced types are defined.
  warnings.warn(
Processing request of type ListToolsRequest
Processing request of type CallToolRequest
HTTP Request: POST https://accounts.spotify.com/api/token "HTTP/1.1 200 OK"
HTTP Request: GET https://api.spotify.com/v1/search?q=2am+call+midnight+phone+call+late+night&type=track&limit=10&offset=0 "HTTP/1.1 200 OK"
HTTP Request: GET https://api.spotify.com/v1/search?q=2am+call+midnight+phone+call+late+night&type=track&limit=10&offset=10 "HTTP/1.1 200 OK"
HTTP Request: GET https://api.spotify.com/v1/search?q=2am+call+midnight+phone+call+late+night&type=track&limit=10&offset=20 "HTTP/1.1 200 OK"
HTTP Request: GET https://api.spotify.com/v1/search?q=2am+call+midnight+phone+call+late+night&type=track&limit=10&offset=30 "HTTP/1.1 200 OK"
HTTP Request: GET https://lrclib.net/api/get?track_name=the+way&artist_name=miri+tesfazion "HTTP/1.1 404 Not Found"
HTTP Request: GET https://lrclib.net/api/get?track_name=Heartbeat&artist_name=Childish+Gambino "HTTP/1.1 200 OK"
HTTP Request: GET https://lrclib.net/api/get?track_name=Hotline+Bling&artist_name=Drake "HTTP/1.1 200 OK"
HTTP Request: GET https://lrclib.net/api/get?track_name=Phone+Call&artist_name=Jokhay "HTTP/1.1 404 Not Found"
HTTP Request: GET https://lrclib.net/api/get?track_name=20+Min&artist_name=Lil+Uzi+Vert "HTTP/1.1 200 OK"
HTTP Request: GET https://lrclib.net/api/get?track_name=Hell+N+Back&artist_name=Bakar "HTTP/1.1 200 OK"
HTTP Request: GET https://lrclib.net/api/get?track_name=BETWEEN+TIME&artist_name=Vin+Riza "HTTP/1.1 404 Not Found"
HTTP Request: GET https://lrclib.net/api/get?track_name=IPHONE+ALARM+FUNK&artist_name=bear+bear+%26+friends "HTTP/1.1 404 Not Found"
HTTP Request: GET https://lrclib.net/api/get?track_name=Somebody+Else+-+Steve+Mac+Version&artist_name=Ronan+Keating "HTTP/1.1 200 OK"
HTTP Request: GET https://lrclib.net/api/get?track_name=3am+in+Hell&artist_name=Lucifer+was+innocent "HTTP/1.1 200 OK"
HTTP Request: GET https://lrclib.net/api/get?track_name=Toxic+Paradise&artist_name=Lord+Henkill "HTTP/1.1 404 Not Found"
HTTP Request: GET https://lrclib.net/api/get?track_name=a+minute+phone+call&artist_name=Kamal. "HTTP/1.1 404 Not Found"
HTTP Request: GET https://lrclib.net/api/get?track_name=EP+Song&artist_name=Left+Boy "HTTP/1.1 404 Not Found"
HTTP Request: GET https://lrclib.net/api/get?track_name=Four+Walls&artist_name=Calves+In+The+Dark "HTTP/1.1 404 Not Found"
HTTP Request: GET https://lrclib.net/api/get?track_name=Hell+N+Back+-+Sped+Up&artist_name=Bakar "HTTP/1.1 200 OK"
HTTP Request: GET https://lrclib.net/api/get?track_name=Boys+Are+Fun&artist_name=Niall+Horan "HTTP/1.1 200 OK"
HTTP Request: GET https://lrclib.net/api/get?track_name=Trance+%28with+Travis+Scott+%26+Young+Thug%29&artist_name=Metro+Boomin "HTTP/1.1 200 OK"
HTTP Request: GET https://lrclib.net/api/get?track_name=Old+Phone+%28Ringtone%29&artist_name=Ringtone+Hits "HTTP/1.1 404 Not Found"
HTTP Request: GET https://lrclib.net/api/get?track_name=2+am&artist_name=Hary.BoY "HTTP/1.1 404 Not Found"
HTTP Request: GET https://lrclib.net/api/get?track_name=Phone+Away&artist_name=Monoir "HTTP/1.1 200 OK"
HTTP Request: GET https://lrclib.net/api/get?track_name=Teeth&artist_name=5+Seconds+of+Summer "HTTP/1.1 200 OK"
HTTP Request: GET https://lrclib.net/api/get?track_name=best+worst+friend&artist_name=seba+chang "HTTP/1.1 404 Not Found"
HTTP Request: GET https://lrclib.net/api/get?track_name=Kill+City+Kid&artist_name=Brother+Firetribe "HTTP/1.1 200 OK"
HTTP Request: GET https://lrclib.net/api/get?track_name=I%27m+Fine&artist_name=iMarkB "HTTP/1.1 404 Not Found"
HTTP Request: GET https://lrclib.net/api/get?track_name=A+Bar+Song+%28Tipsy%29&artist_name=Shaboozey "HTTP/1.1 200 OK"
HTTP Request: GET https://lrclib.net/api/get?track_name=Hell+N+Back+-+A+COLORS+SHOW&artist_name=Bakar "HTTP/1.1 200 OK"
HTTP Request: GET https://lrclib.net/api/get?track_name=7AM+-+Slowed+%2B+Reverb&artist_name=Adrian "HTTP/1.1 200 OK"
HTTP Request: GET https://lrclib.net/api/get?track_name=calling+my+phone+-+slowed+%2B+reverb&artist_name=sl%C5%8D "HTTP/1.1 404 Not Found"
HTTP Request: GET https://lrclib.net/api/get?track_name=4am&artist_name=deepr "HTTP/1.1 404 Not Found"
HTTP Request: GET https://lrclib.net/api/get?track_name=All+The+Things+Left+Unsaid&artist_name=Milena+Noir "HTTP/1.1 404 Not Found"
HTTP Request: GET https://lrclib.net/api/get?track_name=MIDNIGHT&artist_name=Adi "HTTP/1.1 200 OK"
HTTP Request: GET https://lrclib.net/api/get?track_name=A+Step+Towards+Fame&artist_name=grim+anise "HTTP/1.1 404 Not Found"
HTTP Request: GET https://lrclib.net/api/get?track_name=Kill+City+Kid&artist_name=Brother+Firetribe "HTTP/1.1 200 OK"
HTTP Request: GET https://lrclib.net/api/get?track_name=Dirty+Diana+-+2012+Remaster&artist_name=Michael+Jackson "HTTP/1.1 200 OK"
HTTP Request: GET https://lrclib.net/api/get?track_name=Back+to+the+Topic&artist_name=J.+Cole "HTTP/1.1 200 OK"
HTTP Request: GET https://lrclib.net/api/get?track_name=5%2F5+%28Playstation%29&artist_name=Braddo "HTTP/1.1 404 Not Found"
HTTP Request: GET https://lrclib.net/api/get?track_name=Phone&artist_name=Sav+Kalipez "HTTP/1.1 404 Not Found"
HTTP Request: GET https://lrclib.net/api/get?track_name=2am+confessions&artist_name=soundsbysammy "HTTP/1.1 404 Not Found"
HTTP Request: GET https://lrclib.net/api/get?track_name=My+Heart+Belongs+To+U&artist_name=Jodeci "HTTP/1.1 200 OK"
HTTP Request: GET https://lrclib.net/api/get?track_name=Congratulations+%28feat.+Bilal%29&artist_name=Mac+Miller "HTTP/1.1 200 OK"
Processing request of type CallToolRequest
HTTP Request: GET https://api.spotify.com/v1/search?q=late+night+call+hotline+phone+call+2am&type=track&limit=10&offset=0 "HTTP/1.1 200 OK"
HTTP Request: GET https://api.spotify.com/v1/search?q=late+night+call+hotline+phone+call+2am&type=track&limit=10&offset=10 "HTTP/1.1 200 OK"
HTTP Request: GET https://api.spotify.com/v1/search?q=late+night+call+hotline+phone+call+2am&type=track&limit=10&offset=20 "HTTP/1.1 200 OK"
HTTP Request: GET https://api.spotify.com/v1/search?q=late+night+call+hotline+phone+call+2am&type=track&limit=10&offset=30 "HTTP/1.1 200 OK"
HTTP Request: GET https://api.spotify.com/v1/search?q=late+night+call+hotline+phone+call+2am&type=track&limit=10&offset=40 "HTTP/1.1 200 OK"
HTTP Request: GET https://lrclib.net/api/get?track_name=Hotline+Bling&artist_name=Drake "HTTP/1.1 200 OK"
HTTP Request: GET https://lrclib.net/api/get?track_name=Hell+N+Back&artist_name=Bakar "HTTP/1.1 200 OK"
HTTP Request: GET https://lrclib.net/api/get?track_name=Fallen+Japanese&artist_name=Sajama+Cut "HTTP/1.1 200 OK"
HTTP Request: GET https://lrclib.net/api/get?track_name=hotline+%28edit%29&artist_name=Billie+Eilish "HTTP/1.1 200 OK"
HTTP Request: GET https://lrclib.net/api/get?track_name=Fallen+Japanese&artist_name=Sajama+Cut "HTTP/1.1 200 OK"
HTTP Request: GET https://lrclib.net/api/get?track_name=Old+Phone+%28Ringtone%29&artist_name=Ringtone+Hits "HTTP/1.1 404 Not Found"
HTTP Request: GET https://lrclib.net/api/get?track_name=Hell+N+Back&artist_name=Bakar "HTTP/1.1 200 OK"
HTTP Request: GET https://lrclib.net/api/get?track_name=Caller+Tune&artist_name=Neeti+Mohan "HTTP/1.1 200 OK"
HTTP Request: GET https://lrclib.net/api/get?track_name=IPHONE+ALARM+FUNK&artist_name=bear+bear+%26+friends "HTTP/1.1 404 Not Found"
HTTP Request: GET https://lrclib.net/api/get?track_name=Piece+of+My+Mind&artist_name=Every+You "HTTP/1.1 404 Not Found"
HTTP Request: GET https://lrclib.net/api/get?track_name=Cell+Phone+Ringing+-+Sound+Effect&artist_name=Beats+by+Talent "HTTP/1.1 404 Not Found"
HTTP Request: GET https://lrclib.net/api/get?track_name=Hotline+Bling&artist_name=Drake "HTTP/1.1 200 OK"
HTTP Request: GET https://lrclib.net/api/get?track_name=Cosmic+Slop&artist_name=Funkadelic "HTTP/1.1 200 OK"
HTTP Request: GET https://lrclib.net/api/get?track_name=Cosmic+Slop&artist_name=Funkadelic "HTTP/1.1 200 OK"
HTTP Request: GET https://lrclib.net/api/get?track_name=20+Min&artist_name=Lil+Uzi+Vert "HTTP/1.1 200 OK"
HTTP Request: GET https://lrclib.net/api/get?track_name=Pillow+Talking+%28feat.+Brain%29&artist_name=Lil+Dicky "HTTP/1.1 200 OK"
HTTP Request: GET https://lrclib.net/api/get?track_name=Hell+N+Back+-+A+COLORS+SHOW&artist_name=Bakar "HTTP/1.1 200 OK"
HTTP Request: GET https://lrclib.net/api/get?track_name=Iphone+Ringtune&artist_name=Ro+Ryon "HTTP/1.1 404 Not Found"
HTTP Request: GET https://lrclib.net/api/get?track_name=Sweet+Lady+-+remix&artist_name=Tyrese "HTTP/1.1 404 Not Found"
HTTP Request: GET https://lrclib.net/api/get?track_name=Get+Over+Him&artist_name=Ziva+Magnolya "HTTP/1.1 200 OK"
HTTP Request: GET https://lrclib.net/api/get?track_name=That%27s+How+She+Goes&artist_name=Waylon "HTTP/1.1 200 OK"
HTTP Request: GET https://lrclib.net/api/get?track_name=Old+Phone+Ringing&artist_name=Sweet+Fret "HTTP/1.1 404 Not Found"
HTTP Request: GET https://lrclib.net/api/get?track_name=Congratulations+%28feat.+Bilal%29&artist_name=Mac+Miller "HTTP/1.1 200 OK"
HTTP Request: GET https://lrclib.net/api/get?track_name=Trash&artist_name=Human+Nature "HTTP/1.1 200 OK"
HTTP Request: GET https://lrclib.net/api/get?track_name=Cell+Phone+Speaker+Cleaning+Sound&artist_name=nBeats "HTTP/1.1 404 Not Found"
HTTP Request: GET https://lrclib.net/api/get?track_name=Phone+Call&artist_name=Jokhay "HTTP/1.1 404 Not Found"
HTTP Request: GET https://lrclib.net/api/get?track_name=Pussy+%26+Millions+%28feat.+Travis+Scott%29&artist_name=Drake "HTTP/1.1 200 OK"
HTTP Request: GET https://lrclib.net/api/get?track_name=Get+Over+Him&artist_name=Ziva+Magnolya "HTTP/1.1 200 OK"
HTTP Request: GET https://lrclib.net/api/get?track_name=4Lifers&artist_name=ily+thabi "HTTP/1.1 404 Not Found"
HTTP Request: GET https://lrclib.net/api/get?track_name=0+To+100+%2F+The+Catch+Up&artist_name=Drake "HTTP/1.1 200 OK"
HTTP Request: GET https://lrclib.net/api/get?track_name=Heartbeat&artist_name=Childish+Gambino "HTTP/1.1 200 OK"
HTTP Request: GET https://lrclib.net/api/get?track_name=Missing+You&artist_name=Craig+Campbell "HTTP/1.1 200 OK"
HTTP Request: GET https://lrclib.net/api/get?track_name=Turn+Off+The+Phone&artist_name=John+Singh "HTTP/1.1 404 Not Found"
HTTP Request: GET https://lrclib.net/api/get?track_name=Back+to+the+Topic&artist_name=J.+Cole "HTTP/1.1 200 OK"
HTTP Request: GET https://lrclib.net/api/get?track_name=IPhone+Ringtone+Trap+-+Remix&artist_name=Jasser+Labidi "HTTP/1.1 200 OK"
HTTP Request: GET https://lrclib.net/api/get?track_name=Late+Night+Call&artist_name=VIVANDI "HTTP/1.1 404 Not Found"
HTTP Request: GET https://lrclib.net/api/get?track_name=0+To+100+%2F+The+Catch+Up&artist_name=Drake "HTTP/1.1 200 OK"
HTTP Request: GET https://lrclib.net/api/get?track_name=Ringtone+Alarm+01&artist_name=High+Quality+Ringtone "HTTP/1.1 404 Not Found"
HTTP Request: GET https://lrclib.net/api/get?track_name=BETWEEN+TIME&artist_name=Vin+Riza "HTTP/1.1 404 Not Found"
HTTP Request: GET https://lrclib.net/api/get?track_name=Power+Horn+5.0&artist_name=Dj+Monster+PS "HTTP/1.1 404 Not Found"
HTTP Request: GET https://lrclib.net/api/get?track_name=Bees&artist_name=Knalerwten "HTTP/1.1 200 OK"
HTTP Request: GET https://lrclib.net/api/get?track_name=Bees&artist_name=Knalerwten "HTTP/1.1 200 OK"
HTTP Request: GET https://lrclib.net/api/get?track_name=EP+Song&artist_name=Left+Boy "HTTP/1.1 404 Not Found"
HTTP Request: GET https://lrclib.net/api/get?track_name=New+Boy&artist_name=Angel+Ayinde "HTTP/1.1 404 Not Found"
HTTP Request: GET https://lrclib.net/api/get?track_name=Credit+Card&artist_name=Quinn+Lewis "HTTP/1.1 200 OK"
HTTP Request: GET https://lrclib.net/api/get?track_name=Turn+Off+The+Phone&artist_name=ycid "HTTP/1.1 404 Not Found"
HTTP Request: GET https://lrclib.net/api/get?track_name=Walk+Em+Down+%28Don%27t+Kill+Civilians%29+%5Bwith+21+Savage+%26+feat.+Mustafa%5D&artist_name=Metro+Boomin "HTTP/1.1 200 OK"
HTTP Request: GET https://lrclib.net/api/get?track_name=Saturday&artist_name=AntsLive "HTTP/1.1 200 OK"
HTTP Request: GET https://lrclib.net/api/get?track_name=Phone+Away&artist_name=Monoir "HTTP/1.1 200 OK"
HTTP Request: GET https://lrclib.net/api/get?track_name=Power+Horn+6.0&artist_name=Dj+Monster+PS "HTTP/1.1 404 Not Found"
Processing request of type CallToolRequest
HTTP Request: GET https://api.spotify.com/v1/search?q=2am+call+midnight+phone+call&type=track&limit=10&offset=0 "HTTP/1.1 200 OK"
HTTP Request: GET https://api.spotify.com/v1/search?q=2am+call+midnight+phone+call&type=track&limit=10&offset=10 "HTTP/1.1 200 OK"
HTTP Request: GET https://api.spotify.com/v1/search?q=2am+call+midnight+phone+call&type=track&limit=10&offset=20 "HTTP/1.1 200 OK"
HTTP Request: GET https://api.spotify.com/v1/search?q=2am+call+midnight+phone+call&type=track&limit=10&offset=30 "HTTP/1.1 200 OK"
HTTP Request: GET https://api.spotify.com/v1/search?q=2am+call+midnight+phone+call&type=track&limit=10&offset=40 "HTTP/1.1 200 OK"
HTTP Request: GET https://lrclib.net/api/get?track_name=bloodstream&artist_name=Alyssa+Grace "HTTP/1.1 200 OK"
HTTP Request: GET https://lrclib.net/api/get?track_name=3+Musketeers&artist_name=NextYoungin "HTTP/1.1 200 OK"
HTTP Request: GET https://lrclib.net/api/get?track_name=2am&artist_name=Luke+Hunter "HTTP/1.1 404 Not Found"
HTTP Request: GET https://lrclib.net/api/get?track_name=bloodstream&artist_name=Alyssa+Grace "HTTP/1.1 200 OK"
HTTP Request: GET https://lrclib.net/api/get?track_name=Phone+Call&artist_name=Jokhay "HTTP/1.1 404 Not Found"
HTTP Request: GET https://lrclib.net/api/get?track_name=Sammy&artist_name=L%27Andreea "HTTP/1.1 404 Not Found"
HTTP Request: GET https://lrclib.net/api/get?track_name=Credit+Card&artist_name=Quinn+Lewis "HTTP/1.1 200 OK"
HTTP Request: GET https://lrclib.net/api/get?track_name=IPHONE+ALARM+FUNK&artist_name=bear+bear+%26+friends "HTTP/1.1 404 Not Found"
HTTP Request: GET https://lrclib.net/api/get?track_name=the+way&artist_name=miri+tesfazion "HTTP/1.1 404 Not Found"
HTTP Request: GET https://lrclib.net/api/get?track_name=Somebody+Else+-+Steve+Mac+Version&artist_name=Ronan+Keating "HTTP/1.1 200 OK"
HTTP Request: GET https://lrclib.net/api/get?track_name=Iphone+Ringtune&artist_name=Ro+Ryon "HTTP/1.1 404 Not Found"
HTTP Request: GET https://lrclib.net/api/get?track_name=a+minute+phone+call&artist_name=Kamal. "HTTP/1.1 404 Not Found"
HTTP Request: GET https://lrclib.net/api/get?track_name=EP+Song&artist_name=Left+Boy "HTTP/1.1 404 Not Found"
HTTP Request: GET https://lrclib.net/api/get?track_name=Old+Phone+%28Ringtone%29&artist_name=Ringtone+Hits "HTTP/1.1 404 Not Found"
HTTP Request: GET https://lrclib.net/api/get?track_name=Dial+Drunk+%28with+Post+Malone%29&artist_name=Noah+Kahan "HTTP/1.1 200 OK"
HTTP Request: GET https://lrclib.net/api/get?track_name=I%27m+Your+Wreck&artist_name=Mt.+Joy "HTTP/1.1 200 OK"
HTTP Request: GET https://lrclib.net/api/get?track_name=2+AM&artist_name=Reyan "HTTP/1.1 200 OK"
HTTP Request: GET https://lrclib.net/api/get?track_name=Run-Around&artist_name=Blues+Traveler "HTTP/1.1 200 OK"
HTTP Request: GET https://lrclib.net/api/get?track_name=Attention&artist_name=Paigey+Cakey "HTTP/1.1 404 Not Found"
HTTP Request: GET https://lrclib.net/api/get?track_name=BETWEEN+TIME&artist_name=Vin+Riza "HTTP/1.1 404 Not Found"
HTTP Request: GET https://lrclib.net/api/get?track_name=Four+Walls&artist_name=Calves+In+The+Dark "HTTP/1.1 404 Not Found"
HTTP Request: GET https://lrclib.net/api/get?track_name=Somebody+Else+-+Steve+Mac+Version&artist_name=Ronan+Keating "HTTP/1.1 200 OK"
HTTP Request: GET https://lrclib.net/api/get?track_name=Kill+City+Kid&artist_name=Brother+Firetribe "HTTP/1.1 200 OK"
HTTP Request: GET https://lrclib.net/api/get?track_name=Dirty+Diana+-+2012+Remaster&artist_name=Michael+Jackson "HTTP/1.1 200 OK"
HTTP Request: GET https://lrclib.net/api/get?track_name=calling+my+phone+-+slowed+%2B+reverb&artist_name=sl%C5%8D "HTTP/1.1 404 Not Found"
HTTP Request: GET https://lrclib.net/api/get?track_name=Midnight+phonecall&artist_name=Oscaree+floyd "HTTP/1.1 404 Not Found"
HTTP Request: GET https://lrclib.net/api/get?track_name=No+Good&artist_name=Juice+WRLD "HTTP/1.1 200 OK"
HTTP Request: GET https://lrclib.net/api/get?track_name=D.M.B.&artist_name=A%24AP+Rocky "HTTP/1.1 200 OK"
HTTP Request: GET https://lrclib.net/api/get?track_name=Phone+Away&artist_name=Monoir "HTTP/1.1 200 OK"
HTTP Request: GET https://lrclib.net/api/get?track_name=All+The+Things+Left+Unsaid&artist_name=Milena+Noir "HTTP/1.1 404 Not Found"
HTTP Request: GET https://lrclib.net/api/get?track_name=Nectar+Of+The+Gods&artist_name=Lana+Del+Rey "HTTP/1.1 200 OK"
HTTP Request: GET https://lrclib.net/api/get?track_name=best+worst+friend&artist_name=seba+chang "HTTP/1.1 404 Not Found"
HTTP Request: GET https://lrclib.net/api/get?track_name=Kill+City+Kid&artist_name=Brother+Firetribe "HTTP/1.1 200 OK"
HTTP Request: GET https://lrclib.net/api/get?track_name=Peter+Pan+%28feat.+Liilz%29&artist_name=Prinz "HTTP/1.1 200 OK"
HTTP Request: GET https://lrclib.net/api/get?track_name=I%27m+Fine&artist_name=iMarkB "HTTP/1.1 404 Not Found"
HTTP Request: GET https://lrclib.net/api/get?track_name=D.D.&artist_name=The+Weeknd "HTTP/1.1 200 OK"
HTTP Request: GET https://lrclib.net/api/get?track_name=Phone+Call&artist_name=Saphores "HTTP/1.1 404 Not Found"
HTTP Request: GET https://lrclib.net/api/get?track_name=Phone&artist_name=Sav+Kalipez "HTTP/1.1 404 Not Found"
HTTP Request: GET https://lrclib.net/api/get?track_name=Midnight+phone+call&artist_name=white+wolf "HTTP/1.1 404 Not Found"
HTTP Request: GET https://lrclib.net/api/get?track_name=Call+Me+Back+%28feat.+T-Pain+%26+Lil+Jon%29&artist_name=Kehlani "HTTP/1.1 200 OK"
HTTP Request: GET https://lrclib.net/api/get?track_name=A+Step+Towards+Fame&artist_name=grim+anise "HTTP/1.1 404 Not Found"
HTTP Request: GET https://lrclib.net/api/get?track_name=5%2F5+%28Playstation%29&artist_name=Braddo "HTTP/1.1 404 Not Found"
HTTP Request: GET https://lrclib.net/api/get?track_name=6up+5oh+Cop-Out+%28Pro+%2F+Con%29&artist_name=Will+Wood+and+the+Tapeworms "HTTP/1.1 200 OK"
HTTP Request: GET https://lrclib.net/api/get?track_name=DND+PE+PHONE&artist_name=Dxvta "HTTP/1.1 404 Not Found"
HTTP Request: GET https://lrclib.net/api/get?track_name=Call+My+Phone...+-+Sped+Up&artist_name=Langston+Doobs "HTTP/1.1 404 Not Found"
HTTP Request: GET https://lrclib.net/api/get?track_name=Seasons&artist_name=JaeyBxrd "HTTP/1.1 200 OK"
HTTP Request: GET https://lrclib.net/api/get?track_name=Nonchalant&artist_name=Digga "HTTP/1.1 200 OK"
HTTP Request: GET https://lrclib.net/api/get?track_name=Missed+Calls&artist_name=PravZ "HTTP/1.1 404 Not Found"
HTTP Request: GET https://lrclib.net/api/get?track_name=Phone+Calls&artist_name=L%C5%8D-f%C3%BFkk%C3%B8 "HTTP/1.1 404 Not Found"
HTTP Request: GET https://lrclib.net/api/get?track_name=Pushed+Out&artist_name=The+Tradesmen "HTTP/1.1 404 Not Found"
Processing request of type CallToolRequest
HTTP Request: GET https://api.spotify.com/v1/search?q=middle+of+the+night+call+phone&type=track&limit=10&offset=0 "HTTP/1.1 200 OK"
HTTP Request: GET https://api.spotify.com/v1/search?q=middle+of+the+night+call+phone&type=track&limit=10&offset=10 "HTTP/1.1 200 OK"
HTTP Request: GET https://api.spotify.com/v1/search?q=middle+of+the+night+call+phone&type=track&limit=10&offset=20 "HTTP/1.1 200 OK"
HTTP Request: GET https://api.spotify.com/v1/search?q=middle+of+the+night+call+phone&type=track&limit=10&offset=30 "HTTP/1.1 200 OK"
HTTP Request: GET https://api.spotify.com/v1/search?q=middle+of+the+night+call+phone&type=track&limit=10&offset=40 "HTTP/1.1 200 OK"
HTTP Request: GET https://lrclib.net/api/get?track_name=You+Belong+With+Me+%28Taylor%E2%80%99s+Version%29&artist_name=Taylor+Swift "HTTP/1.1 200 OK"
HTTP Request: GET https://lrclib.net/api/get?track_name=MIDDLE+OF+THE+NIGHT&artist_name=Elley+Duh%C3%A9 "HTTP/1.1 200 OK"
HTTP Request: GET https://lrclib.net/api/get?track_name=All+Too+Well+%2810+Minute+Version%29+%28Taylor%27s+Version%29+%28From+The+Vault%29&artist_name=Taylor+Swift "HTTP/1.1 200 OK"
HTTP Request: GET https://lrclib.net/api/get?track_name=Hotline+Bling&artist_name=Drake "HTTP/1.1 200 OK"
HTTP Request: GET https://lrclib.net/api/get?track_name=OUT+OF+TOWN&artist_name=EXP "HTTP/1.1 404 Not Found"
HTTP Request: GET https://lrclib.net/api/get?track_name=forever+and+a+day&artist_name=Gabe+Watkins "HTTP/1.1 200 OK"
HTTP Request: GET https://lrclib.net/api/get?track_name=Calling+My+Phone&artist_name=Lil+Tjay "HTTP/1.1 200 OK"
HTTP Request: GET https://lrclib.net/api/get?track_name=Hotline+Bling&artist_name=Drake "HTTP/1.1 200 OK"
HTTP Request: GET https://lrclib.net/api/get?track_name=Lonely&artist_name=Akon "HTTP/1.1 200 OK"
HTTP Request: GET https://lrclib.net/api/get?track_name=%E6%B7%B1%E5%A4%9C%E3%81%AB%E3%81%8B%E3%81%8B%E3%81%A3%E3%81%A6%E3%81%8D%E3%81%9F%E9%9B%BB%E8%A9%B1&artist_name=%E5%B2%A1%E6%9C%AC+%E5%81%A5%E5%8F%B8 "HTTP/1.1 404 Not Found"
HTTP Request: GET https://lrclib.net/api/get?track_name=%E6%B7%B1%E5%A4%9C%E3%81%AB%E3%81%8B%E3%81%8B%E3%81%A3%E3%81%A6%E3%81%8D%E3%81%9F%E9%9B%BB%E8%A9%B1+2&artist_name=%E5%B2%A1%E6%9C%AC+%E5%81%A5%E5%8F%B8 "HTTP/1.1 404 Not Found"
HTTP Request: GET https://lrclib.net/api/get?track_name=This+is+what+the+drugs+are+for&artist_name=Gracie+Abrams "HTTP/1.1 200 OK"
HTTP Request: GET https://lrclib.net/api/get?track_name=Phone+Numbers&artist_name=Dominic+Fike "HTTP/1.1 200 OK"
HTTP Request: GET https://lrclib.net/api/get?track_name=Go+Crazy&artist_name=Chris+Brown "HTTP/1.1 200 OK"
HTTP Request: GET https://lrclib.net/api/get?track_name=Opportunity&artist_name=Edmundo+Ros+%26+His+Orchestra "HTTP/1.1 404 Not Found"
HTTP Request: GET https://lrclib.net/api/get?track_name=Old+Phone+%28Ringtone%29&artist_name=Ringtone+Hits "HTTP/1.1 404 Not Found"
HTTP Request: GET https://lrclib.net/api/get?track_name=Turn+Off+The+Phone&artist_name=ycid "HTTP/1.1 404 Not Found"
HTTP Request: GET https://lrclib.net/api/get?track_name=I+Am+Not+a+Real+Pathologist&artist_name=Prairie+Dog "HTTP/1.1 404 Not Found"
HTTP Request: GET https://lrclib.net/api/get?track_name=Curious&artist_name=Ramona+Blue "HTTP/1.1 404 Not Found"
HTTP Request: GET https://lrclib.net/api/get?track_name=Greenlight&artist_name=Kiggy+and+Yenxi "HTTP/1.1 404 Not Found"
HTTP Request: GET https://lrclib.net/api/get?track_name=Girls+Just+Want+to+Have+Fun&artist_name=Cyndi+Lauper "HTTP/1.1 200 OK"
HTTP Request: GET https://lrclib.net/api/get?track_name=She%27s+Not+Afraid&artist_name=One+Direction "HTTP/1.1 200 OK"
HTTP Request: GET https://lrclib.net/api/get?track_name=Bhool+Bhulaiyaa&artist_name=Pritam "HTTP/1.1 404 Not Found"
HTTP Request: GET https://lrclib.net/api/get?track_name=You+Belong+With+Me&artist_name=Taylor+Swift "HTTP/1.1 200 OK"
HTTP Request: GET https://lrclib.net/api/get?track_name=the+way&artist_name=miri+tesfazion "HTTP/1.1 404 Not Found"
HTTP Request: GET https://lrclib.net/api/get?track_name=Dear+Luna+II&artist_name=nikmoody "HTTP/1.1 404 Not Found"
HTTP Request: GET https://lrclib.net/api/get?track_name=Our+Velocity&artist_name=Maximo+Park "HTTP/1.1 200 OK"
HTTP Request: GET https://lrclib.net/api/get?track_name=Old+Phone+Ringing&artist_name=Sweet+Fret "HTTP/1.1 404 Not Found"
HTTP Request: GET https://lrclib.net/api/get?track_name=Iphone+Ringtune&artist_name=Ro+Ryon "HTTP/1.1 404 Not Found"
HTTP Request: GET https://lrclib.net/api/get?track_name=IPHONE+ALARM+FUNK&artist_name=bear+bear+%26+friends "HTTP/1.1 404 Not Found"
HTTP Request: GET https://lrclib.net/api/get?track_name=Middle+of+the+Night&artist_name=The+Clovers "HTTP/1.1 200 OK"
HTTP Request: GET https://lrclib.net/api/get?track_name=MIDDLE+OF+THE+NIGHT&artist_name=MONSTA+X "HTTP/1.1 200 OK"
HTTP Request: GET https://lrclib.net/api/get?track_name=Pink+Friday+Girls&artist_name=Nicki+Minaj "HTTP/1.1 200 OK"
HTTP Request: GET https://lrclib.net/api/get?track_name=All+Too+Well+%28Taylor%27s+Version%29&artist_name=Taylor+Swift "HTTP/1.1 200 OK"
HTTP Request: GET https://lrclib.net/api/get?track_name=When+All+is+Said+and+Done&artist_name=Toni+Childs "HTTP/1.1 404 Not Found"
HTTP Request: GET https://lrclib.net/api/get?track_name=Our+Velocity&artist_name=Maximo+Park "HTTP/1.1 200 OK"
HTTP Request: GET https://lrclib.net/api/get?track_name=Cell+Phone+Ringing+-+Sound+Effect&artist_name=Beats+by+Talent "HTTP/1.1 404 Not Found"
HTTP Request: GET https://lrclib.net/api/get?track_name=Phone+Call&artist_name=Jokhay "HTTP/1.1 404 Not Found"
HTTP Request: GET https://lrclib.net/api/get?track_name=Cell+Phone+Speaker+Cleaning+Sound&artist_name=nBeats "HTTP/1.1 404 Not Found"
HTTP Request: GET https://lrclib.net/api/get?track_name=calling+my+phone+-+slowed+%2B+reverb&artist_name=sl%C5%8D "HTTP/1.1 404 Not Found"
HTTP Request: GET https://lrclib.net/api/get?track_name=Girls+Just+Want+to+Have+Fun&artist_name=Cyndi+Lauper "HTTP/1.1 200 OK"
HTTP Request: GET https://lrclib.net/api/get?track_name=Nevermind&artist_name=JEVI "HTTP/1.1 404 Not Found"
HTTP Request: GET https://lrclib.net/api/get?track_name=The+Night&artist_name=Noise+Killers "HTTP/1.1 404 Not Found"
HTTP Request: GET https://lrclib.net/api/get?track_name=Lonely&artist_name=Akon "HTTP/1.1 200 OK"
HTTP Request: GET https://lrclib.net/api/get?track_name=All+Too+Well+%2810+Minute+Version%29+%28Taylor%27s+Version%29+%28From+The+Vault%29&artist_name=Taylor+Swift "HTTP/1.1 200 OK"
HTTP Request: GET https://lrclib.net/api/get?track_name=Lonely&artist_name=Akon "HTTP/1.1 200 OK"
HTTP Request: GET https://lrclib.net/api/get?track_name=Phone+Calls&artist_name=Yatta+Bandz "HTTP/1.1 200 OK"
HTTP Request: GET https://lrclib.net/api/get?track_name=IPhone+Ringtone+Trap+-+Remix&artist_name=Jasser+Labidi "HTTP/1.1 200 OK"
HTTP Request: GET https://lrclib.net/api/get?track_name=Old+Telephone+Ring&artist_name=The+Ringtones "HTTP/1.1 404 Not Found"
HTTP Request: GET https://lrclib.net/api/get?track_name=Wrong+Turn+Friday+Night&artist_name=Backstage+615+Studio "HTTP/1.1 404 Not Found"
C:\Users\91626\OneDrive - Manipal Academy of Higher Education\Desktop\projects\spotify-agent\spot\Lib\site-packages\pydantic_settings\sources\utils.py:47: IncompleteFieldDefinitionWarning: Field 'lifespan' has an incomplete definition: its annotation contains an unresolved forward reference, so settings sources may fail to correctly resolve its value. Call `model_rebuild()` on the model where the field is defined, once all the referenced types are defined.
  warnings.warn(
Processing request of type ListToolsRequest
Processing request of type CallToolRequest
HTTP Request: POST https://accounts.spotify.com/api/token "HTTP/1.1 200 OK"
HTTP Request: GET https://api.spotify.com/v1/me/player/recently-played?limit=20 "HTTP/1.1 200 OK"
HTTP Request: GET https://lrclib.net/api/get?track_name=Two+Ghosts&artist_name=Harry+Styles "HTTP/1.1 200 OK"
HTTP Request: GET https://lrclib.net/api/get?track_name=Golden&artist_name=Harry+Styles "HTTP/1.1 200 OK"
HTTP Request: GET https://lrclib.net/api/get?track_name=Back+To+You&artist_name=Selena+Gomez "HTTP/1.1 200 OK"
HTTP Request: GET https://lrclib.net/api/get?track_name=Starman+-+2012+Remaster&artist_name=David+Bowie "HTTP/1.1 200 OK"
HTTP Request: GET https://lrclib.net/api/get?track_name=Tum+-+Version&artist_name=Javed+Ali "HTTP/1.1 200 OK"
HTTP Request: GET https://lrclib.net/api/get?track_name=O+Meri+Laila&artist_name=Atif+Aslam "HTTP/1.1 200 OK"
HTTP Request: GET https://lrclib.net/api/get?track_name=So+Long+Sad+Songs&artist_name=CAIN "HTTP/1.1 200 OK"
HTTP Request: GET https://lrclib.net/api/get?track_name=This+Is+Home&artist_name=Cavetown "HTTP/1.1 200 OK"
HTTP Request: GET https://lrclib.net/api/get?track_name=bored+like+me+%28demo%29&artist_name=dodie "HTTP/1.1 200 OK"
HTTP Request: GET https://lrclib.net/api/get?track_name=Pigeon&artist_name=Cavetown "HTTP/1.1 200 OK"
C:\Users\91626\OneDrive - Manipal Academy of Higher Education\Desktop\projects\spotify-agent\spot\Lib\site-packages\pydantic_settings\sources\utils.py:47: IncompleteFieldDefinitionWarning: Field 'lifespan' has an incomplete definition: its annotation contains an unresolved forward reference, so settings sources may fail to correctly resolve its value. Call `model_rebuild()` on the model where the field is defined, once all the referenced types are defined.
  warnings.warn(
Processing request of type ListToolsRequest
C:\Users\91626\OneDrive - Manipal Academy of Higher Education\Desktop\projects\spotify-agent\spot\Lib\site-packages\pydantic_settings\sources\utils.py:47: IncompleteFieldDefinitionWarning: Field 'lifespan' has an incomplete definition: its annotation contains an unresolved forward reference, so settings sources may fail to correctly resolve its value. Call `model_rebuild()` on the model where the field is defined, once all the referenced types are defined.
  warnings.warn(
Processing request of type ListToolsRequest
Processing request of type CallToolRequest
HTTP Request: POST https://accounts.spotify.com/api/token "HTTP/1.1 200 OK"
HTTP Request: GET https://api.spotify.com/v1/search?q=dishwashing+3am+competition+kitchen&type=track&limit=10&offset=0 "HTTP/1.1 200 OK"
HTTP Request: GET https://api.spotify.com/v1/search?q=dishwashing+3am+competition+kitchen&type=track&limit=10&offset=10 "HTTP/1.1 200 OK"
HTTP Request: GET https://api.spotify.com/v1/search?q=dishwashing+3am+competition+kitchen&type=track&limit=10&offset=20 "HTTP/1.1 200 OK"
HTTP Request: GET https://api.spotify.com/v1/search?q=dishwashing+3am+competition+kitchen&type=track&limit=10&offset=30 "HTTP/1.1 200 OK"
HTTP Request: GET https://lrclib.net/api/get?track_name=Outer+Space&artist_name=Xcozso "HTTP/1.1 200 OK"
HTTP Request: GET https://lrclib.net/api/get?track_name=Sound+to+Remove+Water+from+Phone+Charging+Port&artist_name=nBeats "HTTP/1.1 404 Not Found"
HTTP Request: GET https://lrclib.net/api/get?track_name=Dishwashing+Dreams%3A+Ambient+Flow&artist_name=Dishwasher+Sounds "HTTP/1.1 404 Not Found"
HTTP Request: GET https://lrclib.net/api/get?track_name=Constitution+Street+Kid&artist_name=JackSounds "HTTP/1.1 404 Not Found"
HTTP Request: GET https://lrclib.net/api/get?track_name=For+you&artist_name=Jvbmg "HTTP/1.1 200 OK"
HTTP Request: GET https://lrclib.net/api/get?track_name=Grace&artist_name=STELLA+LEFTY "HTTP/1.1 200 OK"
HTTP Request: GET https://lrclib.net/api/get?track_name=Dishwashing+College+Graduate&artist_name=Simon+Alden "HTTP/1.1 404 Not Found"
HTTP Request: GET https://lrclib.net/api/get?track_name=BOUNCE&artist_name=Flam3Squad "HTTP/1.1 404 Not Found"
HTTP Request: GET https://lrclib.net/api/get?track_name=Pans+in+the+Kitchen&artist_name=Hopsin "HTTP/1.1 200 OK"
HTTP Request: GET https://lrclib.net/api/get?track_name=For+You&artist_name=Jvbmg "HTTP/1.1 200 OK"
HTTP Request: GET https://lrclib.net/api/get?track_name=Dishwashing+Gloves&artist_name=ASMR+Zeitgeist "HTTP/1.1 404 Not Found"
HTTP Request: GET https://lrclib.net/api/get?track_name=Dishwashing+Gloves+%26+Sponge+and+Dolphins&artist_name=Jojo%27s+ASMR "HTTP/1.1 404 Not Found"
HTTP Request: GET https://lrclib.net/api/get?track_name=Grace&artist_name=STELLA+LEFTY "HTTP/1.1 200 OK"
HTTP Request: GET https://lrclib.net/api/get?track_name=Grace&artist_name=STELLA+LEFTY "HTTP/1.1 200 OK"
HTTP Request: GET https://lrclib.net/api/get?track_name=Breakin%27+Dishes+-+Sped+Up&artist_name=Ren "HTTP/1.1 404 Not Found"
HTTP Request: GET https://lrclib.net/api/get?track_name=Pans+in+the+Kitchen&artist_name=Hopsin "HTTP/1.1 200 OK"
HTTP Request: GET https://lrclib.net/api/get?track_name=Pans+in+the+Kitchen&artist_name=Hopsin "HTTP/1.1 200 OK"
HTTP Request: GET https://lrclib.net/api/get?track_name=I+CAN%27T+BREATHE+%28feat.+DYLN%29&artist_name=Cloud6ix "HTTP/1.1 404 Not Found"
HTTP Request: GET https://lrclib.net/api/get?track_name=Like+Me&artist_name=2+Chainz "HTTP/1.1 200 OK"
HTTP Request: GET https://lrclib.net/api/get?track_name=Dishes&artist_name=Jouspra+mc "HTTP/1.1 404 Not Found"
HTTP Request: GET https://lrclib.net/api/get?track_name=Dishwasher+-+Automatic+Dishwasher%3A+Start%2C+Run%2C+Shut+off%2C+Large+Household+Appliances&artist_name=Sound+Effects+Library "HTTP/1.1 404 Not Found"
HTTP Request: GET https://lrclib.net/api/get?track_name=Organizing+the+Dishes&artist_name=Katie+Anne+Relaxing+Triggers "HTTP/1.1 404 Not Found"
HTTP Request: GET https://lrclib.net/api/get?track_name=Dishwasher+Drone%3A+36+Minutes+of+Soothing+Dishwasher+Ambience&artist_name=groundsounds "HTTP/1.1 404 Not Found"
HTTP Request: GET https://lrclib.net/api/get?track_name=Grace&artist_name=STELLA+LEFTY "HTTP/1.1 200 OK"
HTTP Request: GET https://lrclib.net/api/get?track_name=Dishwasher+04&artist_name=Sleep+Sounds+HD "HTTP/1.1 404 Not Found"
HTTP Request: GET https://lrclib.net/api/get?track_name=Elite+Cypher&artist_name=Xco "HTTP/1.1 404 Not Found"
HTTP Request: GET https://lrclib.net/api/get?track_name=I%27m+Different&artist_name=2+Chainz "HTTP/1.1 200 OK"
HTTP Request: GET https://lrclib.net/api/get?track_name=No+hate+No+love&artist_name=Bibo "HTTP/1.1 404 Not Found"
HTTP Request: GET https://lrclib.net/api/get?track_name=Familiar+Scent&artist_name=Christoforos "HTTP/1.1 404 Not Found"
HTTP Request: GET https://lrclib.net/api/get?track_name=Cake&artist_name=RonnyDaBratt "HTTP/1.1 404 Not Found"
HTTP Request: GET https://lrclib.net/api/get?track_name=Washing+Dishes&artist_name=Jack+Johnson "HTTP/1.1 200 OK"
HTTP Request: GET https://lrclib.net/api/get?track_name=Dishwashing+Gloves&artist_name=ASMR+Zeitgeist "HTTP/1.1 404 Not Found"
HTTP Request: GET https://lrclib.net/api/get?track_name=Dishes+-+acoustic&artist_name=Ovven "HTTP/1.1 404 Not Found"
HTTP Request: GET https://lrclib.net/api/get?track_name=Dishwasher+11&artist_name=Babysounds "HTTP/1.1 404 Not Found"
HTTP Request: GET https://lrclib.net/api/get?track_name=Elite+Cypher&artist_name=Xco "HTTP/1.1 404 Not Found"
HTTP Request: GET https://lrclib.net/api/get?track_name=Spaceship&artist_name=Xavier+Stone "HTTP/1.1 404 Not Found"
HTTP Request: GET https://lrclib.net/api/get?track_name=Clothes+Washer+-+For+Sleep+%28Loopable+no+fade%29&artist_name=Dream+Supplier "HTTP/1.1 404 Not Found"
HTTP Request: GET https://lrclib.net/api/get?track_name=PULP+-+REMIX&artist_name=King+Tee "HTTP/1.1 404 Not Found"
HTTP Request: GET https://lrclib.net/api/get?track_name=Warfare&artist_name=Merkules "HTTP/1.1 200 OK"
HTTP Request: GET https://lrclib.net/api/get?track_name=The+Chop+Shop&artist_name=Twisted+Insane "HTTP/1.1 200 OK"
Processing request of type CallToolRequest
HTTP Request: GET https://api.spotify.com/v1/search?q=dishes+night+kitchen&type=track&limit=10&offset=0 "HTTP/1.1 200 OK"
HTTP Request: GET https://api.spotify.com/v1/search?q=dishes+night+kitchen&type=track&limit=10&offset=10 "HTTP/1.1 200 OK"
HTTP Request: GET https://api.spotify.com/v1/search?q=dishes+night+kitchen&type=track&limit=10&offset=20 "HTTP/1.1 200 OK"
HTTP Request: GET https://api.spotify.com/v1/search?q=dishes+night+kitchen&type=track&limit=10&offset=30 "HTTP/1.1 200 OK"
HTTP Request: GET https://api.spotify.com/v1/search?q=dishes+night+kitchen&type=track&limit=10&offset=40 "HTTP/1.1 200 OK"
HTTP Request: GET https://lrclib.net/api/get?track_name=Morning%2C+Noon+and+Night&artist_name=Big+Joe+Turner "HTTP/1.1 200 OK"
HTTP Request: GET https://lrclib.net/api/get?track_name=The+Middle&artist_name=Zedd "HTTP/1.1 200 OK"
HTTP Request: GET https://lrclib.net/api/get?track_name=Breakin%27+Dishes&artist_name=Rihanna "HTTP/1.1 200 OK"
HTTP Request: GET https://lrclib.net/api/get?track_name=Novacane&artist_name=Frank+Ocean "HTTP/1.1 200 OK"
HTTP Request: GET https://lrclib.net/api/get?track_name=Morning%2C+Noon+and+Night&artist_name=Big+Joe+Turner "HTTP/1.1 200 OK"
HTTP Request: GET https://lrclib.net/api/get?track_name=All+Too+Well+%2810+Minute+Version%29+%28Taylor%27s+Version%29+%28From+The+Vault%29&artist_name=Taylor+Swift "HTTP/1.1 200 OK"
HTTP Request: GET https://lrclib.net/api/get?track_name=Morning%2C+Noon+and+Night&artist_name=Big+Joe+Turner "HTTP/1.1 200 OK"
HTTP Request: GET https://lrclib.net/api/get?track_name=Last+Nights+Dishes&artist_name=Jazz+In+The+Kitchen "HTTP/1.1 404 Not Found"
HTTP Request: GET https://lrclib.net/api/get?track_name=Morning%2C+Noon+and+Night&artist_name=Big+Joe+Turner "HTTP/1.1 200 OK"
HTTP Request: GET https://lrclib.net/api/get?track_name=All+Too+Well+%2810+Minute+Version%29+%28Taylor%27s+Version%29+%28From+The+Vault%29&artist_name=Taylor+Swift "HTTP/1.1 200 OK"
HTTP Request: GET https://lrclib.net/api/get?track_name=Morning%2C+Noon+and+Night&artist_name=Big+Joe+Turner "HTTP/1.1 200 OK"
HTTP Request: GET https://lrclib.net/api/get?track_name=Kitchen&artist_name=SZA "HTTP/1.1 200 OK"
HTTP Request: GET https://lrclib.net/api/get?track_name=Mirchi&artist_name=DIVINE "HTTP/1.1 200 OK"
HTTP Request: GET https://lrclib.net/api/get?track_name=Mirchi&artist_name=DIVINE "HTTP/1.1 200 OK"
HTTP Request: GET https://lrclib.net/api/get?track_name=Kitchen&artist_name=SZA "HTTP/1.1 200 OK"
HTTP Request: GET https://lrclib.net/api/get?track_name=Morning%2C+Noon+and+Night&artist_name=Big+Joe+Turner "HTTP/1.1 200 OK"
HTTP Request: GET https://lrclib.net/api/get?track_name=Morning%2C+Noon+and+Night&artist_name=Big+Joe+Turner "HTTP/1.1 200 OK"
HTTP Request: GET https://lrclib.net/api/get?track_name=Morning%2C+Noon+and+Night&artist_name=Big+Joe+Turner "HTTP/1.1 200 OK"
HTTP Request: GET https://lrclib.net/api/get?track_name=Kitchen+Disco+Queen&artist_name=Billy+Sharp "HTTP/1.1 404 Not Found"
HTTP Request: GET https://lrclib.net/api/get?track_name=Sound+to+Remove+Water+from+Phone+Charging+Port&artist_name=nBeats "HTTP/1.1 404 Not Found"
HTTP Request: GET https://lrclib.net/api/get?track_name=All+Too+Well+%28Taylor%27s+Version%29&artist_name=Taylor+Swift "HTTP/1.1 200 OK"
HTTP Request: GET https://lrclib.net/api/get?track_name=Who+Do+I+Call+Now%3F+%28Hellbent%29&artist_name=Sofia+Camara "HTTP/1.1 200 OK"
HTTP Request: GET https://lrclib.net/api/get?track_name=Morning%2C+Noon+and+Night&artist_name=Big+Joe+Turner "HTTP/1.1 200 OK"
HTTP Request: GET https://lrclib.net/api/get?track_name=Morning%2C+Noon+and+Night&artist_name=Big+Joe+Turner "HTTP/1.1 200 OK"
HTTP Request: GET https://lrclib.net/api/get?track_name=Morning%2C+Noon+and+Night&artist_name=Big+Joe+Turner "HTTP/1.1 200 OK"
HTTP Request: GET https://lrclib.net/api/get?track_name=Morning%2C+Noon+and+Night&artist_name=Big+Joe+Turner "HTTP/1.1 200 OK"
HTTP Request: GET https://lrclib.net/api/get?track_name=Grow+Old+With+You&artist_name=Brent+Morgan "HTTP/1.1 200 OK"
HTTP Request: GET https://lrclib.net/api/get?track_name=Breakin%27+Dishes+-+Sped+Up&artist_name=Ren "HTTP/1.1 404 Not Found"
HTTP Request: GET https://lrclib.net/api/get?track_name=dishes&artist_name=francis "HTTP/1.1 404 Not Found"
HTTP Request: GET https://lrclib.net/api/get?track_name=Dishes&artist_name=Jouspra+mc "HTTP/1.1 404 Not Found"
HTTP Request: GET https://lrclib.net/api/get?track_name=Grow+Old+With+You&artist_name=Joseph+Vincent "HTTP/1.1 200 OK"
HTTP Request: GET https://lrclib.net/api/get?track_name=Long+Live+A%24AP&artist_name=A%24AP+Rocky "HTTP/1.1 200 OK"
HTTP Request: GET https://lrclib.net/api/get?track_name=Crack+Sandwich&artist_name=JID "HTTP/1.1 200 OK"
HTTP Request: GET https://lrclib.net/api/get?track_name=Never+Hating+%28feat.+Young+Thug%29&artist_name=Lil+Baby "HTTP/1.1 200 OK"
HTTP Request: GET https://lrclib.net/api/get?track_name=Evening+Kirtan+Bliss&artist_name=Mayapuris "HTTP/1.1 404 Not Found"
HTTP Request: GET https://lrclib.net/api/get?track_name=Quantum+Physics&artist_name=Livefromthecity "HTTP/1.1 404 Not Found"
HTTP Request: GET https://lrclib.net/api/get?track_name=Quantum+Physics&artist_name=Livefromthecity "HTTP/1.1 404 Not Found"
HTTP Request: GET https://lrclib.net/api/get?track_name=Darkness+Comes+to+Light&artist_name=Jakarri "HTTP/1.1 404 Not Found"
HTTP Request: GET https://lrclib.net/api/get?track_name=Dishwashing+College+Graduate&artist_name=Simon+Alden "HTTP/1.1 404 Not Found"
HTTP Request: GET https://lrclib.net/api/get?track_name=Desi+Sunset+Sitar&artist_name=Cozy+RESTAURANT+MUSIC "HTTP/1.1 404 Not Found"
HTTP Request: GET https://lrclib.net/api/get?track_name=The+Wine+We+Drink&artist_name=Drew+Holcomb+%26+The+Neighbors "HTTP/1.1 200 OK"
HTTP Request: GET https://lrclib.net/api/get?track_name=Kitchen+Ambience+with+Doing+Dishes+by+Hand&artist_name=Digiffects+Sound+Effects+Library "HTTP/1.1 404 Not Found"
HTTP Request: GET https://lrclib.net/api/get?track_name=Icon&artist_name=Jaden "HTTP/1.1 200 OK"
HTTP Request: GET https://lrclib.net/api/get?track_name=Space+For+Two&artist_name=Mr.+Probz "HTTP/1.1 200 OK"
HTTP Request: GET https://lrclib.net/api/get?track_name=Organizing+the+Dishes&artist_name=Katie+Anne+Relaxing+Triggers "HTTP/1.1 404 Not Found"
HTTP Request: GET https://lrclib.net/api/get?track_name=Breakin%27+Dishes+%28TV+mix%29&artist_name=Party+Tyme "HTTP/1.1 404 Not Found"
HTTP Request: GET https://lrclib.net/api/get?track_name=Novacane+-+Edited+Version&artist_name=Frank+Ocean "HTTP/1.1 200 OK"
HTTP Request: GET https://lrclib.net/api/get?track_name=NBAYOUNGBOAT&artist_name=Lil+Yachty "HTTP/1.1 200 OK"
HTTP Request: GET https://lrclib.net/api/get?track_name=Clouds+as+Witnesses&artist_name=%24uicideboy%24 "HTTP/1.1 200 OK"
HTTP Request: GET https://lrclib.net/api/get?track_name=Dishes+-+acoustic&artist_name=Ovven "HTTP/1.1 404 Not Found"
C:\Users\91626\OneDrive - Manipal Academy of Higher Education\Desktop\projects\spotify-agent\spot\Lib\site-packages\pydantic_settings\sources\utils.py:47: IncompleteFieldDefinitionWarning: Field 'lifespan' has an incomplete definition: its annotation contains an unresolved forward reference, so settings sources may fail to correctly resolve its value. Call `model_rebuild()` on the model where the field is defined, once all the referenced types are defined.
  warnings.warn(
Processing request of type ListToolsRequest
Processing request of type CallToolRequest
HTTP Request: POST https://accounts.spotify.com/api/token "HTTP/1.1 200 OK"
HTTP Request: GET https://api.spotify.com/v1/search?q=rain&type=track&limit=10&offset=0 "HTTP/1.1 200 OK"
Processing request of type CallToolRequest
HTTP Request: GET https://api.spotify.com/v1/search?q=rainy+day&type=track&limit=10&offset=0 "HTTP/1.1 200 OK"
C:\Users\91626\OneDrive - Manipal Academy of Higher Education\Desktop\projects\spotify-agent\spot\Lib\site-packages\pydantic_settings\sources\utils.py:47: IncompleteFieldDefinitionWarning: Field 'lifespan' has an incomplete definition: its annotation contains an unresolved forward reference, so settings sources may fail to correctly resolve its value. Call `model_rebuild()` on the model where the field is defined, once all the referenced types are defined.
  warnings.warn(
Processing request of type ListToolsRequest
C:\Users\91626\OneDrive - Manipal Academy of Higher Education\Desktop\projects\spotify-agent\spot\Lib\site-packages\pydantic_settings\sources\utils.py:47: IncompleteFieldDefinitionWarning: Field 'lifespan' has an incomplete definition: its annotation contains an unresolved forward reference, so settings sources may fail to correctly resolve its value. Call `model_rebuild()` on the model where the field is defined, once all the referenced types are defined.
  warnings.warn(
Processing request of type ListToolsRequest
Processing request of type CallToolRequest
HTTP Request: POST https://accounts.spotify.com/api/token "HTTP/1.1 200 OK"
HTTP Request: GET https://api.spotify.com/v1/search?q=driving+away+hometown+last+time+sad&type=track&limit=10&offset=0 "HTTP/1.1 200 OK"
Processing request of type CallToolRequest
HTTP Request: GET https://api.spotify.com/v1/search?q=leaving+home+driving+away+sad&type=track&limit=10&offset=0 "HTTP/1.1 200 OK"
Processing request of type CallToolRequest
HTTP Request: GET https://api.spotify.com/v1/search?q=small+town+goodbye+road+sad&type=track&limit=10&offset=0 "HTTP/1.1 200 OK"
Processing request of type CallToolRequest
HTTP Request: GET https://api.spotify.com/v1/search?q=highway+leaving+town+windshield+sad&type=track&limit=10&offset=0 "HTTP/1.1 200 OK"
Processing request of type CallToolRequest
HTTP Request: GET https://api.spotify.com/v1/search?q=last+time+leaving+never+coming+back+sad&type=track&limit=10&offset=0 "HTTP/1.1 200 OK"
Processing request of type CallToolRequest
HTTP Request: GET https://api.spotify.com/v1/search?q=road+departure+farewell+hometown+sad&type=track&limit=10&offset=0 "HTTP/1.1 200 OK"
Processing request of type CallToolRequest
HTTP Request: GET https://api.spotify.com/v1/search?q=driving+away+from+my+hometown&type=track&limit=10&offset=0 "HTTP/1.1 200 OK"
HTTP Request: GET https://api.spotify.com/v1/search?q=driving+away+from+my+hometown&type=track&limit=10&offset=10 "HTTP/1.1 200 OK"
HTTP Request: GET https://lrclib.net/api/get?track_name=Freaks&artist_name=Surf+Curse "HTTP/1.1 200 OK"
HTTP Request: GET https://lrclib.net/api/get?track_name=we%27re+not+in+love%21%21%21%21%21&artist_name=Penny+Samar "HTTP/1.1 404 Not Found"
HTTP Request: GET https://lrclib.net/api/get?track_name=we%27re+not+in+love%21%21%21%21%21&artist_name=Penny+Samar "HTTP/1.1 404 Not Found"
HTTP Request: GET https://lrclib.net/api/get?track_name=It+Ain%27t+Me+Babe&artist_name=Bob+Dylan "HTTP/1.1 200 OK"
HTTP Request: GET https://lrclib.net/api/get?track_name=Slip+Slidin%27+Away&artist_name=Paul+Simon "HTTP/1.1 200 OK"
HTTP Request: GET https://lrclib.net/api/get?track_name=Drive+Forever+%28Slowed+%2B+Reverb%29&artist_name=slowed+down+music "HTTP/1.1 404 Not Found"
HTTP Request: GET https://lrclib.net/api/get?track_name=Edge+of+the+Earth&artist_name=The+Beaches "HTTP/1.1 200 OK"
HTTP Request: GET https://lrclib.net/api/get?track_name=Take+Me+Home&artist_name=Farhan "HTTP/1.1 200 OK"
HTTP Request: GET https://lrclib.net/api/get?track_name=Divine+-+Acoustic+Version&artist_name=Curos "HTTP/1.1 404 Not Found"
HTTP Request: GET https://lrclib.net/api/get?track_name=B.S.+%28feat.+Kehlani%29+-+Remix&artist_name=Jhen%C3%A9+Aiko "HTTP/1.1 200 OK"
HTTP Request: GET https://lrclib.net/api/get?track_name=On+The+Run&artist_name=Codee-Lee "HTTP/1.1 404 Not Found"
HTTP Request: GET https://lrclib.net/api/get?track_name=driving+home+to+you&artist_name=Gabe+Watkins "HTTP/1.1 200 OK"
HTTP Request: GET https://lrclib.net/api/get?track_name=I%27m+Coming+Home&artist_name=When+Chai+Met+Toast "HTTP/1.1 200 OK"
HTTP Request: GET https://lrclib.net/api/get?track_name=On+the+Run&artist_name=Codee-Lee "HTTP/1.1 404 Not Found"
HTTP Request: GET https://lrclib.net/api/get?track_name=On+The+Run&artist_name=Codee-Lee "HTTP/1.1 404 Not Found"
Processing request of type CallToolRequest
HTTP Request: GET https://api.spotify.com/v1/search?q=always+goodbye+hometown+wind+sad&type=track&limit=10&offset=0 "HTTP/1.1 200 OK"
Processing request of type CallToolRequest
HTTP Request: GET https://api.spotify.com/v1/search?q=departure+road+trip+nostalgia+sad&type=track&limit=10&offset=0 "HTTP/1.1 200 OK"
Processing request of type CallToolRequest
HTTP Request: GET https://api.spotify.com/v1/search?q=Windows+down+highway+leaving+sad&type=track&limit=10&offset=0 "HTTP/1.1 200 OK"
Processing request of type CallToolRequest
HTTP Request: GET https://api.spotify.com/v1/search?q=left+my+hometown+behind&type=track&limit=10&offset=0 "HTTP/1.1 200 OK"
HTTP Request: GET https://api.spotify.com/v1/search?q=left+my+hometown+behind&type=track&limit=10&offset=10 "HTTP/1.1 200 OK"
HTTP Request: GET https://lrclib.net/api/get?track_name=Drive%2C+Don%27t+Talk&artist_name=Makeout+Reef "HTTP/1.1 200 OK"
HTTP Request: GET https://lrclib.net/api/get?track_name=I+Left+My+Home&artist_name=Jonathan+Michael+Fleming "HTTP/1.1 200 OK"
HTTP Request: GET https://lrclib.net/api/get?track_name=My+Hometown+I+Left+Behind&artist_name=Lee+Su+Mi "HTTP/1.1 404 Not Found"
HTTP Request: GET https://lrclib.net/api/get?track_name=My+Hometown+Left+Behind&artist_name=Jigu+Band "HTTP/1.1 404 Not Found"
HTTP Request: GET https://lrclib.net/api/get?track_name=Hometown+Smile&artist_name=Bahjat "HTTP/1.1 200 OK"
HTTP Request: GET https://lrclib.net/api/get?track_name=Pacific+Coast+Highway+%28with+Trevor+Hall%29&artist_name=The+Hip+Abduction "HTTP/1.1 200 OK"
HTTP Request: GET https://lrclib.net/api/get?track_name=Only+Living+Girl+in+LA&artist_name=Halsey "HTTP/1.1 200 OK"
HTTP Request: GET https://lrclib.net/api/get?track_name=Crying+for+Regertful+Farewell&artist_name=Lee+Su+Mi "HTTP/1.1 404 Not Found"
HTTP Request: GET https://lrclib.net/api/get?track_name=Should+Have+Never+Left+-+Alternative&artist_name=Generic+Rockstar "HTTP/1.1 404 Not Found"
HTTP Request: GET https://lrclib.net/api/get?track_name=My+Salvation+%282022+Remastered%29&artist_name=Slavantas "HTTP/1.1 404 Not Found"
HTTP Request: GET https://lrclib.net/api/get?track_name=My+Hometown+I+Left+Behind&artist_name=Lee+Mi+Ja "HTTP/1.1 404 Not Found"
HTTP Request: GET https://lrclib.net/api/get?track_name=Hometown&artist_name=Twenty+One+Pilots "HTTP/1.1 200 OK"
HTTP Request: GET https://lrclib.net/api/get?track_name=Santa+Monica+Dream&artist_name=Angus+%26+Julia+Stone "HTTP/1.1 200 OK"
HTTP Request: GET https://lrclib.net/api/get?track_name=Cross+The+Street&artist_name=Junior+Varsity "HTTP/1.1 200 OK"
HTTP Request: GET https://lrclib.net/api/get?track_name=Here+In+My+Hometown&artist_name=Colin+Hay "HTTP/1.1 200 OK"
Processing request of type CallToolRequest
HTTP Request: GET https://api.spotify.com/v1/search?q=bittersweet+leaving+nostalgia+sad&type=track&limit=10&offset=0 "HTTP/1.1 200 OK"
Processing request of type CallToolRequest
HTTP Request: GET https://api.spotify.com/v1/search?q=farewell+road+trip+sunset+sad&type=track&limit=10&offset=0 "HTTP/1.1 200 OK"
Processing request of type CallToolRequest
HTTP Request: GET https://api.spotify.com/v1/search?q=never+coming+back+hometown&type=track&limit=10&offset=0 "HTTP/1.1 200 OK"
HTTP Request: GET https://api.spotify.com/v1/search?q=never+coming+back+hometown&type=track&limit=10&offset=10 "HTTP/1.1 200 OK"
HTTP Request: GET https://lrclib.net/api/get?track_name=Hometown&artist_name=Twenty+One+Pilots "HTTP/1.1 200 OK"
HTTP Request: GET https://lrclib.net/api/get?track_name=Day+Job&artist_name=Lei+Hope "HTTP/1.1 404 Not Found"
HTTP Request: GET https://lrclib.net/api/get?track_name=It%27s+All+Coming+Back+to+Me+Now&artist_name=C%C3%A9line+Dion "HTTP/1.1 200 OK"
HTTP Request: GET https://lrclib.net/api/get?track_name=Day+Job&artist_name=Lei+Hope "HTTP/1.1 404 Not Found"
HTTP Request: GET https://lrclib.net/api/get?track_name=Lights+Up&artist_name=Harry+Styles "HTTP/1.1 200 OK"
HTTP Request: GET https://lrclib.net/api/get?track_name=I+Lied+%28with+August+Ponthier%29&artist_name=Lord+Huron "HTTP/1.1 200 OK"
HTTP Request: GET https://lrclib.net/api/get?track_name=Hometown+Smile+-+Nightcore+Edit&artist_name=Bahjat "HTTP/1.1 200 OK"
HTTP Request: GET https://lrclib.net/api/get?track_name=To+Hometown&artist_name=mokes. "HTTP/1.1 404 Not Found"
HTTP Request: GET https://lrclib.net/api/get?track_name=hometown&artist_name=Jeremy+Zucker "HTTP/1.1 200 OK"
HTTP Request: GET https://lrclib.net/api/get?track_name=Wish+You+Were+Here&artist_name=Neck+Deep "HTTP/1.1 200 OK"
HTTP Request: GET https://lrclib.net/api/get?track_name=Around+The+World+-+DJ+Irene+Remix&artist_name=Carmen+Electra "HTTP/1.1 404 Not Found"
HTTP Request: GET https://lrclib.net/api/get?track_name=Hometown+Smile&artist_name=Bahjat "HTTP/1.1 200 OK"
HTTP Request: GET https://lrclib.net/api/get?track_name=hometown&artist_name=Jeremy+Zucker "HTTP/1.1 200 OK"
HTTP Request: GET https://lrclib.net/api/get?track_name=hometown&artist_name=cleopatrick "HTTP/1.1 200 OK"
HTTP Request: GET https://lrclib.net/api/get?track_name=Light+On&artist_name=Maggie+Rogers "HTTP/1.1 200 OK"
Processing request of type CallToolRequest
HTTP Request: GET https://api.spotify.com/v1/search?q=driving+away+never+looking+back&type=track&limit=10&offset=0 "HTTP/1.1 200 OK"
HTTP Request: GET https://api.spotify.com/v1/search?q=driving+away+never+looking+back&type=track&limit=10&offset=10 "HTTP/1.1 200 OK"
HTTP Request: GET https://lrclib.net/api/get?track_name=Sodom+and+Gomorrah&artist_name=Dm60 "HTTP/1.1 404 Not Found"
HTTP Request: GET https://lrclib.net/api/get?track_name=Holy+Ground+%28Taylor%27s+Version%29&artist_name=Taylor+Swift "HTTP/1.1 200 OK"
HTTP Request: GET https://lrclib.net/api/get?track_name=To+The+Curb&artist_name=The+Ruddy+Ruckus "HTTP/1.1 404 Not Found"
HTTP Request: GET https://lrclib.net/api/get?track_name=On+My+Own&artist_name=Brady "HTTP/1.1 200 OK"
HTTP Request: GET https://lrclib.net/api/get?track_name=First+Love&artist_name=Neighbour+Andy "HTTP/1.1 200 OK"
HTTP Request: GET https://lrclib.net/api/get?track_name=Jezebel&artist_name=Lois+Gillespie "HTTP/1.1 404 Not Found"
HTTP Request: GET https://lrclib.net/api/get?track_name=One+Kiss+X+I+Was+Never+There&artist_name=Farizki "HTTP/1.1 404 Not Found"
HTTP Request: GET https://lrclib.net/api/get?track_name=When+I+Get+Old&artist_name=Christopher "HTTP/1.1 200 OK"
HTTP Request: GET https://lrclib.net/api/get?track_name=Drive+Forever+%28Slowed+%2B+Reverb%29&artist_name=slowed+down+music "HTTP/1.1 404 Not Found"
HTTP Request: GET https://lrclib.net/api/get?track_name=Car+Wreck+%28feat.+Have+A+Nice+Life%29&artist_name=Bear+Hands "HTTP/1.1 200 OK"
HTTP Request: GET https://lrclib.net/api/get?track_name=Driving+Slow&artist_name=Badshah "HTTP/1.1 200 OK"
HTTP Request: GET https://lrclib.net/api/get?track_name=Drive&artist_name=Ed+Sheeran "HTTP/1.1 200 OK"
HTTP Request: GET https://lrclib.net/api/get?track_name=I+Never+Knew&artist_name=Prateek+Kuhad "HTTP/1.1 200 OK"
HTTP Request: GET https://lrclib.net/api/get?track_name=Dr+Driving+-+Orijinal&artist_name=Muhammed+Soylu "HTTP/1.1 404 Not Found"
HTTP Request: GET https://lrclib.net/api/get?track_name=His+Car+Isn%27t+Yours&artist_name=WENDY "HTTP/1.1 200 OK"
Processing request of type CallToolRequest
HTTP Request: GET https://api.spotify.com/v1/search?q=moving+on+from+hometown+memories+sad&type=track&limit=10&offset=0 "HTTP/1.1 200 OK"
Processing request of type CallToolRequest
HTTP Request: GET https://api.spotify.com/v1/search?q=hometown+leaving+road&type=track&limit=10&offset=0 "HTTP/1.1 200 OK"
HTTP Request: GET https://api.spotify.com/v1/search?q=hometown+leaving+road&type=track&limit=10&offset=10 "HTTP/1.1 200 OK"
HTTP Request: GET https://lrclib.net/api/get?track_name=I%27m+Still+Standing&artist_name=Elton+John "HTTP/1.1 200 OK"
HTTP Request: GET https://lrclib.net/api/get?track_name=hometown&artist_name=Jeremy+Zucker "HTTP/1.1 200 OK"
HTTP Request: GET https://lrclib.net/api/get?track_name=Hometown+Smile&artist_name=Bahjat "HTTP/1.1 200 OK"
HTTP Request: GET https://lrclib.net/api/get?track_name=Hometown&artist_name=Twenty+One+Pilots "HTTP/1.1 200 OK"
HTTP Request: GET https://lrclib.net/api/get?track_name=Heartless&artist_name=Kanye+West "HTTP/1.1 200 OK"
HTTP Request: GET https://lrclib.net/api/get?track_name=%E2%80%98tis+the+damn+season&artist_name=Taylor+Swift "HTTP/1.1 200 OK"
HTTP Request: GET https://lrclib.net/api/get?track_name=Carry+You+Home+%28feat.+Ella+Henderson%29&artist_name=Alex+Warren "HTTP/1.1 200 OK"
HTTP Request: GET https://lrclib.net/api/get?track_name=I%27m+on+My+Way&artist_name=The+Proclaimers "HTTP/1.1 200 OK"
HTTP Request: GET https://lrclib.net/api/get?track_name=Leave-Me-Town&artist_name=The+Cumberland+River+Project "HTTP/1.1 404 Not Found"
HTTP Request: GET https://lrclib.net/api/get?track_name=On+the+Road+-+Live&artist_name=Dr.+Skull "HTTP/1.1 200 OK"
HTTP Request: GET https://lrclib.net/api/get?track_name=hometown&artist_name=Jeremy+Zucker "HTTP/1.1 200 OK"
HTTP Request: GET https://lrclib.net/api/get?track_name=Born+to+Run&artist_name=Miss+Madison "HTTP/1.1 404 Not Found"
HTTP Request: GET https://lrclib.net/api/get?track_name=Hometown+Smile+-+Nightcore+Edit&artist_name=Bahjat "HTTP/1.1 200 OK"
HTTP Request: GET https://lrclib.net/api/get?track_name=Hometown+Glory&artist_name=Adele "HTTP/1.1 200 OK"
HTTP Request: GET https://lrclib.net/api/get?track_name=Song+to+Woody&artist_name=Bob+Dylan "HTTP/1.1 200 OK"
Processing request of type CallToolRequest
HTTP Request: GET https://api.spotify.com/v1/search?q=driving+leaving+hometown&type=track&limit=10&offset=0 "HTTP/1.1 200 OK"
HTTP Request: GET https://api.spotify.com/v1/search?q=driving+leaving+hometown&type=track&limit=10&offset=10 "HTTP/1.1 200 OK"
HTTP Request: GET https://lrclib.net/api/get?track_name=Leaving+Home&artist_name=Indian+Ocean "HTTP/1.1 200 OK"
HTTP Request: GET https://lrclib.net/api/get?track_name=I+Know+The+End&artist_name=Phoebe+Bridgers "HTTP/1.1 200 OK"
HTTP Request: GET https://lrclib.net/api/get?track_name=feel+anything&artist_name=vaultboy "HTTP/1.1 200 OK"
HTTP Request: GET https://lrclib.net/api/get?track_name=90210+%28feat.+Kacy+Hill%29&artist_name=Travis+Scott "HTTP/1.1 200 OK"
HTTP Request: GET https://lrclib.net/api/get?track_name=Drive&artist_name=Jake+Evan "HTTP/1.1 404 Not Found"
HTTP Request: GET https://lrclib.net/api/get?track_name=Drive&artist_name=Jake+Evan "HTTP/1.1 404 Not Found"
HTTP Request: GET https://lrclib.net/api/get?track_name=Godfather&artist_name=Analog+Trickery "HTTP/1.1 404 Not Found"
HTTP Request: GET https://lrclib.net/api/get?track_name=90210+%28feat.+Kacy+Hill%29&artist_name=Travis+Scott "HTTP/1.1 200 OK"
HTTP Request: GET https://lrclib.net/api/get?track_name=Alone&artist_name=Nico+Collins "HTTP/1.1 200 OK"
HTTP Request: GET https://lrclib.net/api/get?track_name=leaving+the+city&artist_name=cold+heart "HTTP/1.1 404 Not Found"
HTTP Request: GET https://lrclib.net/api/get?track_name=Bedroom+Floor&artist_name=Sydney+Rose "HTTP/1.1 200 OK"
HTTP Request: GET https://lrclib.net/api/get?track_name=Drive+Away&artist_name=Marlhy "HTTP/1.1 404 Not Found"
HTTP Request: GET https://lrclib.net/api/get?track_name=driving+home+to+you&artist_name=Gabe+Watkins "HTTP/1.1 200 OK"
HTTP Request: GET https://lrclib.net/api/get?track_name=Young+%26+Dumb+%28feat.+Simple+Plan%29&artist_name=Avril+Lavigne "HTTP/1.1 200 OK"
HTTP Request: GET https://lrclib.net/api/get?track_name=On+The+Run&artist_name=Codee-Lee "HTTP/1.1 404 Not Found"
C:\Users\91626\OneDrive - Manipal Academy of Higher Education\Desktop\projects\spotify-agent\spot\Lib\site-packages\pydantic_settings\sources\utils.py:47: IncompleteFieldDefinitionWarning: Field 'lifespan' has an incomplete definition: its annotation contains an unresolved forward reference, so settings sources may fail to correctly resolve its value. Call `model_rebuild()` on the model where the field is defined, once all the referenced types are defined.
  warnings.warn(
Processing request of type ListToolsRequest
Processing request of type CallToolRequest
HTTP Request: POST https://accounts.spotify.com/api/token "HTTP/1.1 200 OK"
HTTP Request: GET https://api.spotify.com/v1/search?q=calling+you+at+2am&type=track&limit=10&offset=0 "HTTP/1.1 200 OK"
HTTP Request: GET https://api.spotify.com/v1/search?q=calling+you+at+2am&type=track&limit=10&offset=10 "HTTP/1.1 200 OK"
HTTP Request: GET https://api.spotify.com/v1/search?q=calling+you+at+2am&type=track&limit=10&offset=20 "HTTP/1.1 200 OK"
HTTP Request: GET https://lrclib.net/api/get?track_name=Calling+You+At+2AM&artist_name=BEW313+PRODUCTION "HTTP/1.1 404 Not Found"
HTTP Request: GET https://lrclib.net/api/get?track_name=Callin%27+U+%28Tamally+Maak%29&artist_name=Elyanna "HTTP/1.1 200 OK"
HTTP Request: GET https://lrclib.net/api/get?track_name=hell+of+a+good+time&artist_name=Haiden+Henderson "HTTP/1.1 200 OK"
HTTP Request: GET https://lrclib.net/api/get?track_name=you+calling+at+2AM&artist_name=%EB%AC%B8%EB%82%98%EC%9E%87%ED%94%8C%EB%A6%AC "HTTP/1.1 404 Not Found"
HTTP Request: GET https://lrclib.net/api/get?track_name=Sammy&artist_name=L%27Andreea "HTTP/1.1 404 Not Found"
HTTP Request: GET https://lrclib.net/api/get?track_name=Calling+You+at+2AM&artist_name=TEARLY+SUNO "HTTP/1.1 404 Not Found"
HTTP Request: GET https://lrclib.net/api/get?track_name=Right+My+Wrongs&artist_name=Bryson+Tiller "HTTP/1.1 200 OK"
HTTP Request: GET https://lrclib.net/api/get?track_name=God%2C+It%E2%80%99s+Me+Again&artist_name=NoThingz "HTTP/1.1 200 OK"
HTTP Request: GET https://lrclib.net/api/get?track_name=Calling+Just+to+Hear+Silence&artist_name=I%E2%80%99ll+Still+Call+You+at+2AM "HTTP/1.1 404 Not Found"
HTTP Request: GET https://lrclib.net/api/get?track_name=NO+PLANS&artist_name=LAVISH "HTTP/1.1 404 Not Found"
HTTP Request: GET https://lrclib.net/api/get?track_name=2am&artist_name=Luke+Hunter "HTTP/1.1 404 Not Found"
HTTP Request: GET https://lrclib.net/api/get?track_name=Call+Us+At+2AM&artist_name=J "HTTP/1.1 404 Not Found"
HTTP Request: GET https://lrclib.net/api/get?track_name=Telephone+Medley+%28Calling+You%2FMr.+Telephone+Man%2FHow+Come+You+Don%27t+Call+Me+Anymore%3F%2F534-5789%29+-+Live&artist_name=Ladies+of+Soul "HTTP/1.1 404 Not Found"
HTTP Request: GET https://lrclib.net/api/get?track_name=Calling+U+x+Tamally+Maak+-+Remix&artist_name=DIER "HTTP/1.1 404 Not Found"
HTTP Request: GET https://lrclib.net/api/get?track_name=2AM&artist_name=Mellina+Tey "HTTP/1.1 200 OK"
HTTP Request: GET https://lrclib.net/api/get?track_name=Rouge&artist_name=Bennett+Coast "HTTP/1.1 200 OK"
HTTP Request: GET https://lrclib.net/api/get?track_name=Fallin&artist_name=DreBans "HTTP/1.1 404 Not Found"
HTTP Request: GET https://lrclib.net/api/get?track_name=Natalie+Don%27t&artist_name=RAYE "HTTP/1.1 200 OK"
HTTP Request: GET https://lrclib.net/api/get?track_name=Call+Us+At+2AM&artist_name=J "HTTP/1.1 404 Not Found"
HTTP Request: GET https://lrclib.net/api/get?track_name=Calling+All+Angels+%28432+hz%29&artist_name=mehro "HTTP/1.1 200 OK"
HTTP Request: GET https://lrclib.net/api/get?track_name=this+call+at+2am&artist_name=cepalin "HTTP/1.1 404 Not Found"
HTTP Request: GET https://lrclib.net/api/get?track_name=Calling+out+at+2AM&artist_name=SAD-TIME "HTTP/1.1 404 Not Found"
HTTP Request: GET https://lrclib.net/api/get?track_name=Lose+My+Mind&artist_name=PXUL "HTTP/1.1 404 Not Found"
HTTP Request: GET https://lrclib.net/api/get?track_name=Calling+You&artist_name=Serafin "HTTP/1.1 404 Not Found"
HTTP Request: GET https://lrclib.net/api/get?track_name=Calling+for+You&artist_name=Dj+Sava "HTTP/1.1 404 Not Found"
HTTP Request: GET https://lrclib.net/api/get?track_name=Heartbeat&artist_name=Childish+Gambino "HTTP/1.1 200 OK"
HTTP Request: GET https://lrclib.net/api/get?track_name=Calling+Home+at+2+A.M.&artist_name=AIMtone "HTTP/1.1 404 Not Found"
HTTP Request: GET https://lrclib.net/api/get?track_name=hungover.&artist_name=Katori+Walker "HTTP/1.1 404 Not Found"
HTTP Request: GET https://lrclib.net/api/get?track_name=Fair+Trade+%28with+Travis+Scott%29&artist_name=Drake "HTTP/1.1 200 OK"
HTTP Request: GET https://lrclib.net/api/get?track_name=Fair+Trade+%28with+Travis+Scott%29&artist_name=Drake "HTTP/1.1 200 OK"
Processing request of type CallToolRequest
HTTP Request: GET https://api.spotify.com/v1/search?q=calling+at+2am&type=track&limit=10&offset=0 "HTTP/1.1 200 OK"
HTTP Request: GET https://api.spotify.com/v1/search?q=calling+at+2am&type=track&limit=10&offset=10 "HTTP/1.1 200 OK"
HTTP Request: GET https://api.spotify.com/v1/search?q=calling+at+2am&type=track&limit=10&offset=20 "HTTP/1.1 200 OK"
HTTP Request: GET https://lrclib.net/api/get?track_name=Callin%27+U+%28Tamally+Maak%29&artist_name=Elyanna "HTTP/1.1 200 OK"
HTTP Request: GET https://lrclib.net/api/get?track_name=Calling+My+Phone&artist_name=Lil+Tjay "HTTP/1.1 200 OK"
HTTP Request: GET https://lrclib.net/api/get?track_name=i+was+just+calling+to+say&artist_name=blrdd. "HTTP/1.1 404 Not Found"
HTTP Request: GET https://lrclib.net/api/get?track_name=Non-Stop&artist_name=Leslie+Odom+Jr. "HTTP/1.1 200 OK"
HTTP Request: GET https://lrclib.net/api/get?track_name=I+Remain+-+Live&artist_name=Alanis+Morissette "HTTP/1.1 200 OK"
HTTP Request: GET https://lrclib.net/api/get?track_name=2am&artist_name=Luke+Hunter "HTTP/1.1 404 Not Found"
HTTP Request: GET https://lrclib.net/api/get?track_name=hell+of+a+good+time&artist_name=Haiden+Henderson "HTTP/1.1 200 OK"
HTTP Request: GET https://lrclib.net/api/get?track_name=In+the+Morning+%28Check+out%29&artist_name=Nora+Toure "HTTP/1.1 404 Not Found"
HTTP Request: GET https://lrclib.net/api/get?track_name=Hello+Old+Man+%28demo%29&artist_name=Alex+Amen "HTTP/1.1 200 OK"
HTTP Request: GET https://lrclib.net/api/get?track_name=God%2C+It%E2%80%99s+Me+Again&artist_name=NoThingz "HTTP/1.1 200 OK"
HTTP Request: GET https://lrclib.net/api/get?track_name=Wolves&artist_name=Molotov+Cocktail+Piano "HTTP/1.1 404 Not Found"
HTTP Request: GET https://lrclib.net/api/get?track_name=Wolves&artist_name=One+Direction "HTTP/1.1 200 OK"
HTTP Request: GET https://lrclib.net/api/get?track_name=Calling+My+Phone&artist_name=Lil+Tjay "HTTP/1.1 200 OK"
HTTP Request: GET https://lrclib.net/api/get?track_name=this+call+at+2am&artist_name=cepalin "HTTP/1.1 404 Not Found"
HTTP Request: GET https://lrclib.net/api/get?track_name=The+Waves+Calling&artist_name=Andrea+Accorsi "HTTP/1.1 404 Not Found"
HTTP Request: GET https://lrclib.net/api/get?track_name=Perished+In+Flames&artist_name=Firewind "HTTP/1.1 200 OK"
HTTP Request: GET https://lrclib.net/api/get?track_name=2+AM&artist_name=Reyan "HTTP/1.1 200 OK"
HTTP Request: GET https://lrclib.net/api/get?track_name=Train+To+Nagano&artist_name=Tom+Day "HTTP/1.1 404 Not Found"
HTTP Request: GET https://lrclib.net/api/get?track_name=Right+My+Wrongs&artist_name=Bryson+Tiller "HTTP/1.1 200 OK"
HTTP Request: GET https://lrclib.net/api/get?track_name=Calling+at+2am&artist_name=Cord3ll "HTTP/1.1 404 Not Found"
HTTP Request: GET https://lrclib.net/api/get?track_name=hell+of+a+good+time&artist_name=Haiden+Henderson "HTTP/1.1 200 OK"
HTTP Request: GET https://lrclib.net/api/get?track_name=Calling+U+x+Tamally+Maak+-+Remix&artist_name=DIER "HTTP/1.1 404 Not Found"
HTTP Request: GET https://lrclib.net/api/get?track_name=Calling+America&artist_name=Electric+Light+Orchestra "HTTP/1.1 200 OK"
HTTP Request: GET https://lrclib.net/api/get?track_name=Calling+All+Angels+-+Live+at+the+Workplay+Theatre%2C+Birmingham%2C+AL+-+June+2004&artist_name=Train "HTTP/1.1 200 OK"
HTTP Request: GET https://lrclib.net/api/get?track_name=If+You+Love+Her%2C+Stop+Calling.&artist_name=Mary+Joy+McDaniel "HTTP/1.1 404 Not Found"
HTTP Request: GET https://lrclib.net/api/get?track_name=hell+of+a+good+time&artist_name=Haiden+Henderson "HTTP/1.1 200 OK"
HTTP Request: GET https://lrclib.net/api/get?track_name=How+I+Met+My+Ex&artist_name=Dave "HTTP/1.1 200 OK"
HTTP Request: GET https://lrclib.net/api/get?track_name=Natalie+Don%27t&artist_name=RAYE "HTTP/1.1 200 OK"
HTTP Request: GET https://lrclib.net/api/get?track_name=If+You+Love+Her%2C+Stop+Calling.&artist_name=Mary+Joy+McDaniel "HTTP/1.1 404 Not Found"
HTTP Request: GET https://lrclib.net/api/get?track_name=calling+my+phone+-+slowed+%2B+reverb&artist_name=sl%C5%8D "HTTP/1.1 404 Not Found"
Processing request of type CallToolRequest
HTTP Request: GET https://api.spotify.com/v1/search?q=two+am+phone+call&type=track&limit=10&offset=0 "HTTP/1.1 200 OK"
HTTP Request: GET https://api.spotify.com/v1/search?q=two+am+phone+call&type=track&limit=10&offset=10 "HTTP/1.1 200 OK"
HTTP Request: GET https://api.spotify.com/v1/search?q=two+am+phone+call&type=track&limit=10&offset=20 "HTTP/1.1 200 OK"
HTTP Request: GET https://lrclib.net/api/get?track_name=Bless+the+Telephone&artist_name=Labi+Siffre "HTTP/1.1 200 OK"
HTTP Request: GET https://lrclib.net/api/get?track_name=Old+Phone+%28Ringtone%29&artist_name=Ringtone+Hits "HTTP/1.1 404 Not Found"
HTTP Request: GET https://lrclib.net/api/get?track_name=Make+a+phone+call&artist_name=TEKN "HTTP/1.1 404 Not Found"
HTTP Request: GET https://lrclib.net/api/get?track_name=IPHONE+ALARM+FUNK&artist_name=bear+bear+%26+friends "HTTP/1.1 404 Not Found"
HTTP Request: GET https://lrclib.net/api/get?track_name=Wide+Open+-+Acoustic&artist_name=Aaron+Kellim "HTTP/1.1 404 Not Found"
HTTP Request: GET https://lrclib.net/api/get?track_name=Iphone+Ringtune&artist_name=Ro+Ryon "HTTP/1.1 404 Not Found"
HTTP Request: GET https://lrclib.net/api/get?track_name=Two+Boys+Buying+a+Bday+Cake+at+2am&artist_name=The+Phone+Calls "HTTP/1.1 404 Not Found"
HTTP Request: GET https://lrclib.net/api/get?track_name=Don%27t+Let+the+World+Swallow+You&artist_name=Blacklit+Canopy+Official "HTTP/1.1 200 OK"
HTTP Request: GET https://lrclib.net/api/get?track_name=Phone+Call&artist_name=Jokhay "HTTP/1.1 404 Not Found"
HTTP Request: GET https://lrclib.net/api/get?track_name=Whiskey+Bent+%28feat.+Jelly+Roll%29&artist_name=Cody+Johnson "HTTP/1.1 200 OK"
HTTP Request: GET https://lrclib.net/api/get?track_name=Piece+of+My+Mind&artist_name=Every+You "HTTP/1.1 404 Not Found"
HTTP Request: GET https://lrclib.net/api/get?track_name=Imma+Kill+U&artist_name=Insane+Clown+Posse "HTTP/1.1 200 OK"
HTTP Request: GET https://lrclib.net/api/get?track_name=Bless+the+Telephone&artist_name=Labi+Siffre "HTTP/1.1 200 OK"
HTTP Request: GET https://lrclib.net/api/get?track_name=IPhone+Ringtone+Trap+-+Remix&artist_name=Jasser+Labidi "HTTP/1.1 200 OK"
HTTP Request: GET https://lrclib.net/api/get?track_name=t+h+e+.+c+l+i+m+b+.+b+a+c+k&artist_name=J.+Cole "HTTP/1.1 200 OK"
HTTP Request: GET https://lrclib.net/api/get?track_name=Missing+You&artist_name=Craig+Campbell "HTTP/1.1 200 OK"
HTTP Request: GET https://lrclib.net/api/get?track_name=Whiskey+Bent+%28feat.+Jelly+Roll%29&artist_name=Cody+Johnson "HTTP/1.1 200 OK"
HTTP Request: GET https://lrclib.net/api/get?track_name=Old+Phone+Ringing&artist_name=Sweet+Fret "HTTP/1.1 404 Not Found"
HTTP Request: GET https://lrclib.net/api/get?track_name=DENY+%28feat.+Tyla+Yaweh%29&artist_name=Boslen "HTTP/1.1 200 OK"
HTTP Request: GET https://lrclib.net/api/get?track_name=That%27s+How+She+Goes&artist_name=Waylon "HTTP/1.1 200 OK"
HTTP Request: GET https://lrclib.net/api/get?track_name=Mortal+Kombat&artist_name=CityKidd "HTTP/1.1 404 Not Found"
HTTP Request: GET https://lrclib.net/api/get?track_name=Trainline&artist_name=Gabbi+Bolt "HTTP/1.1 404 Not Found"
HTTP Request: GET https://lrclib.net/api/get?track_name=Nobody+Else&artist_name=Midday+Wednesday "HTTP/1.1 200 OK"
HTTP Request: GET https://lrclib.net/api/get?track_name=Cell+Phone+Ringing+-+Sound+Effect&artist_name=Beats+by+Talent "HTTP/1.1 404 Not Found"
HTTP Request: GET https://lrclib.net/api/get?track_name=Ringtone+Alarm+01&artist_name=High+Quality+Ringtone "HTTP/1.1 404 Not Found"
HTTP Request: GET https://lrclib.net/api/get?track_name=All+Night+%28feat.+Knox+Fortune%29&artist_name=Chance+the+Rapper "HTTP/1.1 200 OK"
HTTP Request: GET https://lrclib.net/api/get?track_name=Love+Hurts+%28feat.+Toosii%29&artist_name=Lil+Tjay "HTTP/1.1 200 OK"
HTTP Request: GET https://lrclib.net/api/get?track_name=Little+Things&artist_name=Matt+Gorman "HTTP/1.1 200 OK"
HTTP Request: GET https://lrclib.net/api/get?track_name=I+Fucked+Up&artist_name=Marv+Pax "HTTP/1.1 404 Not Found"
HTTP Request: GET https://lrclib.net/api/get?track_name=Telephone&artist_name=Anmol+Virk "HTTP/1.1 404 Not Found"
Processing request of type CallToolRequest
HTTP Request: GET https://api.spotify.com/v1/search?q=2am+calling&type=track&limit=10&offset=0 "HTTP/1.1 200 OK"
HTTP Request: GET https://api.spotify.com/v1/search?q=2am+calling&type=track&limit=10&offset=10 "HTTP/1.1 200 OK"
HTTP Request: GET https://api.spotify.com/v1/search?q=2am+calling&type=track&limit=10&offset=20 "HTTP/1.1 200 OK"
HTTP Request: GET https://lrclib.net/api/get?track_name=2AM&artist_name=Mellina+Tey "HTTP/1.1 200 OK"
HTTP Request: GET https://lrclib.net/api/get?track_name=2+AM&artist_name=Reyan "HTTP/1.1 200 OK"
HTTP Request: GET https://lrclib.net/api/get?track_name=SHOTS+I%27M+NOT+CALLING&artist_name=little+image "HTTP/1.1 200 OK"
HTTP Request: GET https://lrclib.net/api/get?track_name=2AM&artist_name=Don+Toliver "HTTP/1.1 200 OK"
HTTP Request: GET https://lrclib.net/api/get?track_name=Calling+Crows&artist_name=AllttA "HTTP/1.1 200 OK"
HTTP Request: GET https://lrclib.net/api/get?track_name=Mermaid%27s+Calling+%232&artist_name=Marta+Mazurek "HTTP/1.1 404 Not Found"
HTTP Request: GET https://lrclib.net/api/get?track_name=I+Have+Been+to+the+Mountain&artist_name=Kevin+Morby "HTTP/1.1 200 OK"
HTTP Request: GET https://lrclib.net/api/get?track_name=Happy&artist_name=Mitski "HTTP/1.1 200 OK"
HTTP Request: GET https://lrclib.net/api/get?track_name=2+AM+Calls&artist_name=DanEcos "HTTP/1.1 404 Not Found"
HTTP Request: GET https://lrclib.net/api/get?track_name=2+am+calling&artist_name=Music+squad "HTTP/1.1 404 Not Found"
HTTP Request: GET https://lrclib.net/api/get?track_name=i+was+just+calling+to+say&artist_name=blrdd. "HTTP/1.1 404 Not Found"
HTTP Request: GET https://lrclib.net/api/get?track_name=2+am&artist_name=Hary.BoY "HTTP/1.1 404 Not Found"
HTTP Request: GET https://lrclib.net/api/get?track_name=Tonight&artist_name=Son+Mieux "HTTP/1.1 200 OK"
HTTP Request: GET https://lrclib.net/api/get?track_name=this+call+at+2am&artist_name=cepalin "HTTP/1.1 404 Not Found"
HTTP Request: GET https://lrclib.net/api/get?track_name=Dan+the+Dancer&artist_name=Mitski "HTTP/1.1 200 OK"
HTTP Request: GET https://lrclib.net/api/get?track_name=Thursday+Girl&artist_name=Mitski "HTTP/1.1 200 OK"
HTTP Request: GET https://lrclib.net/api/get?track_name=Calling+U+x+Tamally+Maak+-+Remix&artist_name=DIER "HTTP/1.1 404 Not Found"
HTTP Request: GET https://lrclib.net/api/get?track_name=I+Have+Been+to+the+Mountain&artist_name=Kevin+Morby "HTTP/1.1 200 OK"
HTTP Request: GET https://lrclib.net/api/get?track_name=2AM&artist_name=Ryan+Oakes "HTTP/1.1 200 OK"
HTTP Request: GET https://lrclib.net/api/get?track_name=Calling+From+Rio&artist_name=YoungBoy+Never+Broke+Again "HTTP/1.1 200 OK"
HTTP Request: GET https://lrclib.net/api/get?track_name=2+AM+Calls&artist_name=DanEcos "HTTP/1.1 404 Not Found"
HTTP Request: GET https://lrclib.net/api/get?track_name=I+Am+Not+a+Robot&artist_name=Marina+and+The+Diamonds "HTTP/1.1 200 OK"
HTTP Request: GET https://lrclib.net/api/get?track_name=stop+calling+me&artist_name=Kayan "HTTP/1.1 200 OK"
HTTP Request: GET https://lrclib.net/api/get?track_name=9+Am&artist_name=vicX "HTTP/1.1 404 Not Found"
HTTP Request: GET https://lrclib.net/api/get?track_name=Hello+Old+Man+%28demo%29&artist_name=Alex+Amen "HTTP/1.1 200 OK"
HTTP Request: GET https://lrclib.net/api/get?track_name=Calling&artist_name=vibessmusic "HTTP/1.1 404 Not Found"
HTTP Request: GET https://lrclib.net/api/get?track_name=2AM+Notes&artist_name=Soft+Water+City "HTTP/1.1 404 Not Found"
HTTP Request: GET https://lrclib.net/api/get?track_name=calling+my+phone+-+slowed+%2B+reverb&artist_name=sl%C5%8D "HTTP/1.1 404 Not Found"
HTTP Request: GET https://lrclib.net/api/get?track_name=American+Mary+-+2021+Remaster&artist_name=The+National "HTTP/1.1 200 OK"
HTTP Request: GET https://lrclib.net/api/get?track_name=Forgiven+-+2015+Remaster&artist_name=Alanis+Morissette "HTTP/1.1 200 OK"
Processing request of type CallToolRequest
HTTP Request: GET https://api.spotify.com/v1/search?q=late+night+call&type=track&limit=10&offset=0 "HTTP/1.1 200 OK"
HTTP Request: GET https://api.spotify.com/v1/search?q=late+night+call&type=track&limit=10&offset=10 "HTTP/1.1 200 OK"
HTTP Request: GET https://api.spotify.com/v1/search?q=late+night+call&type=track&limit=10&offset=20 "HTTP/1.1 200 OK"
HTTP Request: GET https://lrclib.net/api/get?track_name=Late+Night+Call&artist_name=SD+Music "HTTP/1.1 404 Not Found"
HTTP Request: GET https://lrclib.net/api/get?track_name=sex+money+feelings+die&artist_name=Lykke+Li "HTTP/1.1 200 OK"
HTTP Request: GET https://lrclib.net/api/get?track_name=Midnight+Call&artist_name=Harkirat+Sangha "HTTP/1.1 200 OK"
HTTP Request: GET https://lrclib.net/api/get?track_name=Late+Night+Calls&artist_name=P1Harmony "HTTP/1.1 200 OK"
HTTP Request: GET https://lrclib.net/api/get?track_name=hotline+%28edit%29&artist_name=Billie+Eilish "HTTP/1.1 200 OK"
HTTP Request: GET https://lrclib.net/api/get?track_name=Late+Night+Call&artist_name=GB "HTTP/1.1 200 OK"
HTTP Request: GET https://lrclib.net/api/get?track_name=Hell+N+Back&artist_name=Bakar "HTTP/1.1 200 OK"
HTTP Request: GET https://lrclib.net/api/get?track_name=Cosmic+Slop&artist_name=Funkadelic "HTTP/1.1 200 OK"
HTTP Request: GET https://lrclib.net/api/get?track_name=Cosmic+Slop&artist_name=Funkadelic "HTTP/1.1 200 OK"
HTTP Request: GET https://lrclib.net/api/get?track_name=Late+Night+Call&artist_name=Dario+Lessing "HTTP/1.1 404 Not Found"
HTTP Request: GET https://lrclib.net/api/get?track_name=Piece+of+My+Mind&artist_name=Every+You "HTTP/1.1 404 Not Found"
HTTP Request: GET https://lrclib.net/api/get?track_name=Late+Night+Calls&artist_name=BAEKHYUN "HTTP/1.1 200 OK"
HTTP Request: GET https://lrclib.net/api/get?track_name=LATE+NIGHT+CALLS&artist_name=TRINITY "HTTP/1.1 404 Not Found"
HTTP Request: GET https://lrclib.net/api/get?track_name=sex+money+feelings+die+-+slowed+version&artist_name=Lykke+Li "HTTP/1.1 200 OK"
HTTP Request: GET https://lrclib.net/api/get?track_name=Hell+N+Back&artist_name=Bakar "HTTP/1.1 200 OK"
HTTP Request: GET https://lrclib.net/api/get?track_name=Late+Night+Drive&artist_name=Tegi+Pannu "HTTP/1.1 200 OK"
HTTP Request: GET https://lrclib.net/api/get?track_name=A+Song+Like+That&artist_name=Mike+Thomas "HTTP/1.1 404 Not Found"
HTTP Request: GET https://lrclib.net/api/get?track_name=Late+Night+Call&artist_name=WonderLuke+Studio "HTTP/1.1 404 Not Found"
HTTP Request: GET https://lrclib.net/api/get?track_name=Fxxxboy&artist_name=BLACKPINK "HTTP/1.1 200 OK"
HTTP Request: GET https://lrclib.net/api/get?track_name=Piece+of+My+Mind&artist_name=Every+You "HTTP/1.1 404 Not Found"
HTTP Request: GET https://lrclib.net/api/get?track_name=Late+Night+Call&artist_name=Jordy+Chandra "HTTP/1.1 404 Not Found"
HTTP Request: GET https://lrclib.net/api/get?track_name=Ain%27t+With+That+%28Late+Night+Callin%27%29&artist_name=Julian+Fijma "HTTP/1.1 200 OK"
HTTP Request: GET https://lrclib.net/api/get?track_name=Teeth&artist_name=5+Seconds+of+Summer "HTTP/1.1 200 OK"
HTTP Request: GET https://lrclib.net/api/get?track_name=Teeth&artist_name=5+Seconds+of+Summer "HTTP/1.1 200 OK"
HTTP Request: GET https://lrclib.net/api/get?track_name=Late+Night+Call+%28Miss+You%29&artist_name=T+Haven "HTTP/1.1 404 Not Found"
HTTP Request: GET https://lrclib.net/api/get?track_name=Hotline+Bling&artist_name=Drake "HTTP/1.1 200 OK"
HTTP Request: GET https://lrclib.net/api/get?track_name=A+Song+Like+That&artist_name=Mike+Thomas "HTTP/1.1 404 Not Found"
HTTP Request: GET https://lrclib.net/api/get?track_name=A+Song+Like+That&artist_name=Mike+Thomas "HTTP/1.1 404 Not Found"
HTTP Request: GET https://lrclib.net/api/get?track_name=Late+Night+Drive&artist_name=Tegi+Pannu "HTTP/1.1 200 OK"
HTTP Request: GET https://lrclib.net/api/get?track_name=A+Song+Like+That&artist_name=Mike+Thomas "HTTP/1.1 404 Not Found"
Processing request of type CallToolRequest
HTTP Request: GET https://api.spotify.com/v1/search?q=phone+call+2+in+the+morning&type=track&limit=10&offset=0 "HTTP/1.1 200 OK"
HTTP Request: GET https://api.spotify.com/v1/search?q=phone+call+2+in+the+morning&type=track&limit=10&offset=10 "HTTP/1.1 200 OK"
HTTP Request: GET https://api.spotify.com/v1/search?q=phone+call+2+in+the+morning&type=track&limit=10&offset=20 "HTTP/1.1 200 OK"
HTTP Request: GET https://lrclib.net/api/get?track_name=Iphone+Ringtune&artist_name=Ro+Ryon "HTTP/1.1 404 Not Found"
HTTP Request: GET https://lrclib.net/api/get?track_name=Marvins+Room&artist_name=Drake "HTTP/1.1 200 OK"
HTTP Request: GET https://lrclib.net/api/get?track_name=No+Phone+Calls&artist_name=Gabriel+Iglesias "HTTP/1.1 404 Not Found"
HTTP Request: GET https://lrclib.net/api/get?track_name=Morning+phone+call&artist_name=KayBeats "HTTP/1.1 404 Not Found"
HTTP Request: GET https://lrclib.net/api/get?track_name=IPHONE+ALARM+FUNK&artist_name=bear+bear+%26+friends "HTTP/1.1 404 Not Found"
HTTP Request: GET https://lrclib.net/api/get?track_name=Era+of+New+Love%2C+Pt.+2%2C+Morning+Phone+Calls+in+the+Machine&artist_name=COURTLAND+JACKSON "HTTP/1.1 404 Not Found"
HTTP Request: GET https://lrclib.net/api/get?track_name=Phone+Na+Hello&artist_name=San+T "HTTP/1.1 200 OK"
HTTP Request: GET https://lrclib.net/api/get?track_name=I+Fucked+Up&artist_name=Marv+Pax "HTTP/1.1 404 Not Found"
HTTP Request: GET https://lrclib.net/api/get?track_name=Lesley+%28feat.+Ruelle%29&artist_name=Dave "HTTP/1.1 200 OK"
HTTP Request: GET https://lrclib.net/api/get?track_name=Old+Phone+Ringing&artist_name=Sweet+Fret "HTTP/1.1 404 Not Found"
HTTP Request: GET https://lrclib.net/api/get?track_name=Return+to+Oz&artist_name=Monolink "HTTP/1.1 200 OK"
HTTP Request: GET https://lrclib.net/api/get?track_name=Cell+Phone+Ringing+-+Sound+Effect&artist_name=Beats+by+Talent "HTTP/1.1 404 Not Found"
HTTP Request: GET https://lrclib.net/api/get?track_name=Nothing&artist_name=Fiji "HTTP/1.1 200 OK"
HTTP Request: GET https://lrclib.net/api/get?track_name=Whiskey+Bent+%28feat.+Jelly+Roll%29&artist_name=Cody+Johnson "HTTP/1.1 200 OK"
HTTP Request: GET https://lrclib.net/api/get?track_name=IPhone+Ringtone+Trap+-+Remix&artist_name=Jasser+Labidi "HTTP/1.1 200 OK"
HTTP Request: GET https://lrclib.net/api/get?track_name=One+Good+Love+-+2001+Digitally+Remastered&artist_name=Nitty+Gritty+Dirt+Band "HTTP/1.1 404 Not Found"
HTTP Request: GET https://lrclib.net/api/get?track_name=Swipe+Swipe+Swipe&artist_name=Niki+the+Unicorn "HTTP/1.1 404 Not Found"
HTTP Request: GET https://lrclib.net/api/get?track_name=Last+Train&artist_name=Mical+Teja "HTTP/1.1 200 OK"
HTTP Request: GET https://lrclib.net/api/get?track_name=React&artist_name=The+Pussycat+Dolls "HTTP/1.1 200 OK"
HTTP Request: GET https://lrclib.net/api/get?track_name=The+Bigger+Picture&artist_name=Lil+Baby "HTTP/1.1 200 OK"
HTTP Request: GET https://lrclib.net/api/get?track_name=Old+Phone+%28Ringtone%29&artist_name=Ringtone+Hits "HTTP/1.1 404 Not Found"
HTTP Request: GET https://lrclib.net/api/get?track_name=Turn+Off+The+Phone&artist_name=John+Singh "HTTP/1.1 404 Not Found"
HTTP Request: GET https://lrclib.net/api/get?track_name=2am&artist_name=Luke+Hunter "HTTP/1.1 404 Not Found"
HTTP Request: GET https://lrclib.net/api/get?track_name=Whiskey+Bent+%28feat.+Jelly+Roll%29&artist_name=Cody+Johnson "HTTP/1.1 200 OK"
HTTP Request: GET https://lrclib.net/api/get?track_name=Be+The+One&artist_name=Lloyd "HTTP/1.1 200 OK"
HTTP Request: GET https://lrclib.net/api/get?track_name=2AM&artist_name=Wolf "HTTP/1.1 404 Not Found"
HTTP Request: GET https://lrclib.net/api/get?track_name=BAD+OMENS&artist_name=ero808 "HTTP/1.1 200 OK"
HTTP Request: GET https://lrclib.net/api/get?track_name=2am&artist_name=Slightly+Stoopid "HTTP/1.1 200 OK"
HTTP Request: GET https://lrclib.net/api/get?track_name=Ringtone+Alarm+01&artist_name=High+Quality+Ringtone "HTTP/1.1 404 Not Found"
HTTP Request: GET https://lrclib.net/api/get?track_name=Smoke+%26+Drive&artist_name=Mike+Posner "HTTP/1.1 200 OK"
Processing request of type CallToolRequest
HTTP Request: GET https://api.spotify.com/v1/search?q=2+am+phone+call&type=track&limit=10&offset=0 "HTTP/1.1 200 OK"
HTTP Request: GET https://api.spotify.com/v1/search?q=2+am+phone+call&type=track&limit=10&offset=10 "HTTP/1.1 200 OK"
HTTP Request: GET https://api.spotify.com/v1/search?q=2+am+phone+call&type=track&limit=10&offset=20 "HTTP/1.1 200 OK"
HTTP Request: GET https://lrclib.net/api/get?track_name=2AM+Phone+Call&artist_name=Kiki+Machine "HTTP/1.1 404 Not Found"
HTTP Request: GET https://lrclib.net/api/get?track_name=Phone+Calls+At+2AM&artist_name=Popgoz "HTTP/1.1 404 Not Found"
HTTP Request: GET https://lrclib.net/api/get?track_name=Wide+Open+-+Acoustic&artist_name=Aaron+Kellim "HTTP/1.1 404 Not Found"
HTTP Request: GET https://lrclib.net/api/get?track_name=2am&artist_name=Luke+Hunter "HTTP/1.1 404 Not Found"
HTTP Request: GET https://lrclib.net/api/get?track_name=Iphone+Ringtune&artist_name=Ro+Ryon "HTTP/1.1 404 Not Found"
HTTP Request: GET https://lrclib.net/api/get?track_name=Phone+Call+to+Heaven&artist_name=Emmy+Russell "HTTP/1.1 404 Not Found"
HTTP Request: GET https://lrclib.net/api/get?track_name=BABY+I%27M+BACK&artist_name=The+Kid+LAROI "HTTP/1.1 200 OK"
HTTP Request: GET https://lrclib.net/api/get?track_name=Dial+Drunk+%28with+Post+Malone%29&artist_name=Noah+Kahan "HTTP/1.1 200 OK"
HTTP Request: GET https://lrclib.net/api/get?track_name=I+Wish+You+Would+%28Taylor%27s+Version%29&artist_name=Taylor+Swift "HTTP/1.1 200 OK"
HTTP Request: GET https://lrclib.net/api/get?track_name=IPHONE+ALARM+FUNK&artist_name=bear+bear+%26+friends "HTTP/1.1 404 Not Found"
HTTP Request: GET https://lrclib.net/api/get?track_name=Phone+Call&artist_name=Jokhay "HTTP/1.1 404 Not Found"
HTTP Request: GET https://lrclib.net/api/get?track_name=2am+phone+call&artist_name=Kai+Wavyy "HTTP/1.1 404 Not Found"
HTTP Request: GET https://lrclib.net/api/get?track_name=Whiskey+Bent+%28feat.+Jelly+Roll%29&artist_name=Cody+Johnson "HTTP/1.1 200 OK"
HTTP Request: GET https://lrclib.net/api/get?track_name=Andromeda&artist_name=Ryan+Beatty "HTTP/1.1 200 OK"
HTTP Request: GET https://lrclib.net/api/get?track_name=Old+Phone+%28Ringtone%29&artist_name=Ringtone+Hits "HTTP/1.1 404 Not Found"
HTTP Request: GET https://lrclib.net/api/get?track_name=Iphone+Ringtune&artist_name=Ro+Ryon "HTTP/1.1 404 Not Found"
HTTP Request: GET https://lrclib.net/api/get?track_name=tomorrow+tonight&artist_name=Loote "HTTP/1.1 200 OK"
HTTP Request: GET https://lrclib.net/api/get?track_name=Whiskey+Bent+%28feat.+Jelly+Roll%29&artist_name=Cody+Johnson "HTTP/1.1 200 OK"
HTTP Request: GET https://lrclib.net/api/get?track_name=Lighter&artist_name=kia "HTTP/1.1 404 Not Found"
HTTP Request: GET https://lrclib.net/api/get?track_name=Don%27t+Call+After+Eleven&artist_name=Phone+Losers+of+America "HTTP/1.1 404 Not Found"
HTTP Request: GET https://lrclib.net/api/get?track_name=2AM+Phone+Call&artist_name=Boombap+Jazz "HTTP/1.1 404 Not Found"
HTTP Request: GET https://lrclib.net/api/get?track_name=Bebe&artist_name=Divine+Brown "HTTP/1.1 200 OK"
HTTP Request: GET https://lrclib.net/api/get?track_name=Old+Phone+Ringing&artist_name=Sweet+Fret "HTTP/1.1 404 Not Found"
HTTP Request: GET https://lrclib.net/api/get?track_name=2AM+Phone+Calls&artist_name=IslandGrooveFlow "HTTP/1.1 404 Not Found"
HTTP Request: GET https://lrclib.net/api/get?track_name=Lifeline&artist_name=We+Three "HTTP/1.1 200 OK"
HTTP Request: GET https://lrclib.net/api/get?track_name=nervous&artist_name=mykel "HTTP/1.1 404 Not Found"
HTTP Request: GET https://lrclib.net/api/get?track_name=IPhone+Ringtone+Trap+-+Remix&artist_name=Jasser+Labidi "HTTP/1.1 200 OK"
HTTP Request: GET https://lrclib.net/api/get?track_name=nobody%27s+favorite+person%2C+not+even+my+own&artist_name=carolesdaughter "HTTP/1.1 200 OK"
HTTP Request: GET https://lrclib.net/api/get?track_name=The+2+AM+Phone+Call&artist_name=Song+Legend "HTTP/1.1 404 Not Found"
HTTP Request: GET https://lrclib.net/api/get?track_name=Broadway+Girls+%28feat.+Morgan+Wallen%29&artist_name=Lil+Durk "HTTP/1.1 200 OK"
Processing request of type CallToolRequest
HTTP Request: GET https://api.spotify.com/v1/search?q=calling+you+at+3am&type=track&limit=10&offset=0 "HTTP/1.1 200 OK"
HTTP Request: GET https://api.spotify.com/v1/search?q=calling+you+at+3am&type=track&limit=10&offset=10 "HTTP/1.1 200 OK"
HTTP Request: GET https://api.spotify.com/v1/search?q=calling+you+at+3am&type=track&limit=10&offset=20 "HTTP/1.1 200 OK"
HTTP Request: GET https://lrclib.net/api/get?track_name=Callin%27+U+%28Tamally+Maak%29&artist_name=Elyanna "HTTP/1.1 200 OK"
HTTP Request: GET https://lrclib.net/api/get?track_name=3am&artist_name=ROS%C3%89 "HTTP/1.1 200 OK"
HTTP Request: GET https://lrclib.net/api/get?track_name=hell+of+a+good+time&artist_name=Haiden+Henderson "HTTP/1.1 200 OK"
HTTP Request: GET https://lrclib.net/api/get?track_name=Calling+You+at+3AM&artist_name=ViveSense "HTTP/1.1 404 Not Found"
HTTP Request: GET https://lrclib.net/api/get?track_name=Calling+Your+Name+at+3AM&artist_name=SecretAngel "HTTP/1.1 404 Not Found"
HTTP Request: GET https://lrclib.net/api/get?track_name=Thank+You+for+Calling&artist_name=Billy+Walker "HTTP/1.1 404 Not Found"
HTTP Request: GET https://lrclib.net/api/get?track_name=hell+of+a+good+time&artist_name=Haiden+Henderson "HTTP/1.1 200 OK"
HTTP Request: GET https://lrclib.net/api/get?track_name=Centerfold+%28feat.+Smoke%29&artist_name=Ricky+Blaze "HTTP/1.1 404 Not Found"
HTTP Request: GET https://lrclib.net/api/get?track_name=OPTION&artist_name=Jaz+Karis "HTTP/1.1 200 OK"
HTTP Request: GET https://lrclib.net/api/get?track_name=hell+of+a+good+time&artist_name=Haiden+Henderson "HTTP/1.1 200 OK"
HTTP Request: GET https://lrclib.net/api/get?track_name=Calling+You+At+2AM&artist_name=BEW313+PRODUCTION "HTTP/1.1 404 Not Found"
HTTP Request: GET https://lrclib.net/api/get?track_name=3%3A00+AM&artist_name=Finding+Hope "HTTP/1.1 200 OK"
HTTP Request: GET https://lrclib.net/api/get?track_name=Dream+Girl&artist_name=Anna+of+the+North "HTTP/1.1 200 OK"
HTTP Request: GET https://lrclib.net/api/get?track_name=Calling+U+x+Tamally+Maak+-+Remix&artist_name=DIER "HTTP/1.1 404 Not Found"
HTTP Request: GET https://lrclib.net/api/get?track_name=stay+right+here&artist_name=Chloe+Ament "HTTP/1.1 404 Not Found"
HTTP Request: GET https://lrclib.net/api/get?track_name=3AM+AT+FALLS&artist_name=JJ47 "HTTP/1.1 404 Not Found"
HTTP Request: GET https://lrclib.net/api/get?track_name=OPTION&artist_name=Jaz+Karis "HTTP/1.1 200 OK"
HTTP Request: GET https://lrclib.net/api/get?track_name=Dream+Girl&artist_name=Anna+of+the+North "HTTP/1.1 200 OK"
HTTP Request: GET https://lrclib.net/api/get?track_name=Right+My+Wrongs&artist_name=Bryson+Tiller "HTTP/1.1 200 OK"
HTTP Request: GET https://lrclib.net/api/get?track_name=Why+You+Calling+at+3AM%3F&artist_name=LV3R24 "HTTP/1.1 404 Not Found"
HTTP Request: GET https://lrclib.net/api/get?track_name=4+AM+%28Talking+on+My+Cellphone%29&artist_name=Neddy "HTTP/1.1 404 Not Found"
HTTP Request: GET https://lrclib.net/api/get?track_name=Heartbeat&artist_name=Childish+Gambino "HTTP/1.1 200 OK"
HTTP Request: GET https://lrclib.net/api/get?track_name=Better+Story&artist_name=Meghan+Patrick "HTTP/1.1 200 OK"
HTTP Request: GET https://lrclib.net/api/get?track_name=i+told+you+to+stop+calling+me+at+3AM&artist_name=cereal "HTTP/1.1 404 Not Found"
HTTP Request: GET https://lrclib.net/api/get?track_name=callin+u+x+tamally+maak+%28cover%29&artist_name=Ruhsora+Emm "HTTP/1.1 200 OK"
HTTP Request: GET https://lrclib.net/api/get?track_name=ALONE&artist_name=THE+ALE "HTTP/1.1 404 Not Found"
HTTP Request: GET https://lrclib.net/api/get?track_name=Black+Converse&artist_name=LOVA "HTTP/1.1 200 OK"
HTTP Request: GET https://lrclib.net/api/get?track_name=Why+Are+You+Calling&artist_name=CoNyRPshadow "HTTP/1.1 404 Not Found"
HTTP Request: GET https://lrclib.net/api/get?track_name=The+Day+You+Stopped+Calling&artist_name=Misselane+Jr "HTTP/1.1 404 Not Found"
HTTP Request: GET https://lrclib.net/api/get?track_name=Call+Us+At+2AM&artist_name=J "HTTP/1.1 404 Not Found"
Processing request of type CallToolRequest
HTTP Request: GET https://api.spotify.com/v1/search?q=middle+of+the+night+calling&type=track&limit=10&offset=0 "HTTP/1.1 200 OK"
HTTP Request: GET https://api.spotify.com/v1/search?q=middle+of+the+night+calling&type=track&limit=10&offset=10 "HTTP/1.1 200 OK"
HTTP Request: GET https://api.spotify.com/v1/search?q=middle+of+the+night+calling&type=track&limit=10&offset=20 "HTTP/1.1 200 OK"
HTTP Request: GET https://lrclib.net/api/get?track_name=Wolves&artist_name=One+Direction "HTTP/1.1 200 OK"
HTTP Request: GET https://lrclib.net/api/get?track_name=MIDDLE+OF+THE+NIGHT&artist_name=Loveless "HTTP/1.1 200 OK"
HTTP Request: GET https://lrclib.net/api/get?track_name=MIDDLE+OF+THE+NIGHT&artist_name=Elley+Duh%C3%A9 "HTTP/1.1 200 OK"
HTTP Request: GET https://lrclib.net/api/get?track_name=Daylight&artist_name=Taylor+Swift "HTTP/1.1 200 OK"
HTTP Request: GET https://lrclib.net/api/get?track_name=All+Too+Well+%2810+Minute+Version%29+%28Taylor%27s+Version%29+%28From+The+Vault%29&artist_name=Taylor+Swift "HTTP/1.1 200 OK"
HTTP Request: GET https://lrclib.net/api/get?track_name=MIDDLE+OF+THE+NIGHT&artist_name=Elley+Duh%C3%A9 "HTTP/1.1 200 OK"
HTTP Request: GET https://lrclib.net/api/get?track_name=Country+Ambience+in+Middle+of+the+Night+with+Insects+%26+Owl+Calling&artist_name=Sound+Ideas "HTTP/1.1 404 Not Found"
HTTP Request: GET https://lrclib.net/api/get?track_name=Wolves&artist_name=Molotov+Cocktail+Piano "HTTP/1.1 404 Not Found"
HTTP Request: GET https://lrclib.net/api/get?track_name=middle+of+the+night+-+slowed+%2B+reverb&artist_name=slowed+%2B+reverb+mr+cat "HTTP/1.1 404 Not Found"
HTTP Request: GET https://lrclib.net/api/get?track_name=Middle+of+the+Night&artist_name=Lee+Nichols "HTTP/1.1 404 Not Found"
HTTP Request: GET https://lrclib.net/api/get?track_name=You+Belong+With+Me+%28Taylor%E2%80%99s+Version%29&artist_name=Taylor+Swift "HTTP/1.1 200 OK"
HTTP Request: GET https://lrclib.net/api/get?track_name=All+Too+Well+%28Taylor%27s+Version%29&artist_name=Taylor+Swift "HTTP/1.1 200 OK"
HTTP Request: GET https://lrclib.net/api/get?track_name=Middle+of+the+night+-+Slowed&artist_name=vinylz "HTTP/1.1 404 Not Found"
HTTP Request: GET https://lrclib.net/api/get?track_name=Middle+Of+The+Night+-+slowed+%2B+reverb&artist_name=TommyMuzzic "HTTP/1.1 404 Not Found"
HTTP Request: GET https://lrclib.net/api/get?track_name=Calling+Your+Name+from+the+Middle+of+the+Night+Dream&artist_name=Steven+Hops "HTTP/1.1 404 Not Found"
HTTP Request: GET https://lrclib.net/api/get?track_name=...Ready+For+It%3F&artist_name=Taylor+Swift "HTTP/1.1 200 OK"
HTTP Request: GET https://lrclib.net/api/get?track_name=If+You+Love+Her%2C+Stop+Calling.&artist_name=Mary+Joy+McDaniel "HTTP/1.1 404 Not Found"
HTTP Request: GET https://lrclib.net/api/get?track_name=If+You+Love+Her%2C+Stop+Calling.&artist_name=Mary+Joy+McDaniel "HTTP/1.1 404 Not Found"
HTTP Request: GET https://lrclib.net/api/get?track_name=The+Loneliest+Night+of+My+Life+Come+Calling&artist_name=Malcolm+Middleton "HTTP/1.1 200 OK"
HTTP Request: GET https://lrclib.net/api/get?track_name=Perished+In+Flames&artist_name=Firewind "HTTP/1.1 200 OK"
HTTP Request: GET https://lrclib.net/api/get?track_name=Hotel+California+-+2013+Remaster&artist_name=Eagles "HTTP/1.1 200 OK"
HTTP Request: GET https://lrclib.net/api/get?track_name=middle+of+the+night+%28slowed+%2B+reverb%29&artist_name=sl%C5%8D "HTTP/1.1 404 Not Found"
HTTP Request: GET https://lrclib.net/api/get?track_name=Somebody+Else+-+Steve+Mac+Version&artist_name=Ronan+Keating "HTTP/1.1 200 OK"
HTTP Request: GET https://lrclib.net/api/get?track_name=middle+of+the+night+%28sped+up%29+-+tiktok+version&artist_name=sped+up+tiktok+audios "HTTP/1.1 200 OK"
HTTP Request: GET https://lrclib.net/api/get?track_name=Middle+Of+the+Night+-+Slowed&artist_name=Cheeky "HTTP/1.1 404 Not Found"
HTTP Request: GET https://lrclib.net/api/get?track_name=MIDDLE+OF+THE+NIGHT+-+Slowed+%26+Reverb&artist_name=Polsas "HTTP/1.1 404 Not Found"
HTTP Request: GET https://lrclib.net/api/get?track_name=EP+Song&artist_name=Left+Boy "HTTP/1.1 404 Not Found"
HTTP Request: GET https://lrclib.net/api/get?track_name=Talk+to+Me&artist_name=Houston "HTTP/1.1 200 OK"
HTTP Request: GET https://lrclib.net/api/get?track_name=Good+Luck%2C+Babe%21&artist_name=Chappell+Roan "HTTP/1.1 200 OK"
HTTP Request: GET https://lrclib.net/api/get?track_name=BETWEEN+TIME&artist_name=Vin+Riza "HTTP/1.1 404 Not Found"
C:\Users\91626\OneDrive - Manipal Academy of Higher Education\Desktop\projects\spotify-agent\spot\Lib\site-packages\pydantic_settings\sources\utils.py:47: IncompleteFieldDefinitionWarning: Field 'lifespan' has an incomplete definition: its annotation contains an unresolved forward reference, so settings sources may fail to correctly resolve its value. Call `model_rebuild()` on the model where the field is defined, once all the referenced types are defined.
  warnings.warn(
Processing request of type ListToolsRequest
Processing request of type CallToolRequest
HTTP Request: POST https://accounts.spotify.com/api/token "HTTP/1.1 200 OK"
HTTP Request: GET https://api.spotify.com/v1/me/player/recently-played?limit=30 "HTTP/1.1 200 OK"
HTTP Request: GET https://lrclib.net/api/get?track_name=Tum+-+Version&artist_name=Javed+Ali "HTTP/1.1 200 OK"
HTTP Request: GET https://lrclib.net/api/get?track_name=O+Meri+Laila&artist_name=Atif+Aslam "HTTP/1.1 200 OK"
HTTP Request: GET https://lrclib.net/api/get?track_name=Two+Ghosts&artist_name=Harry+Styles "HTTP/1.1 200 OK"
HTTP Request: GET https://lrclib.net/api/get?track_name=Starman+-+2012+Remaster&artist_name=David+Bowie "HTTP/1.1 200 OK"
HTTP Request: GET https://lrclib.net/api/get?track_name=Back+To+You&artist_name=Selena+Gomez "HTTP/1.1 200 OK"
HTTP Request: GET https://lrclib.net/api/get?track_name=Golden&artist_name=Harry+Styles "HTTP/1.1 200 OK"
HTTP Request: GET https://lrclib.net/api/get?track_name=Pigeon&artist_name=Cavetown "HTTP/1.1 200 OK"
HTTP Request: GET https://lrclib.net/api/get?track_name=bored+like+me+%28demo%29&artist_name=dodie "HTTP/1.1 200 OK"
HTTP Request: GET https://lrclib.net/api/get?track_name=This+Is+Home&artist_name=Cavetown "HTTP/1.1 200 OK"
HTTP Request: GET https://lrclib.net/api/get?track_name=So+Long+Sad+Songs&artist_name=CAIN "HTTP/1.1 200 OK"
HTTP Request: GET https://lrclib.net/api/get?track_name=Olivia&artist_name=One+Direction "HTTP/1.1 200 OK"
HTTP Request: GET https://lrclib.net/api/get?track_name=show+and+tell&artist_name=mxmtoon "HTTP/1.1 200 OK"
HTTP Request: GET https://lrclib.net/api/get?track_name=Deathcab&artist_name=Ditty "HTTP/1.1 200 OK"
HTTP Request: GET https://lrclib.net/api/get?track_name=clich%C3%A9&artist_name=mxmtoon "HTTP/1.1 200 OK"
HTTP Request: GET https://lrclib.net/api/get?track_name=This+Is+A+Life&artist_name=Son+Lux "HTTP/1.1 200 OK"
C:\Users\91626\OneDrive - Manipal Academy of Higher Education\Desktop\projects\spotify-agent\spot\Lib\site-packages\pydantic_settings\sources\utils.py:47: IncompleteFieldDefinitionWarning: Field 'lifespan' has an incomplete definition: its annotation contains an unresolved forward reference, so settings sources may fail to correctly resolve its value. Call `model_rebuild()` on the model where the field is defined, once all the referenced types are defined.
  warnings.warn(
Processing request of type ListToolsRequest
C:\Users\91626\OneDrive - Manipal Academy of Higher Education\Desktop\projects\spotify-agent\spot\Lib\site-packages\pydantic_settings\sources\utils.py:47: IncompleteFieldDefinitionWarning: Field 'lifespan' has an incomplete definition: its annotation contains an unresolved forward reference, so settings sources may fail to correctly resolve its value. Call `model_rebuild()` on the model where the field is defined, once all the referenced types are defined.
  warnings.warn(
Processing request of type ListToolsRequest
Processing request of type CallToolRequest
HTTP Request: POST https://accounts.spotify.com/api/token "HTTP/1.1 200 OK"
HTTP Request: GET https://api.spotify.com/v1/search?q=competitive+dishwashing+3am&type=track&limit=10&offset=0 "HTTP/1.1 200 OK"
HTTP Request: GET https://api.spotify.com/v1/search?q=competitive+dishwashing+3am&type=track&limit=10&offset=10 "HTTP/1.1 200 OK"
HTTP Request: GET https://api.spotify.com/v1/search?q=competitive+dishwashing+3am&type=track&limit=10&offset=20 "HTTP/1.1 200 OK"
HTTP Request: GET https://lrclib.net/api/get?track_name=Breakin%27+Dishes&artist_name=Rihanna "HTTP/1.1 200 OK"
HTTP Request: GET https://lrclib.net/api/get?track_name=Face+Off&artist_name=Tech+N9ne "HTTP/1.1 200 OK"
HTTP Request: GET https://lrclib.net/api/get?track_name=Dishwashing+Dreams%3A+Ambient+Flow&artist_name=Dishwasher+Sounds "HTTP/1.1 404 Not Found"
HTTP Request: GET https://lrclib.net/api/get?track_name=Washington+on+Your+Side&artist_name=Leslie+Odom+Jr. "HTTP/1.1 200 OK"
HTTP Request: GET https://lrclib.net/api/get?track_name=Green+Lights&artist_name=Tony+K "HTTP/1.1 200 OK"
HTTP Request: GET https://lrclib.net/api/get?track_name=Competitive&artist_name=Aksomaniac "HTTP/1.1 200 OK"
HTTP Request: GET https://lrclib.net/api/get?track_name=Intro&artist_name=NF "HTTP/1.1 200 OK"
HTTP Request: GET https://lrclib.net/api/get?track_name=I+AM+DEPRESSED&artist_name=MewZe "HTTP/1.1 404 Not Found"
HTTP Request: GET https://lrclib.net/api/get?track_name=Just+Streaming+Water+in+a+Tile+Shower&artist_name=Invention+of+Light "HTTP/1.1 404 Not Found"
HTTP Request: GET https://lrclib.net/api/get?track_name=Sound+to+Remove+Water+from+Phone+Charging+Port&artist_name=nBeats "HTTP/1.1 404 Not Found"
HTTP Request: GET https://lrclib.net/api/get?track_name=All+I+Do&artist_name=NF "HTTP/1.1 200 OK"
HTTP Request: GET https://lrclib.net/api/get?track_name=Father+Time+%28feat.+Sampha%29&artist_name=Kendrick+Lamar "HTTP/1.1 200 OK"
HTTP Request: GET https://lrclib.net/api/get?track_name=Breakin%27+Dishes+-+Sped+Up&artist_name=Ren "HTTP/1.1 404 Not Found"
HTTP Request: GET https://lrclib.net/api/get?track_name=Face+Off&artist_name=Tech+N9ne "HTTP/1.1 200 OK"
HTTP Request: GET https://lrclib.net/api/get?track_name=SURROUNDINGS&artist_name=Nobu+Woods "HTTP/1.1 200 OK"
HTTP Request: GET https://lrclib.net/api/get?track_name=Cell+Phone+Speaker+Cleaning+Sound&artist_name=nBeats "HTTP/1.1 404 Not Found"
HTTP Request: GET https://lrclib.net/api/get?track_name=Pokemon+Trainer+Cypher&artist_name=VideoGameRapBattles "HTTP/1.1 200 OK"
HTTP Request: GET https://lrclib.net/api/get?track_name=Death+to+Mumble+Rap&artist_name=GAWNE "HTTP/1.1 200 OK"
HTTP Request: GET https://lrclib.net/api/get?track_name=Face+Off&artist_name=Tech+N9ne "HTTP/1.1 200 OK"
HTTP Request: GET https://lrclib.net/api/get?track_name=Dishwasher+Drone%3A+36+Minutes+of+Soothing+Dishwasher+Ambience&artist_name=groundsounds "HTTP/1.1 404 Not Found"
HTTP Request: GET https://lrclib.net/api/get?track_name=Peaceful+ASMR+Washing+Machine+%28Loopable+no+fade%29&artist_name=Dream+Supplier "HTTP/1.1 404 Not Found"
HTTP Request: GET https://lrclib.net/api/get?track_name=Speaker+Cleaner+Sound+-+Remove+Water+%26+Dust+%5BSmartphones%2C+tablets%2C+earphones%2C+headphones%2C+laptop+PC%5D&artist_name=OTOTOKAGAKU "HTTP/1.1 404 Not Found"
HTTP Request: GET https://lrclib.net/api/get?track_name=Father+Time+%28feat.+Sampha%29&artist_name=Kendrick+Lamar "HTTP/1.1 200 OK"
HTTP Request: GET https://lrclib.net/api/get?track_name=Dishwashing+Gloves+%26+Sponge+and+Dolphins&artist_name=Jojo%27s+ASMR "HTTP/1.1 404 Not Found"
HTTP Request: GET https://lrclib.net/api/get?track_name=Clothes+Washer+-+For+Sleep+%28Loopable+no+fade%29&artist_name=Dream+Supplier "HTTP/1.1 404 Not Found"
HTTP Request: GET https://lrclib.net/api/get?track_name=Face+Off&artist_name=Tech+N9ne "HTTP/1.1 200 OK"
HTTP Request: GET https://lrclib.net/api/get?track_name=Hatred+From+Ages+Ago&artist_name=Kevin "HTTP/1.1 404 Not Found"
HTTP Request: GET https://lrclib.net/api/get?track_name=Sound+to+Remove+Water+from+Mobile&artist_name=nBeats "HTTP/1.1 404 Not Found"
HTTP Request: GET https://lrclib.net/api/get?track_name=The+Next+Rap+God&artist_name=Dax "HTTP/1.1 200 OK"
HTTP Request: GET https://lrclib.net/api/get?track_name=Beast&artist_name=I.S.O. "HTTP/1.1 404 Not Found"
Processing request of type CallToolRequest
HTTP Request: GET https://api.spotify.com/v1/search?q=dishwashing+3am&type=track&limit=10&offset=0 "HTTP/1.1 200 OK"
HTTP Request: GET https://api.spotify.com/v1/search?q=dishwashing+3am&type=track&limit=10&offset=10 "HTTP/1.1 200 OK"
HTTP Request: GET https://lrclib.net/api/get?track_name=Dishwashing+Dreams%3A+Ambient+Flow&artist_name=Dishwasher+Sounds "HTTP/1.1 404 Not Found"
HTTP Request: GET https://lrclib.net/api/get?track_name=Washing+Dishes&artist_name=Jack+Johnson "HTTP/1.1 200 OK"
HTTP Request: GET https://lrclib.net/api/get?track_name=Dishwasher+Drone%3A+36+Minutes+of+Soothing+Dishwasher+Ambience&artist_name=groundsounds "HTTP/1.1 404 Not Found"
HTTP Request: GET https://lrclib.net/api/get?track_name=3am&artist_name=ROS%C3%89 "HTTP/1.1 200 OK"
HTTP Request: GET https://lrclib.net/api/get?track_name=Dishwashing+Gloves+%26+Sponge+and+Dolphins&artist_name=Jojo%27s+ASMR "HTTP/1.1 404 Not Found"
HTTP Request: GET https://lrclib.net/api/get?track_name=Washing+The+Dishes&artist_name=Relax+365 "HTTP/1.1 404 Not Found"
HTTP Request: GET https://lrclib.net/api/get?track_name=Breakin%27+Dishes+-+Sped+Up&artist_name=Ren "HTTP/1.1 404 Not Found"
HTTP Request: GET https://lrclib.net/api/get?track_name=Dishwasher+04&artist_name=Sleep+Sounds+HD "HTTP/1.1 404 Not Found"
HTTP Request: GET https://lrclib.net/api/get?track_name=Just+Streaming+Water+in+a+Tile+Shower&artist_name=Invention+of+Light "HTTP/1.1 404 Not Found"
HTTP Request: GET https://lrclib.net/api/get?track_name=Sound+to+Remove+Water+from+Phone+Charging+Port&artist_name=nBeats "HTTP/1.1 404 Not Found"
HTTP Request: GET https://lrclib.net/api/get?track_name=Dishwashing+Sponges&artist_name=ASMR+Zeitgeist "HTTP/1.1 404 Not Found"
HTTP Request: GET https://lrclib.net/api/get?track_name=dishes&artist_name=dee+holt "HTTP/1.1 200 OK"
HTTP Request: GET https://lrclib.net/api/get?track_name=Dishwasher+13&artist_name=Babysounds "HTTP/1.1 404 Not Found"
HTTP Request: GET https://lrclib.net/api/get?track_name=Dishwasher+12&artist_name=Sleep+All+Night+Long "HTTP/1.1 404 Not Found"
HTTP Request: GET https://lrclib.net/api/get?track_name=Dishwasher+11&artist_name=Babysounds "HTTP/1.1 404 Not Found"
HTTP Request: GET https://lrclib.net/api/get?track_name=The+dishes+in+the+sink+need+washing&artist_name=9+Puddings "HTTP/1.1 404 Not Found"
HTTP Request: GET https://lrclib.net/api/get?track_name=Clothes+Washer+-+For+Sleep+%28Loopable+no+fade%29&artist_name=Dream+Supplier "HTTP/1.1 404 Not Found"
HTTP Request: GET https://lrclib.net/api/get?track_name=dishes&artist_name=francis "HTTP/1.1 404 Not Found"
HTTP Request: GET https://lrclib.net/api/get?track_name=Dishes&artist_name=Jouspra+mc "HTTP/1.1 404 Not Found"
Processing request of type CallToolRequest
HTTP Request: GET https://api.spotify.com/v1/search?q=washing+dishes+3+am&type=track&limit=10&offset=0 "HTTP/1.1 200 OK"
HTTP Request: GET https://api.spotify.com/v1/search?q=washing+dishes+3+am&type=track&limit=10&offset=10 "HTTP/1.1 200 OK"
HTTP Request: GET https://api.spotify.com/v1/search?q=washing+dishes+3+am&type=track&limit=10&offset=20 "HTTP/1.1 200 OK"
HTTP Request: GET https://lrclib.net/api/get?track_name=Breakin%27+Dishes&artist_name=Rihanna "HTTP/1.1 200 OK"
HTTP Request: GET https://lrclib.net/api/get?track_name=Washing+Machine+Heart&artist_name=Mitski "HTTP/1.1 200 OK"
HTTP Request: GET https://lrclib.net/api/get?track_name=washing+machine+heart+-+slowed&artist_name=xaoc "HTTP/1.1 404 Not Found"
HTTP Request: GET https://lrclib.net/api/get?track_name=Carrying+the+Banner&artist_name=Newsies+Ensemble "HTTP/1.1 200 OK"
HTTP Request: GET https://lrclib.net/api/get?track_name=Washing+The+Dishes&artist_name=Relax+365 "HTTP/1.1 404 Not Found"
HTTP Request: GET https://lrclib.net/api/get?track_name=Trike&artist_name=You+Am+I "HTTP/1.1 200 OK"
HTTP Request: GET https://lrclib.net/api/get?track_name=Trike&artist_name=You+Am+I "HTTP/1.1 200 OK"
HTTP Request: GET https://lrclib.net/api/get?track_name=Trike&artist_name=You+Am+I "HTTP/1.1 200 OK"
HTTP Request: GET https://lrclib.net/api/get?track_name=Rose&artist_name=Patti+Scialfa "HTTP/1.1 200 OK"
HTTP Request: GET https://lrclib.net/api/get?track_name=Rose&artist_name=Patti+Scialfa "HTTP/1.1 200 OK"
HTTP Request: GET https://lrclib.net/api/get?track_name=Oicire&artist_name=DaBoner "HTTP/1.1 404 Not Found"
HTTP Request: GET https://lrclib.net/api/get?track_name=Neighborhood&artist_name=Teezo+Touchdown "HTTP/1.1 200 OK"
HTTP Request: GET https://lrclib.net/api/get?track_name=washing+machine+heart+-+slowed&artist_name=xaoc "HTTP/1.1 404 Not Found"
HTTP Request: GET https://lrclib.net/api/get?track_name=Trike&artist_name=You+Am+I "HTTP/1.1 200 OK"
HTTP Request: GET https://lrclib.net/api/get?track_name=Neighborhood&artist_name=Teezo+Touchdown "HTTP/1.1 200 OK"
HTTP Request: GET https://lrclib.net/api/get?track_name=Washing+Machine+Spin+Cycle+%28Loopable+no+fade%29&artist_name=Dream+Supplier "HTTP/1.1 404 Not Found"
HTTP Request: GET https://lrclib.net/api/get?track_name=kanji+in+my+wallet&artist_name=haych "HTTP/1.1 404 Not Found"
HTTP Request: GET https://lrclib.net/api/get?track_name=You+Got+Me+Up&artist_name=O.K.+Company "HTTP/1.1 404 Not Found"
HTTP Request: GET https://lrclib.net/api/get?track_name=Washing+Dishes&artist_name=Jack+Johnson "HTTP/1.1 200 OK"
HTTP Request: GET https://lrclib.net/api/get?track_name=Your+Ghost&artist_name=Circa+Waves "HTTP/1.1 200 OK"
HTTP Request: GET https://lrclib.net/api/get?track_name=Peaceful+ASMR+Washing+Machine+%28Loopable+no+fade%29&artist_name=Dream+Supplier "HTTP/1.1 404 Not Found"
HTTP Request: GET https://lrclib.net/api/get?track_name=I+Wish+I+Was&artist_name=The+Avett+Brothers "HTTP/1.1 200 OK"
HTTP Request: GET https://lrclib.net/api/get?track_name=washing+machine+heart+-+slowed+Extended&artist_name=Cloury "HTTP/1.1 404 Not Found"
HTTP Request: GET https://lrclib.net/api/get?track_name=already+there&artist_name=Jasmine+Thompson "HTTP/1.1 200 OK"
HTTP Request: GET https://lrclib.net/api/get?track_name=Washing+Machine+Soundscape+Loundry+Room+%28Loopable+no+fade%29&artist_name=Dream+Supplier "HTTP/1.1 404 Not Found"
HTTP Request: GET https://lrclib.net/api/get?track_name=Leaving+LA&artist_name=Father+John+Misty "HTTP/1.1 200 OK"
HTTP Request: GET https://lrclib.net/api/get?track_name=Forever&artist_name=Bantu+Moses "HTTP/1.1 404 Not Found"
HTTP Request: GET https://lrclib.net/api/get?track_name=Forever&artist_name=Bantu+Moses "HTTP/1.1 404 Not Found"
HTTP Request: GET https://lrclib.net/api/get?track_name=Alone+or+Together&artist_name=ans "HTTP/1.1 404 Not Found"
HTTP Request: GET https://lrclib.net/api/get?track_name=What+If&artist_name=Myle "HTTP/1.1 404 Not Found"
Processing request of type CallToolRequest
HTTP Request: GET https://api.spotify.com/v1/search?q=competitive+dishwashing&type=track&limit=10&offset=0 "HTTP/1.1 200 OK"
HTTP Request: GET https://lrclib.net/api/get?track_name=Breakin%27+Dishes&artist_name=Rihanna "HTTP/1.1 200 OK"
HTTP Request: GET https://lrclib.net/api/get?track_name=Competitive&artist_name=Aksomaniac "HTTP/1.1 200 OK"
HTTP Request: GET https://lrclib.net/api/get?track_name=Cell+Phone+Speaker+Cleaning+Sound&artist_name=nBeats "HTTP/1.1 404 Not Found"
HTTP Request: GET https://lrclib.net/api/get?track_name=Dishwashing+Dreams%3A+Ambient+Flow&artist_name=Dishwasher+Sounds "HTTP/1.1 404 Not Found"
HTTP Request: GET https://lrclib.net/api/get?track_name=Sound+to+Remove+Water+from+Phone+Charging+Port&artist_name=nBeats "HTTP/1.1 404 Not Found"
HTTP Request: GET https://lrclib.net/api/get?track_name=Commentry+RJ+Ruchi+%26+Hungama+Hogaya&artist_name=RJ+Ruchi "HTTP/1.1 404 Not Found"
HTTP Request: GET https://lrclib.net/api/get?track_name=Dishwashing+College+Graduate&artist_name=Simon+Alden "HTTP/1.1 404 Not Found"
HTTP Request: GET https://lrclib.net/api/get?track_name=Speaker+Baje&artist_name=Anand+Raj+Anand "HTTP/1.1 404 Not Found"
HTTP Request: GET https://lrclib.net/api/get?track_name=Competition+%28Feat.+Mahi+Sharma%29&artist_name=Virasat+Sandhu "HTTP/1.1 404 Not Found"
Processing request of type CallToolRequest
HTTP Request: GET https://api.spotify.com/v1/search?q=dishwashing&type=track&limit=10&offset=0 "HTTP/1.1 200 OK"
HTTP Request: GET https://api.spotify.com/v1/search?q=dishwashing&type=track&limit=10&offset=10 "HTTP/1.1 200 OK"
HTTP Request: GET https://api.spotify.com/v1/search?q=dishwashing&type=track&limit=10&offset=20 "HTTP/1.1 200 OK"
HTTP Request: GET https://lrclib.net/api/get?track_name=Dishwashing+Gloves&artist_name=ASMR+Zeitgeist "HTTP/1.1 404 Not Found"
HTTP Request: GET https://lrclib.net/api/get?track_name=Breakin%27+Dishes&artist_name=Rihanna "HTTP/1.1 200 OK"
HTTP Request: GET https://lrclib.net/api/get?track_name=Dishwashing+Dreams%3A+Ambient+Flow&artist_name=Dishwasher+Sounds "HTTP/1.1 404 Not Found"
HTTP Request: GET https://lrclib.net/api/get?track_name=The+Dishwashing+Man&artist_name=Lewis+Franco "HTTP/1.1 404 Not Found"
HTTP Request: GET https://lrclib.net/api/get?track_name=Dishwashing&artist_name=Prosperity+Lanes "HTTP/1.1 404 Not Found"
HTTP Request: GET https://lrclib.net/api/get?track_name=Dishwashing+Team&artist_name=Suzy+Cato "HTTP/1.1 404 Not Found"
HTTP Request: GET https://lrclib.net/api/get?track_name=Dishwashing+College+Graduate&artist_name=Simon+Alden "HTTP/1.1 404 Not Found"
HTTP Request: GET https://lrclib.net/api/get?track_name=Sound+to+Remove+Water+from+Phone+Charging+Port&artist_name=nBeats "HTTP/1.1 404 Not Found"
HTTP Request: GET https://lrclib.net/api/get?track_name=Menateng+%28feat.+Patron+West%2C+Gallarbass+%26+Stellenbosch%29&artist_name=Tribby+wadi+bhozza "HTTP/1.1 404 Not Found"
HTTP Request: GET https://lrclib.net/api/get?track_name=Dishwashing+Gloves+%26+Sponge+and+Dolphins&artist_name=Jojo%27s+ASMR "HTTP/1.1 404 Not Found"
HTTP Request: GET https://lrclib.net/api/get?track_name=That%E2%80%99s+why+ko+rata+%28O+waka%29&artist_name=PLG+Chanty "HTTP/1.1 404 Not Found"
HTTP Request: GET https://lrclib.net/api/get?track_name=Dishwashing&artist_name=Ethan+Abelar "HTTP/1.1 404 Not Found"
HTTP Request: GET https://lrclib.net/api/get?track_name=Dishwashing+Gloves&artist_name=ASMR+Zeitgeist "HTTP/1.1 404 Not Found"
HTTP Request: GET https://lrclib.net/api/get?track_name=Washing+Dishes&artist_name=Jack+Johnson "HTTP/1.1 200 OK"
HTTP Request: GET https://lrclib.net/api/get?track_name=Silicone+dishwashing+gloves+-+Guantes+de+silicona+para+lavar+platos&artist_name=Mol+ASMR "HTTP/1.1 404 Not Found"
HTTP Request: GET https://lrclib.net/api/get?track_name=Dishwasher+11&artist_name=Babysounds "HTTP/1.1 404 Not Found"
HTTP Request: GET https://lrclib.net/api/get?track_name=Dishwasher+04&artist_name=Sleep+Sounds+HD "HTTP/1.1 404 Not Found"
HTTP Request: GET https://lrclib.net/api/get?track_name=Dishwashing+in+Dystopia&artist_name=Hazel+Hermit "HTTP/1.1 404 Not Found"
HTTP Request: GET https://lrclib.net/api/get?track_name=Dishwashing&artist_name=Ambient+Flow+Sounds "HTTP/1.1 404 Not Found"
HTTP Request: GET https://lrclib.net/api/get?track_name=Dishwashing+Song+for+Friday+night&artist_name=Furry+Ounce "HTTP/1.1 404 Not Found"
HTTP Request: GET https://lrclib.net/api/get?track_name=Dishwashing+Song&artist_name=Helen+Gene+Purdy "HTTP/1.1 404 Not Found"
HTTP Request: GET https://lrclib.net/api/get?track_name=Washing+The+Dishes&artist_name=Relax+365 "HTTP/1.1 404 Not Found"
HTTP Request: GET https://lrclib.net/api/get?track_name=Blue+Dishwashing+Gloves&artist_name=Dong+ASMR "HTTP/1.1 404 Not Found"
HTTP Request: GET https://lrclib.net/api/get?track_name=Dishwashing+%28The+Kitchen+Tapes%29&artist_name=The+Last+Person "HTTP/1.1 404 Not Found"
HTTP Request: GET https://lrclib.net/api/get?track_name=Riverboat+Dishwashing+Song&artist_name=The+Tillers "HTTP/1.1 404 Not Found"
HTTP Request: GET https://lrclib.net/api/get?track_name=Silicone+Dishwashing+Gloves&artist_name=ASMR+Bakery "HTTP/1.1 404 Not Found"
HTTP Request: GET https://lrclib.net/api/get?track_name=Dishwasher+12&artist_name=Sleep+All+Night+Long "HTTP/1.1 404 Not Found"
HTTP Request: GET https://lrclib.net/api/get?track_name=Breakin%27+Dishes+-+Sped+Up&artist_name=Ren "HTTP/1.1 404 Not Found"
HTTP Request: GET https://lrclib.net/api/get?track_name=Dishes&artist_name=Jouspra+mc "HTTP/1.1 404 Not Found"
HTTP Request: GET https://lrclib.net/api/get?track_name=Dishwasher+1+-+Loopable&artist_name=Sleep+Baby+Sleep "HTTP/1.1 404 Not Found"
Processing request of type CallToolRequest
HTTP Request: GET https://api.spotify.com/v1/search?q=washing+dishes+competition&type=track&limit=10&offset=0 "HTTP/1.1 200 OK"
HTTP Request: GET https://api.spotify.com/v1/search?q=washing+dishes+competition&type=track&limit=10&offset=10 "HTTP/1.1 200 OK"
HTTP Request: GET https://api.spotify.com/v1/search?q=washing+dishes+competition&type=track&limit=10&offset=20 "HTTP/1.1 200 OK"
HTTP Request: GET https://lrclib.net/api/get?track_name=Carrying+the+Banner&artist_name=Newsies+Ensemble "HTTP/1.1 200 OK"
HTTP Request: GET https://lrclib.net/api/get?track_name=Washing+Machine+Heart&artist_name=Mitski "HTTP/1.1 200 OK"
HTTP Request: GET https://lrclib.net/api/get?track_name=Breakin%27+Dishes&artist_name=Rihanna "HTTP/1.1 200 OK"
HTTP Request: GET https://lrclib.net/api/get?track_name=I+Wish+I+Was&artist_name=The+Avett+Brothers "HTTP/1.1 200 OK"
HTTP Request: GET https://lrclib.net/api/get?track_name=Washing+Dishes&artist_name=Jack+Johnson "HTTP/1.1 200 OK"
HTTP Request: GET https://lrclib.net/api/get?track_name=Carrying+The+Banner&artist_name=Jeremy+Jordan "HTTP/1.1 200 OK"
HTTP Request: GET https://lrclib.net/api/get?track_name=COMPETITION+%26+CURRENCY+%28feat.+Talha+Anjum%29&artist_name=Umair "HTTP/1.1 200 OK"
HTTP Request: GET https://lrclib.net/api/get?track_name=keeping+up&artist_name=Microwave "HTTP/1.1 200 OK"
HTTP Request: GET https://lrclib.net/api/get?track_name=40+Mo%27+Reasons&artist_name=MudBaby+Ru "HTTP/1.1 200 OK"
HTTP Request: GET https://lrclib.net/api/get?track_name=Sound+to+Remove+Water+from+Phone+Charging+Port&artist_name=nBeats "HTTP/1.1 404 Not Found"
HTTP Request: GET https://lrclib.net/api/get?track_name=Rob+A+Bank&artist_name=Confetti "HTTP/1.1 200 OK"
HTTP Request: GET https://lrclib.net/api/get?track_name=Washing+The+Dishes&artist_name=Relax+365 "HTTP/1.1 404 Not Found"
HTTP Request: GET https://lrclib.net/api/get?track_name=DEATHCAMP+%28feat.+Cole+Alexander%29&artist_name=Tyler "HTTP/1.1 200 OK"
HTTP Request: GET https://lrclib.net/api/get?track_name=Psychic+City+-+Classixx+Remix&artist_name=YACHT "HTTP/1.1 200 OK"
HTTP Request: GET https://lrclib.net/api/get?track_name=keeping+up&artist_name=Microwave "HTTP/1.1 200 OK"
HTTP Request: GET https://lrclib.net/api/get?track_name=Washing+Machine+White+Noise+For+Sleeping+%28Loopable+no+fade%29&artist_name=Dream+Supplier "HTTP/1.1 404 Not Found"
HTTP Request: GET https://lrclib.net/api/get?track_name=Believe+%28feat.+Justin+Timberlake%29&artist_name=Meek+Mill "HTTP/1.1 200 OK"
HTTP Request: GET https://lrclib.net/api/get?track_name=Air+Horn+Competition+-+Dj+Monster+PS+Remix&artist_name=Dj+Monster+PS "HTTP/1.1 404 Not Found"
HTTP Request: GET https://lrclib.net/api/get?track_name=Washing+Machine+Spin+Cycle+%28Loopable+no+fade%29&artist_name=Dream+Supplier "HTTP/1.1 404 Not Found"
HTTP Request: GET https://lrclib.net/api/get?track_name=Sound+to+Remove+Water+from+Phone+Speakers&artist_name=nBeats "HTTP/1.1 404 Not Found"
HTTP Request: GET https://lrclib.net/api/get?track_name=Washing+Machine+Soundscape+Loundry+Room+%28Loopable+no+fade%29&artist_name=Dream+Supplier "HTTP/1.1 404 Not Found"
HTTP Request: GET https://lrclib.net/api/get?track_name=Home+to+Us&artist_name=Paul+McCartney "HTTP/1.1 200 OK"
HTTP Request: GET https://lrclib.net/api/get?track_name=What+Happens&artist_name=Joy+Woods "HTTP/1.1 200 OK"
HTTP Request: GET https://lrclib.net/api/get?track_name=Celebration&artist_name=Logic "HTTP/1.1 200 OK"
HTTP Request: GET https://lrclib.net/api/get?track_name=Beautiful+Sadness&artist_name=Mon+Laferte "HTTP/1.1 200 OK"
HTTP Request: GET https://lrclib.net/api/get?track_name=washing+machine+heart+-+slowed&artist_name=xaoc "HTTP/1.1 404 Not Found"
HTTP Request: GET https://lrclib.net/api/get?track_name=Sound+to+Remove+Water+from+Mobile&artist_name=nBeats "HTTP/1.1 404 Not Found"
HTTP Request: GET https://lrclib.net/api/get?track_name=Clothes+Washer+-+For+Sleep+%28Loopable+no+fade%29&artist_name=Dream+Supplier "HTTP/1.1 404 Not Found"
HTTP Request: GET https://lrclib.net/api/get?track_name=Peaceful+ASMR+Washing+Machine+%28Loopable+no+fade%29&artist_name=Dream+Supplier "HTTP/1.1 404 Not Found"
HTTP Request: GET https://lrclib.net/api/get?track_name=Evil+Twin&artist_name=Eminem "HTTP/1.1 200 OK"
Processing request of type CallToolRequest
HTTP Request: GET https://api.spotify.com/v1/search?q=dish+washer+3am&type=track&limit=10&offset=0 "HTTP/1.1 200 OK"
HTTP Request: GET https://api.spotify.com/v1/search?q=dish+washer+3am&type=track&limit=10&offset=10 "HTTP/1.1 200 OK"
HTTP Request: GET https://api.spotify.com/v1/search?q=dish+washer+3am&type=track&limit=10&offset=20 "HTTP/1.1 200 OK"
HTTP Request: GET https://lrclib.net/api/get?track_name=Won+Da+Mo&artist_name=Mavins "HTTP/1.1 200 OK"
HTTP Request: GET https://lrclib.net/api/get?track_name=Speaker+Cleaner+Sound+-+Remove+Water+%26+Dust+%5BSmartphones%2C+tablets%2C+earphones%2C+headphones%2C+laptop+PC%5D&artist_name=OTOTOKAGAKU "HTTP/1.1 404 Not Found"
HTTP Request: GET https://lrclib.net/api/get?track_name=3am&artist_name=ROS%C3%89 "HTTP/1.1 200 OK"
HTTP Request: GET https://lrclib.net/api/get?track_name=Won+Da+Mo&artist_name=Mavins "HTTP/1.1 200 OK"
HTTP Request: GET https://lrclib.net/api/get?track_name=Medicine&artist_name=Queen+Naija "HTTP/1.1 200 OK"
HTTP Request: GET https://lrclib.net/api/get?track_name=Hair+Dryer+Sound+3+-+Loopable+Without+Fade&artist_name=Al+Lullaby+ASMR "HTTP/1.1 404 Not Found"
HTTP Request: GET https://lrclib.net/api/get?track_name=Won+Da+Mo&artist_name=Mavins "HTTP/1.1 200 OK"
HTTP Request: GET https://lrclib.net/api/get?track_name=Dishwasher+Sounds+for+Babies%2C+Pt.+30&artist_name=White+Noise+from+TraxLab "HTTP/1.1 404 Not Found"
HTTP Request: GET https://lrclib.net/api/get?track_name=3+AM+IN+MUMBAI&artist_name=Baggh-e+SMG "HTTP/1.1 200 OK"
HTTP Request: GET https://lrclib.net/api/get?track_name=Alarm+Clock+Beep&artist_name=Pro+Sound+Effects+Library "HTTP/1.1 404 Not Found"
HTTP Request: GET https://lrclib.net/api/get?track_name=Dishwasher+Sounds+for+Babies%2C+Pt.+36&artist_name=White+Noise+from+TraxLab "HTTP/1.1 404 Not Found"
HTTP Request: GET https://lrclib.net/api/get?track_name=Alarm+Clock+Beep&artist_name=Pro+Sound+Effects+Library "HTTP/1.1 404 Not Found"
HTTP Request: GET https://lrclib.net/api/get?track_name=Alarm+Clock+Sound&artist_name=nBeats "HTTP/1.1 404 Not Found"
HTTP Request: GET https://lrclib.net/api/get?track_name=All+In&artist_name=Nasty+C "HTTP/1.1 200 OK"
HTTP Request: GET https://lrclib.net/api/get?track_name=3am+in+Hell&artist_name=Lucifer+was+innocent "HTTP/1.1 200 OK"
HTTP Request: GET https://lrclib.net/api/get?track_name=Won+Da+Mo&artist_name=Mavins "HTTP/1.1 200 OK"
HTTP Request: GET https://lrclib.net/api/get?track_name=Won+Da+Mo&artist_name=Mavins "HTTP/1.1 200 OK"
HTTP Request: GET https://lrclib.net/api/get?track_name=Dishwasher+11&artist_name=Babysounds "HTTP/1.1 404 Not Found"
HTTP Request: GET https://lrclib.net/api/get?track_name=Sound+to+Remove+Water+from+Phone+Speakers&artist_name=nBeats "HTTP/1.1 404 Not Found"
HTTP Request: GET https://lrclib.net/api/get?track_name=Sound+to+Remove+Water+from+Mobile&artist_name=nBeats "HTTP/1.1 404 Not Found"
HTTP Request: GET https://lrclib.net/api/get?track_name=Dishwasher+Sounds+for+Babies%2C+Pt.+32&artist_name=White+Noise+from+TraxLab "HTTP/1.1 404 Not Found"
HTTP Request: GET https://lrclib.net/api/get?track_name=Cell+Phone+Speaker+Cleaning+Sound&artist_name=nBeats "HTTP/1.1 404 Not Found"
HTTP Request: GET https://lrclib.net/api/get?track_name=Dishwasher+Sounds+for+Babies%2C+Pt.+35&artist_name=White+Noise+from+TraxLab "HTTP/1.1 404 Not Found"
HTTP Request: GET https://lrclib.net/api/get?track_name=3am+in+Hell&artist_name=Lucifer+was+innocent "HTTP/1.1 200 OK"
HTTP Request: GET https://lrclib.net/api/get?track_name=Won+Da+Mo&artist_name=Mavins "HTTP/1.1 200 OK"
HTTP Request: GET https://lrclib.net/api/get?track_name=Dishwasher+Sounds+for+Babies%2C+Pt.+37&artist_name=White+Noise+from+TraxLab "HTTP/1.1 404 Not Found"
HTTP Request: GET https://lrclib.net/api/get?track_name=The+Last+Time+I+Saw+Richard&artist_name=Joni+Mitchell "HTTP/1.1 200 OK"
HTTP Request: GET https://lrclib.net/api/get?track_name=Dishwasher+Sounds+for+Babies%2C+Pt.+32&artist_name=White+Noise+from+TraxLab "HTTP/1.1 404 Not Found"
HTTP Request: GET https://lrclib.net/api/get?track_name=Dishwasher+Sounds+for+Babies%2C+Pt.+33&artist_name=White+Noise+from+TraxLab "HTTP/1.1 404 Not Found"
HTTP Request: GET https://lrclib.net/api/get?track_name=Dishwasher+Sounds+for+Babies%2C+Pt.+39&artist_name=White+Noise+from+TraxLab "HTTP/1.1 404 Not Found"
Processing request of type CallToolRequest
HTTP Request: GET https://api.spotify.com/v1/search?q=dishes+3+am&type=track&limit=10&offset=0 "HTTP/1.1 200 OK"
HTTP Request: GET https://api.spotify.com/v1/search?q=dishes+3+am&type=track&limit=10&offset=10 "HTTP/1.1 200 OK"
HTTP Request: GET https://api.spotify.com/v1/search?q=dishes+3+am&type=track&limit=10&offset=20 "HTTP/1.1 200 OK"
HTTP Request: GET https://lrclib.net/api/get?track_name=Heartless&artist_name=Kanye+West "HTTP/1.1 200 OK"
HTTP Request: GET https://lrclib.net/api/get?track_name=THESE+DISHES+AIN%27T+GONNA+DO+THEMSELVES&artist_name=KABEAUSH%C3%89 "HTTP/1.1 200 OK"
HTTP Request: GET https://lrclib.net/api/get?track_name=I+Bet+You+Think+About+Me+%28feat.+Chris+Stapleton%29+%28Taylor%E2%80%99s+Version%29+%28From+The+Vault%29&artist_name=Taylor+Swift "HTTP/1.1 200 OK"
HTTP Request: GET https://lrclib.net/api/get?track_name=Captain+Wedderburn&artist_name=Jon+Boden "HTTP/1.1 200 OK"
HTTP Request: GET https://lrclib.net/api/get?track_name=Washing+The+Dishes&artist_name=Relax+365 "HTTP/1.1 404 Not Found"
HTTP Request: GET https://lrclib.net/api/get?track_name=Dirty+Dishes&artist_name=Cliffie+Stone "HTTP/1.1 404 Not Found"
HTTP Request: GET https://lrclib.net/api/get?track_name=The+dishes+in+the+sink+need+washing&artist_name=9+Puddings "HTTP/1.1 404 Not Found"
HTTP Request: GET https://lrclib.net/api/get?track_name=hell+of+a+good+time&artist_name=Haiden+Henderson "HTTP/1.1 200 OK"
HTTP Request: GET https://lrclib.net/api/get?track_name=3am+in+Hell&artist_name=Lucifer+was+innocent "HTTP/1.1 200 OK"
HTTP Request: GET https://lrclib.net/api/get?track_name=Fatherless+Anthem&artist_name=Metal+Neon "HTTP/1.1 404 Not Found"
HTTP Request: GET https://lrclib.net/api/get?track_name=3%3A00+AM&artist_name=Finding+Hope "HTTP/1.1 200 OK"
HTTP Request: GET https://lrclib.net/api/get?track_name=3am&artist_name=Myles+Smith "HTTP/1.1 200 OK"
HTTP Request: GET https://lrclib.net/api/get?track_name=AM4%3A30&artist_name=deep-fried+dishes "HTTP/1.1 404 Not Found"
HTTP Request: GET https://lrclib.net/api/get?track_name=Relax+with+Bossa+Nova%2C+the+melody+that+colors+your+dishes&artist_name=Relaxing+Cafe+Music+BGM+335 "HTTP/1.1 404 Not Found"
HTTP Request: GET https://lrclib.net/api/get?track_name=Dirty+Dishes&artist_name=Amir+Royal "HTTP/1.1 404 Not Found"
HTTP Request: GET https://lrclib.net/api/get?track_name=Enjoy+The+Show+%28feat.+Future%29&artist_name=The+Weeknd "HTTP/1.1 200 OK"
HTTP Request: GET https://lrclib.net/api/get?track_name=Dishes&artist_name=Dirty+Base "HTTP/1.1 404 Not Found"
HTTP Request: GET https://lrclib.net/api/get?track_name=3+AM&artist_name=Star+Dat+Prince "HTTP/1.1 404 Not Found"
HTTP Request: GET https://lrclib.net/api/get?track_name=Crazy&artist_name=Chris+Coral "HTTP/1.1 200 OK"
HTTP Request: GET https://lrclib.net/api/get?track_name=Relax+with+Bossa+Nova%2C+the+melody+that+colors+your+dishes&artist_name=Relaxing+Cafe+Music+BGM+335 "HTTP/1.1 404 Not Found"
HTTP Request: GET https://lrclib.net/api/get?track_name=This+Is+How+I+Begin&artist_name=Solvexa "HTTP/1.1 404 Not Found"
HTTP Request: GET https://lrclib.net/api/get?track_name=Sonata+No.+11+in+A+Major%2C+K+331+%22Alla+Turca%22&artist_name=Wolfgang+Amadeus+Mozart "HTTP/1.1 404 Not Found"
HTTP Request: GET https://lrclib.net/api/get?track_name=dopamine&artist_name=Madelline "HTTP/1.1 200 OK"
HTTP Request: GET https://lrclib.net/api/get?track_name=3a.m&artist_name=TOGITO "HTTP/1.1 200 OK"
HTTP Request: GET https://lrclib.net/api/get?track_name=Ta+Ta+Ta+%28with+Jason+Derulo%29&artist_name=Bayanni "HTTP/1.1 200 OK"
HTTP Request: GET https://lrclib.net/api/get?track_name=3+A.M.&artist_name=King+Von "HTTP/1.1 200 OK"
HTTP Request: GET https://lrclib.net/api/get?track_name=New+York&artist_name=Ed+Sheeran "HTTP/1.1 200 OK"
HTTP Request: GET https://lrclib.net/api/get?track_name=Moonlit+Dishes&artist_name=EllenScott "HTTP/1.1 404 Not Found"
HTTP Request: GET https://lrclib.net/api/get?track_name=3+am+walk&artist_name=daniel.mp3 "HTTP/1.1 200 OK"
HTTP Request: GET https://lrclib.net/api/get?track_name=Quantum+Physics&artist_name=Livefromthecity "HTTP/1.1 404 Not Found"
Processing request of type CallToolRequest
HTTP Request: GET https://api.spotify.com/v1/search?q=late+night+dishwashing&type=track&limit=10&offset=0 "HTTP/1.1 200 OK"
HTTP Request: GET https://api.spotify.com/v1/search?q=late+night+dishwashing&type=track&limit=10&offset=10 "HTTP/1.1 200 OK"
HTTP Request: GET https://api.spotify.com/v1/search?q=late+night+dishwashing&type=track&limit=10&offset=20 "HTTP/1.1 200 OK"
HTTP Request: GET https://lrclib.net/api/get?track_name=Sex%2C+Drugs%2C+Etc.&artist_name=Beach+Weather "HTTP/1.1 200 OK"
HTTP Request: GET https://lrclib.net/api/get?track_name=hotline+%28edit%29&artist_name=Billie+Eilish "HTTP/1.1 200 OK"
HTTP Request: GET https://lrclib.net/api/get?track_name=HEAVEN+AND+BACK&artist_name=Chase+Atlantic "HTTP/1.1 200 OK"
HTTP Request: GET https://lrclib.net/api/get?track_name=Dishwashing+Whatnot&artist_name=Latenight%24 "HTTP/1.1 404 Not Found"
HTTP Request: GET https://lrclib.net/api/get?track_name=Rose&artist_name=Patti+Scialfa "HTTP/1.1 200 OK"
HTTP Request: GET https://lrclib.net/api/get?track_name=Sex%2C+Drugs%2C+Etc.&artist_name=Beach+Weather "HTTP/1.1 200 OK"
HTTP Request: GET https://lrclib.net/api/get?track_name=G.M.H&artist_name=JFX "HTTP/1.1 404 Not Found"
HTTP Request: GET https://lrclib.net/api/get?track_name=Dishwashing+Dreams%3A+Ambient+Flow&artist_name=Dishwasher+Sounds "HTTP/1.1 404 Not Found"
HTTP Request: GET https://lrclib.net/api/get?track_name=Relaxing+Shower+Sounds&artist_name=White+Noise+Sound "HTTP/1.1 404 Not Found"
HTTP Request: GET https://lrclib.net/api/get?track_name=Slow+Dancing+in+the+Kitchen&artist_name=The+Ink+and+the+Echo "HTTP/1.1 404 Not Found"
HTTP Request: GET https://lrclib.net/api/get?track_name=Late+Night+Talking&artist_name=Harry+Styles "HTTP/1.1 200 OK"
HTTP Request: GET https://lrclib.net/api/get?track_name=Teeth&artist_name=5+Seconds+of+Summer "HTTP/1.1 200 OK"
HTTP Request: GET https://lrclib.net/api/get?track_name=Sex%2C+Drugs%2C+Etc.&artist_name=Beach+Weather "HTTP/1.1 200 OK"
HTTP Request: GET https://lrclib.net/api/get?track_name=Trike&artist_name=You+Am+I "HTTP/1.1 200 OK"
HTTP Request: GET https://lrclib.net/api/get?track_name=The+Fate+of+Ophelia&artist_name=Taylor+Swift "HTTP/1.1 200 OK"
HTTP Request: GET https://lrclib.net/api/get?track_name=Trike&artist_name=You+Am+I "HTTP/1.1 200 OK"
HTTP Request: GET https://lrclib.net/api/get?track_name=Trike&artist_name=You+Am+I "HTTP/1.1 200 OK"
HTTP Request: GET https://lrclib.net/api/get?track_name=Just+Streaming+Water+in+a+Tile+Shower&artist_name=Invention+of+Light "HTTP/1.1 404 Not Found"
HTTP Request: GET https://lrclib.net/api/get?track_name=Sound+to+Remove+Water+from+Phone+Charging+Port&artist_name=nBeats "HTTP/1.1 404 Not Found"
HTTP Request: GET https://lrclib.net/api/get?track_name=Soothing+Rainshower&artist_name=Lavender+Balm "HTTP/1.1 200 OK"
HTTP Request: GET https://lrclib.net/api/get?track_name=Teeth&artist_name=5+Seconds+of+Summer "HTTP/1.1 200 OK"
HTTP Request: GET https://lrclib.net/api/get?track_name=Hotline+Bling&artist_name=Drake "HTTP/1.1 200 OK"
HTTP Request: GET https://lrclib.net/api/get?track_name=Chemtrails+Over+The+Country+Club&artist_name=Lana+Del+Rey "HTTP/1.1 200 OK"
HTTP Request: GET https://lrclib.net/api/get?track_name=Red&artist_name=Okkervil+River "HTTP/1.1 200 OK"
HTTP Request: GET https://lrclib.net/api/get?track_name=Good+Man&artist_name=Nikki+Lane "HTTP/1.1 200 OK"
HTTP Request: GET https://lrclib.net/api/get?track_name=Trike&artist_name=You+Am+I "HTTP/1.1 200 OK"
HTTP Request: GET https://lrclib.net/api/get?track_name=Good+Man&artist_name=Nikki+Lane "HTTP/1.1 200 OK"
HTTP Request: GET https://lrclib.net/api/get?track_name=Late+Night+Showers&artist_name=Eliminar "HTTP/1.1 404 Not Found"
HTTP Request: GET https://lrclib.net/api/get?track_name=Dishwashing+College+Graduate&artist_name=Simon+Alden "HTTP/1.1 404 Not Found"
HTTP Request: GET https://lrclib.net/api/get?track_name=Peaceful+Night+Shower+Blended+with+Relaxing+Brown+Noise&artist_name=Noise+and+Nature "HTTP/1.1 404 Not Found"
Processing request of type CallToolRequest
HTTP Request: GET https://api.spotify.com/v1/search?q=competition+dishes+kitchen+night&type=track&limit=10&offset=0 "HTTP/1.1 200 OK"
HTTP Request: GET https://api.spotify.com/v1/search?q=competition+dishes+kitchen+night&type=track&limit=10&offset=10 "HTTP/1.1 200 OK"
HTTP Request: GET https://api.spotify.com/v1/search?q=competition+dishes+kitchen+night&type=track&limit=10&offset=20 "HTTP/1.1 200 OK"
HTTP Request: GET https://lrclib.net/api/get?track_name=40+Mo%27+Reasons&artist_name=MudBaby+Ru "HTTP/1.1 200 OK"
HTTP Request: GET https://lrclib.net/api/get?track_name=tiny+things&artist_name=Tiny+Habits "HTTP/1.1 200 OK"
HTTP Request: GET https://lrclib.net/api/get?track_name=April+Showers&artist_name=Maisie+Peters "HTTP/1.1 200 OK"
HTTP Request: GET https://lrclib.net/api/get?track_name=Competition&artist_name=Masoom+Sharma "HTTP/1.1 404 Not Found"
HTTP Request: GET https://lrclib.net/api/get?track_name=Morning+Cartoons&artist_name=Racoma "HTTP/1.1 200 OK"
HTTP Request: GET https://lrclib.net/api/get?track_name=Competition&artist_name=Deep+Jandu "HTTP/1.1 404 Not Found"
HTTP Request: GET https://lrclib.net/api/get?track_name=Competition+%28Feat.+Mahi+Sharma%29&artist_name=Virasat+Sandhu "HTTP/1.1 404 Not Found"
HTTP Request: GET https://lrclib.net/api/get?track_name=COMPETITION+%26+CURRENCY+%28feat.+Talha+Anjum%29&artist_name=Umair "HTTP/1.1 200 OK"
HTTP Request: GET https://lrclib.net/api/get?track_name=40+Mo%27+Reasons&artist_name=MudBaby+Ru "HTTP/1.1 200 OK"
HTTP Request: GET https://lrclib.net/api/get?track_name=Competitive&artist_name=Aksomaniac "HTTP/1.1 200 OK"
HTTP Request: GET https://lrclib.net/api/get?track_name=Fallen+Angel&artist_name=Johnnie+Mikel "HTTP/1.1 200 OK"
HTTP Request: GET https://lrclib.net/api/get?track_name=Competition+Horn+Trending+Dialogue+Mix&artist_name=Dj+Aniket+Nagesh "HTTP/1.1 404 Not Found"
HTTP Request: GET https://lrclib.net/api/get?track_name=Khallas&artist_name=Asha+Bhosle "HTTP/1.1 404 Not Found"
HTTP Request: GET https://lrclib.net/api/get?track_name=COMPETITION+%26+CURRENCY+%28feat.+Talha+Anjum%29&artist_name=Umair "HTTP/1.1 200 OK"
HTTP Request: GET https://lrclib.net/api/get?track_name=Red&artist_name=Okkervil+River "HTTP/1.1 200 OK"
HTTP Request: GET https://lrclib.net/api/get?track_name=Commentry+RJ+Ruchi+%26+Hungama+Hogaya&artist_name=RJ+Ruchi "HTTP/1.1 404 Not Found"
HTTP Request: GET https://lrclib.net/api/get?track_name=Fallen+Angel&artist_name=Johnnie+Mikel "HTTP/1.1 200 OK"
HTTP Request: GET https://lrclib.net/api/get?track_name=The+Ballad+of+the+New+York+Times&artist_name=Amanda+Palmer "HTTP/1.1 200 OK"
HTTP Request: GET https://lrclib.net/api/get?track_name=Mike+%28desert+island+duvet%29&artist_name=Fred+again.. "HTTP/1.1 200 OK"
HTTP Request: GET https://lrclib.net/api/get?track_name=Competition&artist_name=K.S+Makhan "HTTP/1.1 404 Not Found"
HTTP Request: GET https://lrclib.net/api/get?track_name=On+Da+Way&artist_name=Prophiavelli "HTTP/1.1 404 Not Found"
HTTP Request: GET https://lrclib.net/api/get?track_name=Commentary+Tabussum+And+O+Saathi+Re+-+Muqaddar+Ka+Sikandar&artist_name=Tabassum "HTTP/1.1 200 OK"
HTTP Request: GET https://lrclib.net/api/get?track_name=The+Ballad+of+the+New+York+Times&artist_name=Amanda+Palmer "HTTP/1.1 200 OK"
HTTP Request: GET https://lrclib.net/api/get?track_name=Commentry+Tabassum+And+Zindagi+Pyar+Ka+Geet+Hai&artist_name=Tabassum "HTTP/1.1 200 OK"
HTTP Request: GET https://lrclib.net/api/get?track_name=Sunday+Roast&artist_name=Nerve "HTTP/1.1 200 OK"
HTTP Request: GET https://lrclib.net/api/get?track_name=The+Ballad+of+the+New+York+Times&artist_name=Amanda+Palmer "HTTP/1.1 200 OK"
HTTP Request: GET https://lrclib.net/api/get?track_name=Work+Sumn+%28feat.+Tory+Lanez+and+Jacquees%29&artist_name=Kirko+Bangz "HTTP/1.1 200 OK"
HTTP Request: GET https://lrclib.net/api/get?track_name=Compro&artist_name=Lakhi+Ghuman "HTTP/1.1 200 OK"
HTTP Request: GET https://lrclib.net/api/get?track_name=Company+Commander&artist_name=Ajay+Hooda "HTTP/1.1 404 Not Found"
HTTP Request: GET https://lrclib.net/api/get?track_name=Bailan&artist_name=2+Chainz "HTTP/1.1 200 OK"
Processing request of type CallToolRequest
HTTP Request: GET https://api.spotify.com/v1/search?q=dishwashing+3am+competitive&type=track&limit=10&offset=0 "HTTP/1.1 200 OK"
Processing request of type CallToolRequest
HTTP Request: GET https://lrclib.net/api/get?track_name=Dishwashing+College+Graduate&artist_name=Simon+Alden "HTTP/1.1 404 Not Found"
Processing request of type CallToolRequest
HTTP Request: GET https://lrclib.net/api/get?track_name=Dishwashing+Dreams%3A+Ambient+Flow&artist_name=Dishwasher+Sounds "HTTP/1.1 404 Not Found"
Processing request of type CallToolRequest
HTTP Request: GET https://api.spotify.com/v1/search?q=three+in+the+morning+dishes&type=track&limit=10&offset=0 "HTTP/1.1 200 OK"
HTTP Request: GET https://api.spotify.com/v1/search?q=three+in+the+morning+dishes&type=track&limit=10&offset=10 "HTTP/1.1 200 OK"
HTTP Request: GET https://api.spotify.com/v1/search?q=three+in+the+morning+dishes&type=track&limit=10&offset=20 "HTTP/1.1 200 OK"
HTTP Request: GET https://lrclib.net/api/get?track_name=rocket+science&artist_name=vaultboy "HTTP/1.1 200 OK"
HTTP Request: GET https://lrclib.net/api/get?track_name=In+the+morning&artist_name=ITZY "HTTP/1.1 200 OK"
HTTP Request: GET https://lrclib.net/api/get?track_name=Three+in+the+Morning&artist_name=KT+Story "HTTP/1.1 404 Not Found"
HTTP Request: GET https://lrclib.net/api/get?track_name=Ain%27t+Nobody&artist_name=Anirudh+Ravichander "HTTP/1.1 200 OK"
HTTP Request: GET https://lrclib.net/api/get?track_name=Three+In+The+Morning&artist_name=Dozy+D "HTTP/1.1 404 Not Found"
HTTP Request: GET https://lrclib.net/api/get?track_name=Over+My+Dead+Body&artist_name=Drake "HTTP/1.1 200 OK"
HTTP Request: GET https://lrclib.net/api/get?track_name=Ain%27t+Nobody+%28From+%22DC%22%29&artist_name=Anirudh+Ravichander "HTTP/1.1 200 OK"
HTTP Request: GET https://lrclib.net/api/get?track_name=Quantum+Physics&artist_name=Livefromthecity "HTTP/1.1 404 Not Found"
HTTP Request: GET https://lrclib.net/api/get?track_name=Quantum+Physics&artist_name=Livefromthecity "HTTP/1.1 404 Not Found"
HTTP Request: GET https://lrclib.net/api/get?track_name=Dishdrainer+Blues&artist_name=Mike+Webb+%26+the+Sp8ders "HTTP/1.1 404 Not Found"
HTTP Request: GET https://lrclib.net/api/get?track_name=4+In+The+Morning&artist_name=Gwen+Stefani "HTTP/1.1 200 OK"
HTTP Request: GET https://lrclib.net/api/get?track_name=Casimir+Pulaski+Day&artist_name=Sufjan+Stevens "HTTP/1.1 200 OK"
HTTP Request: GET https://lrclib.net/api/get?track_name=Creatures+in+Heaven&artist_name=Glass+Animals "HTTP/1.1 200 OK"
HTTP Request: GET https://lrclib.net/api/get?track_name=Dance+With+The+Devil&artist_name=Immortal+Technique "HTTP/1.1 200 OK"
HTTP Request: GET https://lrclib.net/api/get?track_name=Three+in+the+Morning&artist_name=Tuesday+X "HTTP/1.1 404 Not Found"
HTTP Request: GET https://lrclib.net/api/get?track_name=Wake+Up+in+the+Morning&artist_name=Sound+Effects+Zone "HTTP/1.1 404 Not Found"
HTTP Request: GET https://lrclib.net/api/get?track_name=3+a.m.&artist_name=ChewieCatt "HTTP/1.1 404 Not Found"
HTTP Request: GET https://lrclib.net/api/get?track_name=3+a.m.&artist_name=ChewieCatt "HTTP/1.1 404 Not Found"
HTTP Request: GET https://lrclib.net/api/get?track_name=Three+in+the+morning&artist_name=N%C3%98LAT "HTTP/1.1 404 Not Found"
HTTP Request: GET https://lrclib.net/api/get?track_name=the+morning+light+is+turning+blue&artist_name=314pies "HTTP/1.1 404 Not Found"
HTTP Request: GET https://lrclib.net/api/get?track_name=Low+%28feat.+T-Pain%29&artist_name=Flo+Rida "HTTP/1.1 200 OK"
HTTP Request: GET https://lrclib.net/api/get?track_name=DArkSide&artist_name=Bring+Me+The+Horizon "HTTP/1.1 200 OK"
HTTP Request: GET https://lrclib.net/api/get?track_name=Three+in+the+Morning+%E2%80%94+Deep+Sleep+Music&artist_name=Zenora "HTTP/1.1 404 Not Found"
HTTP Request: GET https://lrclib.net/api/get?track_name=Keep+You+Mine+-+Acoustic&artist_name=NOTD "HTTP/1.1 200 OK"
HTTP Request: GET https://lrclib.net/api/get?track_name=Three+in+the+Morning&artist_name=Billy+Tibbals "HTTP/1.1 404 Not Found"
HTTP Request: GET https://lrclib.net/api/get?track_name=THREE+IN+THE+MORNING&artist_name=k%3Fd "HTTP/1.1 200 OK"
HTTP Request: GET https://lrclib.net/api/get?track_name=3+in+the+morning&artist_name=sontif5g "HTTP/1.1 404 Not Found"
HTTP Request: GET https://lrclib.net/api/get?track_name=3+Generations+-+Full+Moon+Eleven&artist_name=Hawksley+Workman "HTTP/1.1 404 Not Found"
HTTP Request: GET https://lrclib.net/api/get?track_name=3AM&artist_name=Jay+B "HTTP/1.1 200 OK"
HTTP Request: GET https://lrclib.net/api/get?track_name=I%27m+to+Blame&artist_name=Izzy+AyDee "HTTP/1.1 404 Not Found"
Processing request of type CallToolRequest
HTTP Request: GET https://api.spotify.com/v1/search?q=competitive+washing+dishes&type=track&limit=10&offset=0 "HTTP/1.1 200 OK"
HTTP Request: GET https://api.spotify.com/v1/search?q=competitive+washing+dishes&type=track&limit=10&offset=10 "HTTP/1.1 200 OK"
HTTP Request: GET https://api.spotify.com/v1/search?q=competitive+washing+dishes&type=track&limit=10&offset=20 "HTTP/1.1 200 OK"
HTTP Request: GET https://lrclib.net/api/get?track_name=Washing+Dishes&artist_name=Jack+Johnson "HTTP/1.1 200 OK"
HTTP Request: GET https://lrclib.net/api/get?track_name=Washing+Machine+Heart&artist_name=Mitski "HTTP/1.1 200 OK"
HTTP Request: GET https://lrclib.net/api/get?track_name=Carrying+The+Banner&artist_name=Jeremy+Jordan "HTTP/1.1 200 OK"
HTTP Request: GET https://lrclib.net/api/get?track_name=Carrying+the+Banner&artist_name=Newsies+Ensemble "HTTP/1.1 200 OK"
HTTP Request: GET https://lrclib.net/api/get?track_name=I+Wish+I+Was&artist_name=The+Avett+Brothers "HTTP/1.1 200 OK"
HTTP Request: GET https://lrclib.net/api/get?track_name=Psychic+City+-+Classixx+Remix&artist_name=YACHT "HTTP/1.1 200 OK"
HTTP Request: GET https://lrclib.net/api/get?track_name=Sound+to+Remove+Water+from+Phone+Charging+Port&artist_name=nBeats "HTTP/1.1 404 Not Found"
HTTP Request: GET https://lrclib.net/api/get?track_name=Washing+Machine+Spin+Cycle+%28Loopable+no+fade%29&artist_name=Dream+Supplier "HTTP/1.1 404 Not Found"
HTTP Request: GET https://lrclib.net/api/get?track_name=Competitive&artist_name=Aksomaniac "HTTP/1.1 200 OK"
HTTP Request: GET https://lrclib.net/api/get?track_name=Washing+Machine+Soundscape+Loundry+Room+%28Loopable+no+fade%29&artist_name=Dream+Supplier "HTTP/1.1 404 Not Found"
HTTP Request: GET https://lrclib.net/api/get?track_name=Washing+The+Dishes&artist_name=Relax+365 "HTTP/1.1 404 Not Found"
HTTP Request: GET https://lrclib.net/api/get?track_name=Beautiful+Sadness&artist_name=Mon+Laferte "HTTP/1.1 200 OK"
HTTP Request: GET https://lrclib.net/api/get?track_name=DEATHCAMP+%28feat.+Cole+Alexander%29&artist_name=Tyler "HTTP/1.1 200 OK"
HTTP Request: GET https://lrclib.net/api/get?track_name=keeping+up&artist_name=Microwave "HTTP/1.1 200 OK"
HTTP Request: GET https://lrclib.net/api/get?track_name=Business&artist_name=Kid+Reed "HTTP/1.1 404 Not Found"
HTTP Request: GET https://lrclib.net/api/get?track_name=Up+and+Down&artist_name=Joshua+Burnside "HTTP/1.1 200 OK"
HTTP Request: GET https://lrclib.net/api/get?track_name=washing+machine+heart+-+slowed&artist_name=xaoc "HTTP/1.1 404 Not Found"
HTTP Request: GET https://lrclib.net/api/get?track_name=What+You+Need&artist_name=Jay+Som "HTTP/1.1 200 OK"
HTTP Request: GET https://lrclib.net/api/get?track_name=Peaceful+ASMR+Washing+Machine+%28Loopable+no+fade%29&artist_name=Dream+Supplier "HTTP/1.1 404 Not Found"
HTTP Request: GET https://lrclib.net/api/get?track_name=Home+to+Us&artist_name=Paul+McCartney "HTTP/1.1 200 OK"
HTTP Request: GET https://lrclib.net/api/get?track_name=What+Happens&artist_name=Joy+Woods "HTTP/1.1 200 OK"
HTTP Request: GET https://lrclib.net/api/get?track_name=She%27s+Such+A+Beauty&artist_name=Emitt+Rhodes "HTTP/1.1 200 OK"
HTTP Request: GET https://lrclib.net/api/get?track_name=Washing+Machine+White+Noise+For+Sleeping+%28Loopable+no+fade%29&artist_name=Dream+Supplier "HTTP/1.1 404 Not Found"
HTTP Request: GET https://lrclib.net/api/get?track_name=Blow+Your+Mind&artist_name=Ohana+Bam "HTTP/1.1 200 OK"
HTTP Request: GET https://lrclib.net/api/get?track_name=Hand+Washing+Dishes+%28Version+3%29+%5BSound+Effect%5D&artist_name=Finnolia+Sound+Effects "HTTP/1.1 404 Not Found"
HTTP Request: GET https://lrclib.net/api/get?track_name=DEATHCAMP+%28feat.+Cole+Alexander%29&artist_name=Tyler "HTTP/1.1 200 OK"
HTTP Request: GET https://lrclib.net/api/get?track_name=Washing+Machine+Running+Water+Sound+%28Loopable+no+fade%29&artist_name=Dream+Supplier "HTTP/1.1 404 Not Found"
HTTP Request: GET https://lrclib.net/api/get?track_name=Washing+Machine+Laundry+Room+ASMR+%28Loopable+no+fade%29&artist_name=Dream+Supplier "HTTP/1.1 404 Not Found"
HTTP Request: GET https://lrclib.net/api/get?track_name=Soft+Slow+Washing+Machine+For+Sleeping+%28Loopable+no+fade%29&artist_name=Dream+Supplier "HTTP/1.1 404 Not Found"
HTTP Request: GET https://lrclib.net/api/get?track_name=Relaxing+Washing+Machine+Laundry+%28Loopable+no+fade%29&artist_name=Dream+Supplier "HTTP/1.1 404 Not Found"
Processing request of type CallToolRequest
HTTP Request: GET https://api.spotify.com/v1/search?q=dishwasher+3am&type=track&limit=10&offset=0 "HTTP/1.1 200 OK"
HTTP Request: GET https://api.spotify.com/v1/search?q=dishwasher+3am&type=track&limit=10&offset=10 "HTTP/1.1 200 OK"
HTTP Request: GET https://api.spotify.com/v1/search?q=dishwasher+3am&type=track&limit=10&offset=20 "HTTP/1.1 200 OK"
HTTP Request: GET https://lrclib.net/api/get?track_name=Alarm+Clock+Beep&artist_name=Pro+Sound+Effects+Library "HTTP/1.1 404 Not Found"
HTTP Request: GET https://lrclib.net/api/get?track_name=Alarm+Clock+Beep&artist_name=Pro+Sound+Effects+Library "HTTP/1.1 404 Not Found"
HTTP Request: GET https://lrclib.net/api/get?track_name=Dishwasher+Sounds+for+Babies%2C+Pt.+32&artist_name=White+Noise+from+TraxLab "HTTP/1.1 404 Not Found"
HTTP Request: GET https://lrclib.net/api/get?track_name=Speaker+Cleaner+Sound+-+Remove+Water+%26+Dust+%5BSmartphones%2C+tablets%2C+earphones%2C+headphones%2C+laptop+PC%5D&artist_name=OTOTOKAGAKU "HTTP/1.1 404 Not Found"
HTTP Request: GET https://lrclib.net/api/get?track_name=Hair+Dryer+Sound+3+-+Loopable+Without+Fade&artist_name=Al+Lullaby+ASMR "HTTP/1.1 404 Not Found"
HTTP Request: GET https://lrclib.net/api/get?track_name=Cell+Phone+Speaker+Cleaning+Sound&artist_name=nBeats "HTTP/1.1 404 Not Found"
HTTP Request: GET https://lrclib.net/api/get?track_name=Dishwasher+Sounds+for+Babies%2C+Pt.+36&artist_name=White+Noise+from+TraxLab "HTTP/1.1 404 Not Found"
HTTP Request: GET https://lrclib.net/api/get?track_name=Dishwasher+Sounds+for+Babies%2C+Pt.+37&artist_name=White+Noise+from+TraxLab "HTTP/1.1 404 Not Found"
HTTP Request: GET https://lrclib.net/api/get?track_name=Dishwasher+Sounds+for+Babies%2C+Pt.+35&artist_name=White+Noise+from+TraxLab "HTTP/1.1 404 Not Found"
HTTP Request: GET https://lrclib.net/api/get?track_name=Dishwasher+Sounds+for+Babies%2C+Pt.+30&artist_name=White+Noise+from+TraxLab "HTTP/1.1 404 Not Found"
HTTP Request: GET https://lrclib.net/api/get?track_name=Dishwasher+Drone%3A+36+Minutes+of+Soothing+Dishwasher+Ambience&artist_name=groundsounds "HTTP/1.1 404 Not Found"
HTTP Request: GET https://lrclib.net/api/get?track_name=3AM+Dishwasher&artist_name=Aesthetic+Infinity "HTTP/1.1 404 Not Found"
HTTP Request: GET https://lrclib.net/api/get?track_name=Dishwasher+Sounds+for+Babies%2C+Pt.+39&artist_name=White+Noise+from+TraxLab "HTTP/1.1 404 Not Found"
HTTP Request: GET https://lrclib.net/api/get?track_name=Sound+to+Remove+Water+from+Phone+Speakers&artist_name=nBeats "HTTP/1.1 404 Not Found"
HTTP Request: GET https://lrclib.net/api/get?track_name=Dishwasher+Sounds+for+Babies%2C+Pt.+31&artist_name=White+Noise+from+TraxLab "HTTP/1.1 404 Not Found"
HTTP Request: GET https://lrclib.net/api/get?track_name=Alarm+Clock+Sound+Loud&artist_name=Sound+Effects+Zone "HTTP/1.1 404 Not Found"
HTTP Request: GET https://lrclib.net/api/get?track_name=Cell+Phone+Speaker+Cleaning+Sound&artist_name=nBeats "HTTP/1.1 404 Not Found"
HTTP Request: GET https://lrclib.net/api/get?track_name=Sound+to+Remove+Water+from+Mobile&artist_name=nBeats "HTTP/1.1 404 Not Found"
HTTP Request: GET https://lrclib.net/api/get?track_name=Dishwasher+04&artist_name=Sleep+Sounds+HD "HTTP/1.1 404 Not Found"
HTTP Request: GET https://lrclib.net/api/get?track_name=Dishwasher+Sounds+for+Babies%2C+Pt.+33&artist_name=White+Noise+from+TraxLab "HTTP/1.1 404 Not Found"
HTTP Request: GET https://lrclib.net/api/get?track_name=Dishwasher+Sounds+for+Babies%2C+Pt.+32&artist_name=White+Noise+from+TraxLab "HTTP/1.1 404 Not Found"
HTTP Request: GET https://lrclib.net/api/get?track_name=Hairdryer+Sound+For+Sleeping+Time+%28Loopable+no+fade%29&artist_name=Dream+Supplier "HTTP/1.1 404 Not Found"
HTTP Request: GET https://lrclib.net/api/get?track_name=New32&artist_name=Bug+Bus+Piano "HTTP/1.1 404 Not Found"
HTTP Request: GET https://lrclib.net/api/get?track_name=Dishwasher+-+Automatic+Dishwasher%3A+Start%2C+Run%2C+Shut+off%2C+Large+Household+Appliances&artist_name=Sound+Effects+Library "HTTP/1.1 404 Not Found"
HTTP Request: GET https://lrclib.net/api/get?track_name=Samsung+Alarm&artist_name=Ro+Ryon "HTTP/1.1 404 Not Found"
HTTP Request: GET https://lrclib.net/api/get?track_name=The+Dishwasher+At+3+A.M.&artist_name=HOBARK "HTTP/1.1 404 Not Found"
HTTP Request: GET https://lrclib.net/api/get?track_name=Alarm+Sound+%281+Min%29&artist_name=ASQVA "HTTP/1.1 404 Not Found"
HTTP Request: GET https://lrclib.net/api/get?track_name=Dishwasher+Sounds+for+Babies%2C+Pt.+38&artist_name=White+Noise+from+TraxLab "HTTP/1.1 404 Not Found"
HTTP Request: GET https://lrclib.net/api/get?track_name=Chimes%3A+Set+3&artist_name=Natural+Sounds "HTTP/1.1 404 Not Found"
HTTP Request: GET https://lrclib.net/api/get?track_name=Dishwasher+Sounds+for+Babies%2C+Pt.+34&artist_name=White+Noise+from+TraxLab "HTTP/1.1 404 Not Found"
Processing request of type CallToolRequest
HTTP Request: GET https://api.spotify.com/v1/search?q=dish+washer+competition+3+am&type=track&limit=10&offset=0 "HTTP/1.1 200 OK"
HTTP Request: GET https://api.spotify.com/v1/search?q=dish+washer+competition+3+am&type=track&limit=10&offset=10 "HTTP/1.1 200 OK"
HTTP Request: GET https://api.spotify.com/v1/search?q=dish+washer+competition+3+am&type=track&limit=10&offset=20 "HTTP/1.1 200 OK"
HTTP Request: GET https://lrclib.net/api/get?track_name=Dus+Bahane&artist_name=Vishal-Shekhar "HTTP/1.1 404 Not Found"
HTTP Request: GET https://lrclib.net/api/get?track_name=CtrlAltDelete&artist_name=BONES "HTTP/1.1 200 OK"
HTTP Request: GET https://lrclib.net/api/get?track_name=Somebody+Cooked+Here&artist_name=Elizabeth+Nichols "HTTP/1.1 200 OK"
HTTP Request: GET https://lrclib.net/api/get?track_name=The+Mother%27s+Day+Song&artist_name=Bryant+Oden "HTTP/1.1 404 Not Found"
HTTP Request: GET https://lrclib.net/api/get?track_name=Constitution+Street+Kid&artist_name=JackSounds "HTTP/1.1 404 Not Found"
HTTP Request: GET https://lrclib.net/api/get?track_name=Friday+the+13th&artist_name=Lil+Revive "HTTP/1.1 200 OK"
HTTP Request: GET https://lrclib.net/api/get?track_name=10+Minute+Thriller&artist_name=Q-York "HTTP/1.1 404 Not Found"
HTTP Request: GET https://lrclib.net/api/get?track_name=Army&artist_name=Pawitar "HTTP/1.1 404 Not Found"
HTTP Request: GET https://lrclib.net/api/get?track_name=Compro&artist_name=Lakhi+Ghuman "HTTP/1.1 200 OK"
HTTP Request: GET https://lrclib.net/api/get?track_name=Hate+Me+Or+Love+Me&artist_name=KAHUKX "HTTP/1.1 200 OK"
HTTP Request: GET https://lrclib.net/api/get?track_name=Dhishum+Dhishum&artist_name=Shravan "HTTP/1.1 404 Not Found"
HTTP Request: GET https://lrclib.net/api/get?track_name=Constitution+Street+Kid&artist_name=JackSounds "HTTP/1.1 404 Not Found"
HTTP Request: GET https://lrclib.net/api/get?track_name=Convenient+-+Remix&artist_name=TommieTee "HTTP/1.1 404 Not Found"
HTTP Request: GET https://lrclib.net/api/get?track_name=Teleprompters&artist_name=The+Uncluded "HTTP/1.1 200 OK"
HTTP Request: GET https://lrclib.net/api/get?track_name=10+Minute+Thriller&artist_name=Q-York "HTTP/1.1 404 Not Found"
HTTP Request: GET https://lrclib.net/api/get?track_name=Army&artist_name=Pawitar "HTTP/1.1 404 Not Found"
HTTP Request: GET https://lrclib.net/api/get?track_name=Other+Side&artist_name=Corvin+Raps "HTTP/1.1 404 Not Found"
HTTP Request: GET https://lrclib.net/api/get?track_name=Compro&artist_name=Lakhi+Ghuman "HTTP/1.1 200 OK"
HTTP Request: GET https://lrclib.net/api/get?track_name=Jungle&artist_name=Andre+Nickatina "HTTP/1.1 200 OK"
HTTP Request: GET https://lrclib.net/api/get?track_name=Dishes&artist_name=Jouspra+mc "HTTP/1.1 404 Not Found"
HTTP Request: GET https://lrclib.net/api/get?track_name=Dhishum+Dhishum&artist_name=Shravan "HTTP/1.1 404 Not Found"
HTTP Request: GET https://lrclib.net/api/get?track_name=Dus+Bahane+%28Extended%29&artist_name=Vishal-Shekhar "HTTP/1.1 404 Not Found"
HTTP Request: GET https://lrclib.net/api/get?track_name=Jaaneman+Aah+%28Film+Version%29&artist_name=Pritam "HTTP/1.1 404 Not Found"
HTTP Request: GET https://lrclib.net/api/get?track_name=Teleprompters&artist_name=The+Uncluded "HTTP/1.1 200 OK"
HTTP Request: GET https://lrclib.net/api/get?track_name=Rock+Your+Socks&artist_name=Tenacious+D "HTTP/1.1 200 OK"
HTTP Request: GET https://lrclib.net/api/get?track_name=Teleprompters&artist_name=The+Uncluded "HTTP/1.1 200 OK"
HTTP Request: GET https://lrclib.net/api/get?track_name=Aaha+Tamatar+Bada+Mazedar&artist_name=Choti+Aur+Badi "HTTP/1.1 404 Not Found"
HTTP Request: GET https://lrclib.net/api/get?track_name=We+like+to+party&artist_name=Leellamarz "HTTP/1.1 200 OK"
HTTP Request: GET https://lrclib.net/api/get?track_name=Cream+Of+The+Crop&artist_name=Kel "HTTP/1.1 404 Not Found"
HTTP Request: GET https://lrclib.net/api/get?track_name=PARTY&artist_name=Xprso. "HTTP/1.1 404 Not Found"
Processing request of type CallToolRequest
HTTP Request: GET https://api.spotify.com/v1/search?q=kitchen+competition+3am&type=track&limit=10&offset=0 "HTTP/1.1 200 OK"
HTTP Request: GET https://api.spotify.com/v1/search?q=kitchen+competition+3am&type=track&limit=10&offset=10 "HTTP/1.1 200 OK"
HTTP Request: GET https://api.spotify.com/v1/search?q=kitchen+competition+3am&type=track&limit=10&offset=20 "HTTP/1.1 200 OK"
HTTP Request: GET https://lrclib.net/api/get?track_name=Kitchen&artist_name=SZA "HTTP/1.1 200 OK"
HTTP Request: GET https://lrclib.net/api/get?track_name=Rat+In+Mi+Kitchen&artist_name=UB40 "HTTP/1.1 200 OK"
HTTP Request: GET https://lrclib.net/api/get?track_name=The+Champion&artist_name=Carrie+Underwood "HTTP/1.1 200 OK"
HTTP Request: GET https://lrclib.net/api/get?track_name=3AM+AT+FALLS&artist_name=JJ47 "HTTP/1.1 404 Not Found"
HTTP Request: GET https://lrclib.net/api/get?track_name=Attention&artist_name=Bryson+Tiller "HTTP/1.1 200 OK"
HTTP Request: GET https://lrclib.net/api/get?track_name=Body+%26+Soul&artist_name=Joeboy "HTTP/1.1 200 OK"
HTTP Request: GET https://lrclib.net/api/get?track_name=Agent+Zero&artist_name=Lowtyde "HTTP/1.1 404 Not Found"
HTTP Request: GET https://lrclib.net/api/get?track_name=Kitchen+Light+At+3AM&artist_name=Zweedify "HTTP/1.1 404 Not Found"
HTTP Request: GET https://lrclib.net/api/get?track_name=Kitchen&artist_name=SZA "HTTP/1.1 200 OK"
HTTP Request: GET https://lrclib.net/api/get?track_name=War+%28Intro%29&artist_name=Don+Luta "HTTP/1.1 404 Not Found"
HTTP Request: GET https://lrclib.net/api/get?track_name=Kitchen+Flowers&artist_name=Them+%26+I "HTTP/1.1 200 OK"
HTTP Request: GET https://lrclib.net/api/get?track_name=This+Is+How+I+Begin&artist_name=Solvexa "HTTP/1.1 404 Not Found"
HTTP Request: GET https://lrclib.net/api/get?track_name=The+Champion+-+Bonus+Track&artist_name=Carrie+Underwood "HTTP/1.1 200 OK"
HTTP Request: GET https://lrclib.net/api/get?track_name=I+Bet+You+Think+About+Me+%28feat.+Chris+Stapleton%29+%28Taylor%E2%80%99s+Version%29+%28From+The+Vault%29&artist_name=Taylor+Swift "HTTP/1.1 200 OK"
HTTP Request: GET https://lrclib.net/api/get?track_name=How+Do+You+Know+It%E2%80%99s+Not+Armadillo+Shells%3F&artist_name=Hot+Mulligan "HTTP/1.1 200 OK"
HTTP Request: GET https://lrclib.net/api/get?track_name=3a.m&artist_name=TOGITO "HTTP/1.1 200 OK"
HTTP Request: GET https://lrclib.net/api/get?track_name=Kitchen+Floor&artist_name=I%27m+No+Chessman "HTTP/1.1 200 OK"
HTTP Request: GET https://lrclib.net/api/get?track_name=Body+%26+Soul&artist_name=Joeboy "HTTP/1.1 200 OK"
HTTP Request: GET https://lrclib.net/api/get?track_name=Kitchen+Light+at+2AM&artist_name=Chillin+Goose "HTTP/1.1 404 Not Found"
HTTP Request: GET https://lrclib.net/api/get?track_name=War+%28Intro%29&artist_name=Don+Luta "HTTP/1.1 404 Not Found"
HTTP Request: GET https://lrclib.net/api/get?track_name=Bad+Things+%28with+Camila+Cabello%29&artist_name=mgk "HTTP/1.1 200 OK"
HTTP Request: GET https://lrclib.net/api/get?track_name=3a.m&artist_name=TOGITO "HTTP/1.1 200 OK"
HTTP Request: GET https://lrclib.net/api/get?track_name=Alpha+Omega&artist_name=mgk "HTTP/1.1 200 OK"
HTTP Request: GET https://lrclib.net/api/get?track_name=Kitchen+Stove+-+Remix&artist_name=Pozer "HTTP/1.1 200 OK"
HTTP Request: GET https://lrclib.net/api/get?track_name=The+Way+That+I+Am&artist_name=Joyner+Lucas "HTTP/1.1 200 OK"
HTTP Request: GET https://lrclib.net/api/get?track_name=Roc+Steady+%28feat.+Flo+Milli%29&artist_name=Megan+Thee+Stallion "HTTP/1.1 200 OK"
HTTP Request: GET https://lrclib.net/api/get?track_name=Who%27s+Dat+Girl+%28feat.+Rema%29&artist_name=Ayra+Starr "HTTP/1.1 404 Not Found"
HTTP Request: GET https://lrclib.net/api/get?track_name=CHAPTER+8+KITCHEN+RULES&artist_name=Speed+rail "HTTP/1.1 404 Not Found"
HTTP Request: GET https://lrclib.net/api/get?track_name=R+U+SLEEPING&artist_name=Sigma "HTTP/1.1 200 OK"
HTTP Request: GET https://lrclib.net/api/get?track_name=kitchen+tile+finale&artist_name=Mizal "HTTP/1.1 404 Not Found"
Processing request of type CallToolRequest
HTTP Request: GET https://lrclib.net/api/get?track_name=Kitchen+Floor&artist_name=I%27m+No+Chessman "HTTP/1.1 200 OK"
Processing request of type CallToolRequest
HTTP Request: GET https://api.spotify.com/v1/search?q=3am+kitchen+dishes+competition&type=track&limit=10&offset=0 "HTTP/1.1 200 OK"
HTTP Request: GET https://api.spotify.com/v1/search?q=3am+kitchen+dishes+competition&type=track&limit=10&offset=10 "HTTP/1.1 200 OK"
HTTP Request: GET https://api.spotify.com/v1/search?q=3am+kitchen+dishes+competition&type=track&limit=10&offset=20 "HTTP/1.1 200 OK"
HTTP Request: GET https://lrclib.net/api/get?track_name=Creature&artist_name=It+Looks+Sad. "HTTP/1.1 200 OK"
HTTP Request: GET https://lrclib.net/api/get?track_name=Pans+in+the+Kitchen&artist_name=Hopsin "HTTP/1.1 200 OK"
HTTP Request: GET https://lrclib.net/api/get?track_name=Pans+in+the+Kitchen&artist_name=Hopsin "HTTP/1.1 200 OK"
HTTP Request: GET https://lrclib.net/api/get?track_name=Outer+Space&artist_name=Xcozso "HTTP/1.1 200 OK"
HTTP Request: GET https://lrclib.net/api/get?track_name=3am&artist_name=ROS%C3%89 "HTTP/1.1 200 OK"
HTTP Request: GET https://lrclib.net/api/get?track_name=3am+in+Hell&artist_name=Lucifer+was+innocent "HTTP/1.1 200 OK"
HTTP Request: GET https://lrclib.net/api/get?track_name=3AM+AT+FALLS&artist_name=JJ47 "HTTP/1.1 404 Not Found"
HTTP Request: GET https://lrclib.net/api/get?track_name=POP+ROCKS&artist_name=Coco+Jamar "HTTP/1.1 200 OK"
HTTP Request: GET https://lrclib.net/api/get?track_name=3+AM+IN+MUMBAI&artist_name=Baggh-e+SMG "HTTP/1.1 200 OK"
HTTP Request: GET https://lrclib.net/api/get?track_name=3a.m&artist_name=TOGITO "HTTP/1.1 200 OK"
HTTP Request: GET https://lrclib.net/api/get?track_name=3+am+walk&artist_name=daniel.mp3 "HTTP/1.1 200 OK"
HTTP Request: GET https://lrclib.net/api/get?track_name=LET+ME+COOK&artist_name=Connor+Price "HTTP/1.1 200 OK"
HTTP Request: GET https://lrclib.net/api/get?track_name=Evil+Twin&artist_name=Eminem "HTTP/1.1 200 OK"
HTTP Request: GET https://lrclib.net/api/get?track_name=COMPETITION+%26+CURRENCY+%28feat.+Talha+Anjum%29&artist_name=Umair "HTTP/1.1 200 OK"
HTTP Request: GET https://lrclib.net/api/get?track_name=3AM+In+Nagpur&artist_name=Naam+Sujal "HTTP/1.1 200 OK"
HTTP Request: GET https://lrclib.net/api/get?track_name=3+AM+IN+NOWHERE&artist_name=JJ47 "HTTP/1.1 404 Not Found"
HTTP Request: GET https://lrclib.net/api/get?track_name=Evils+Residence&artist_name=Sparda+Deleon "HTTP/1.1 200 OK"
HTTP Request: GET https://lrclib.net/api/get?track_name=3am+on+Scott+Road&artist_name=TIGERTRONIK "HTTP/1.1 404 Not Found"
HTTP Request: GET https://lrclib.net/api/get?track_name=I%27m+Different&artist_name=2+Chainz "HTTP/1.1 200 OK"
HTTP Request: GET https://lrclib.net/api/get?track_name=The+Cypher&artist_name=4bility "HTTP/1.1 404 Not Found"
HTTP Request: GET https://lrclib.net/api/get?track_name=3+a.m+%28slowed%29&artist_name=Azure "HTTP/1.1 404 Not Found"
HTTP Request: GET https://lrclib.net/api/get?track_name=Playground&artist_name=Hi-Rez "HTTP/1.1 200 OK"
HTTP Request: GET https://lrclib.net/api/get?track_name=3AM+in+Melbourne&artist_name=Ruban+Buttar "HTTP/1.1 404 Not Found"
HTTP Request: GET https://lrclib.net/api/get?track_name=Getting+Icy&artist_name=Drigster "HTTP/1.1 404 Not Found"
HTTP Request: GET https://lrclib.net/api/get?track_name=Like+Me&artist_name=2+Chainz "HTTP/1.1 200 OK"
HTTP Request: GET https://lrclib.net/api/get?track_name=3+AM+Thoughts&artist_name=LIT+NOBY "HTTP/1.1 404 Not Found"
HTTP Request: GET https://lrclib.net/api/get?track_name=The+Chop+Shop&artist_name=Twisted+Insane "HTTP/1.1 200 OK"
HTTP Request: GET https://lrclib.net/api/get?track_name=Position&artist_name=Fadah "HTTP/1.1 404 Not Found"
HTTP Request: GET https://lrclib.net/api/get?track_name=3+AM&artist_name=Thoratt "HTTP/1.1 404 Not Found"
HTTP Request: GET https://lrclib.net/api/get?track_name=3+pm&artist_name=Trish+Lupin "HTTP/1.1 404 Not Found"
Processing request of type CallToolRequest
HTTP Request: GET https://api.spotify.com/v1/search?q=dishwashing+competition&type=track&limit=10&offset=0 "HTTP/1.1 200 OK"
HTTP Request: GET https://lrclib.net/api/get?track_name=Dishwashing+Gloves&artist_name=ASMR+Zeitgeist "HTTP/1.1 404 Not Found"
HTTP Request: GET https://lrclib.net/api/get?track_name=Breakin%27+Dishes&artist_name=Rihanna "HTTP/1.1 200 OK"
HTTP Request: GET https://lrclib.net/api/get?track_name=Dishwashing+College+Graduate&artist_name=Simon+Alden "HTTP/1.1 404 Not Found"
HTTP Request: GET https://lrclib.net/api/get?track_name=The+Disco+Song+%28From+%22Student+of+the+Year%22%29&artist_name=Vishal-Shekhar "HTTP/1.1 200 OK"
HTTP Request: GET https://lrclib.net/api/get?track_name=Dishwashing+Dreams%3A+Ambient+Flow&artist_name=Dishwasher+Sounds "HTTP/1.1 404 Not Found"
HTTP Request: GET https://lrclib.net/api/get?track_name=Dishwashing+Gloves+%26+Sponge+and+Dolphins&artist_name=Jojo%27s+ASMR "HTTP/1.1 404 Not Found"
HTTP Request: GET https://lrclib.net/api/get?track_name=Dus+Bahane+%28Extended%29&artist_name=Vishal-Shekhar "HTTP/1.1 404 Not Found"
HTTP Request: GET https://lrclib.net/api/get?track_name=Sound+to+Remove+Water+from+Phone+Charging+Port&artist_name=nBeats "HTTP/1.1 404 Not Found"
HTTP Request: GET https://lrclib.net/api/get?track_name=Dishwasher+11&artist_name=Babysounds "HTTP/1.1 404 Not Found"
Processing request of type CallToolRequest
HTTP Request: GET https://api.spotify.com/v1/search?q=washing+dishes+late+night+competition&type=track&limit=10&offset=0 "HTTP/1.1 200 OK"
HTTP Request: GET https://api.spotify.com/v1/search?q=washing+dishes+late+night+competition&type=track&limit=10&offset=10 "HTTP/1.1 200 OK"
HTTP Request: GET https://api.spotify.com/v1/search?q=washing+dishes+late+night+competition&type=track&limit=10&offset=20 "HTTP/1.1 200 OK"
HTTP Request: GET https://lrclib.net/api/get?track_name=Washing+Machine+Heart&artist_name=Mitski "HTTP/1.1 200 OK"
HTTP Request: GET https://lrclib.net/api/get?track_name=Carrying+The+Banner&artist_name=Jeremy+Jordan "HTTP/1.1 200 OK"
HTTP Request: GET https://lrclib.net/api/get?track_name=Chemtrails+Over+The+Country+Club&artist_name=Lana+Del+Rey "HTTP/1.1 200 OK"
HTTP Request: GET https://lrclib.net/api/get?track_name=Dry+Spell&artist_name=Kacey+Musgraves "HTTP/1.1 200 OK"
HTTP Request: GET https://lrclib.net/api/get?track_name=Dry+Spell&artist_name=Kacey+Musgraves "HTTP/1.1 200 OK"
HTTP Request: GET https://lrclib.net/api/get?track_name=Sound+to+Remove+Water+from+Phone+Charging+Port&artist_name=nBeats "HTTP/1.1 404 Not Found"
HTTP Request: GET https://lrclib.net/api/get?track_name=What+Do+You+Mean%3F&artist_name=Skepta "HTTP/1.1 200 OK"
HTTP Request: GET https://lrclib.net/api/get?track_name=Washing+Machine+Spin+Cycle+%28Loopable+no+fade%29&artist_name=Dream+Supplier "HTTP/1.1 404 Not Found"
HTTP Request: GET https://lrclib.net/api/get?track_name=Cell+Phone+Speaker+Cleaning+Sound&artist_name=nBeats "HTTP/1.1 404 Not Found"
HTTP Request: GET https://lrclib.net/api/get?track_name=Washing+Machine+Soundscape+Loundry+Room+%28Loopable+no+fade%29&artist_name=Dream+Supplier "HTTP/1.1 404 Not Found"
HTTP Request: GET https://lrclib.net/api/get?track_name=Chemtrails+Over+The+Country+Club&artist_name=Lana+Del+Rey "HTTP/1.1 200 OK"
HTTP Request: GET https://lrclib.net/api/get?track_name=Carrying+the+Banner&artist_name=Newsies+Ensemble "HTTP/1.1 200 OK"
HTTP Request: GET https://lrclib.net/api/get?track_name=washing+machine+heart+-+slowed&artist_name=xaoc "HTTP/1.1 404 Not Found"
HTTP Request: GET https://lrclib.net/api/get?track_name=40+Mo%27+Reasons&artist_name=MudBaby+Ru "HTTP/1.1 200 OK"
HTTP Request: GET https://lrclib.net/api/get?track_name=Clothes+Washer+-+For+Sleep+%28Loopable+no+fade%29&artist_name=Dream+Supplier "HTTP/1.1 404 Not Found"
HTTP Request: GET https://lrclib.net/api/get?track_name=Washing+Machine+White+Noise+For+Sleeping+%28Loopable+no+fade%29&artist_name=Dream+Supplier "HTTP/1.1 404 Not Found"
HTTP Request: GET https://lrclib.net/api/get?track_name=Peaceful+ASMR+Washing+Machine+%28Loopable+no+fade%29&artist_name=Dream+Supplier "HTTP/1.1 404 Not Found"
HTTP Request: GET https://lrclib.net/api/get?track_name=Satellites&artist_name=Kevin+Gates "HTTP/1.1 200 OK"
HTTP Request: GET https://lrclib.net/api/get?track_name=Speaker+Cleaner+Sound+-+Remove+Water+%26+Dust+%5BSmartphones%2C+tablets%2C+earphones%2C+headphones%2C+laptop+PC%5D&artist_name=OTOTOKAGAKU "HTTP/1.1 404 Not Found"
HTTP Request: GET https://lrclib.net/api/get?track_name=40+Mo%27+Reasons&artist_name=MudBaby+Ru "HTTP/1.1 200 OK"
HTTP Request: GET https://lrclib.net/api/get?track_name=Washing+The+Dishes&artist_name=Relax+365 "HTTP/1.1 404 Not Found"
HTTP Request: GET https://lrclib.net/api/get?track_name=Soft+Slow+Washing+Machine+For+Sleeping+%28Loopable+no+fade%29&artist_name=Dream+Supplier "HTTP/1.1 404 Not Found"
HTTP Request: GET https://lrclib.net/api/get?track_name=Celebration&artist_name=Logic "HTTP/1.1 200 OK"
HTTP Request: GET https://lrclib.net/api/get?track_name=Sound+to+Remove+Water+from+Phone+Speakers&artist_name=nBeats "HTTP/1.1 404 Not Found"
HTTP Request: GET https://lrclib.net/api/get?track_name=Sound+to+Remove+Water+from+Mobile&artist_name=nBeats "HTTP/1.1 404 Not Found"
HTTP Request: GET https://lrclib.net/api/get?track_name=Budapest+-+2005+Remaster&artist_name=Jethro+Tull "HTTP/1.1 200 OK"
HTTP Request: GET https://lrclib.net/api/get?track_name=HOLD+PLEASE&artist_name=Ella+Collier "HTTP/1.1 200 OK"
HTTP Request: GET https://lrclib.net/api/get?track_name=Satellites&artist_name=Kevin+Gates "HTTP/1.1 200 OK"
HTTP Request: GET https://lrclib.net/api/get?track_name=Position&artist_name=PogiiJayy "HTTP/1.1 200 OK"
HTTP Request: GET https://lrclib.net/api/get?track_name=Relaxing+Washing+Machine+Laundry+%28Loopable+no+fade%29&artist_name=Dream+Supplier "HTTP/1.1 404 Not Found"
Processing request of type CallToolRequest
HTTP Request: GET https://api.spotify.com/v1/search?q=dishwasher+race+3am&type=track&limit=10&offset=0 "HTTP/1.1 200 OK"
HTTP Request: GET https://api.spotify.com/v1/search?q=dishwasher+race+3am&type=track&limit=10&offset=10 "HTTP/1.1 200 OK"
HTTP Request: GET https://api.spotify.com/v1/search?q=dishwasher+race+3am&type=track&limit=10&offset=20 "HTTP/1.1 200 OK"
HTTP Request: GET https://lrclib.net/api/get?track_name=Song+for+Zula&artist_name=Phosphorescent "HTTP/1.1 200 OK"
HTTP Request: GET https://lrclib.net/api/get?track_name=I+Always+Wanted+A+Brother&artist_name=Braelyn+Rankins "HTTP/1.1 200 OK"
HTTP Request: GET https://lrclib.net/api/get?track_name=All+Girls+Are+The+Same&artist_name=Juice+WRLD "HTTP/1.1 200 OK"
HTTP Request: GET https://lrclib.net/api/get?track_name=Perfect+Day&artist_name=Hoku "HTTP/1.1 200 OK"
HTTP Request: GET https://lrclib.net/api/get?track_name=All+Girls+Are+The+Same&artist_name=Juice+WRLD "HTTP/1.1 200 OK"
HTTP Request: GET https://lrclib.net/api/get?track_name=I+Always+Wanted+A+Brother&artist_name=Braelyn+Rankins "HTTP/1.1 200 OK"
HTTP Request: GET https://lrclib.net/api/get?track_name=3am&artist_name=ROS%C3%89 "HTTP/1.1 200 OK"
HTTP Request: GET https://lrclib.net/api/get?track_name=Distant+Race+Car+Rumble&artist_name=Sweet+Fret "HTTP/1.1 404 Not Found"
HTTP Request: GET https://lrclib.net/api/get?track_name=Dishwasher+Drone%3A+36+Minutes+of+Soothing+Dishwasher+Ambience&artist_name=groundsounds "HTTP/1.1 404 Not Found"
HTTP Request: GET https://lrclib.net/api/get?track_name=Popular+Monster&artist_name=Falling+In+Reverse "HTTP/1.1 200 OK"
HTTP Request: GET https://lrclib.net/api/get?track_name=Perfect+Day&artist_name=Hoku "HTTP/1.1 200 OK"
HTTP Request: GET https://lrclib.net/api/get?track_name=3am&artist_name=Skrillex "HTTP/1.1 200 OK"
HTTP Request: GET https://lrclib.net/api/get?track_name=The+Bends&artist_name=Radiohead "HTTP/1.1 200 OK"
HTTP Request: GET https://lrclib.net/api/get?track_name=Sarah&artist_name=Alex+G "HTTP/1.1 200 OK"
HTTP Request: GET https://lrclib.net/api/get?track_name=3AM&artist_name=Baauer "HTTP/1.1 200 OK"
HTTP Request: GET https://lrclib.net/api/get?track_name=This+Ain%27t+A+Scene%2C+It%27s+An+Arms+Race&artist_name=Fall+Out+Boy "HTTP/1.1 200 OK"
HTTP Request: GET https://lrclib.net/api/get?track_name=Dishwasher+11&artist_name=Babysounds "HTTP/1.1 404 Not Found"
HTTP Request: GET https://lrclib.net/api/get?track_name=Popular+Monster&artist_name=Falling+In+Reverse "HTTP/1.1 200 OK"
HTTP Request: GET https://lrclib.net/api/get?track_name=3+pm&artist_name=Trish+Lupin "HTTP/1.1 404 Not Found"
HTTP Request: GET https://lrclib.net/api/get?track_name=Talking+Stage&artist_name=JBEE "HTTP/1.1 200 OK"
HTTP Request: GET https://lrclib.net/api/get?track_name=Perfect+Day+-+Chris+Lord+Alge+Mix&artist_name=Hoku "HTTP/1.1 200 OK"
HTTP Request: GET https://lrclib.net/api/get?track_name=XO+Tour+Llif3&artist_name=Lil+Uzi+Vert "HTTP/1.1 200 OK"
HTTP Request: GET https://lrclib.net/api/get?track_name=Dishwasher+04&artist_name=Sleep+Sounds+HD "HTTP/1.1 404 Not Found"
HTTP Request: GET https://lrclib.net/api/get?track_name=Astronaut+In+The+Ocean+%28Remix%29+-+feat.+G-Eazy+%26+DDG&artist_name=Masked+Wolf "HTTP/1.1 200 OK"
HTTP Request: GET https://lrclib.net/api/get?track_name=Cell+Phone+Speaker+Cleaning+-+Dust+and+Water+Particle+Removal&artist_name=Baixa+Fidelidade "HTTP/1.1 404 Not Found"
HTTP Request: GET https://lrclib.net/api/get?track_name=Devil&artist_name=Ironmouse "HTTP/1.1 200 OK"
HTTP Request: GET https://lrclib.net/api/get?track_name=Talking+Stage&artist_name=JBEE "HTTP/1.1 200 OK"
HTTP Request: GET https://lrclib.net/api/get?track_name=Dryer+Sound+-+Clothes+Dryer+Sound+for+Sleeping%2C+Pt.+07&artist_name=White+Noise+Radiance "HTTP/1.1 404 Not Found"
HTTP Request: GET https://lrclib.net/api/get?track_name=Dryer+Sound+-+Clothes+Dryer+Sound+for+Sleeping%2C+Pt.+02&artist_name=White+Noise+Radiance "HTTP/1.1 404 Not Found"
HTTP Request: GET https://lrclib.net/api/get?track_name=XO+Tour+Llif3&artist_name=Lil+Uzi+Vert "HTTP/1.1 200 OK"
Processing request of type CallToolRequest
HTTP Request: GET https://api.spotify.com/v1/search?q=three+am+dishes+competition&type=track&limit=10&offset=0 "HTTP/1.1 200 OK"
HTTP Request: GET https://api.spotify.com/v1/search?q=three+am+dishes+competition&type=track&limit=10&offset=10 "HTTP/1.1 200 OK"
HTTP Request: GET https://api.spotify.com/v1/search?q=three+am+dishes+competition&type=track&limit=10&offset=20 "HTTP/1.1 200 OK"
HTTP Request: GET https://lrclib.net/api/get?track_name=Goblin&artist_name=Tyler "HTTP/1.1 200 OK"
HTTP Request: GET https://lrclib.net/api/get?track_name=The+Disco+Song&artist_name=Vishal-Shekhar "HTTP/1.1 200 OK"
HTTP Request: GET https://lrclib.net/api/get?track_name=Twenty-Two&artist_name=Isabel+Pless "HTTP/1.1 200 OK"
HTTP Request: GET https://lrclib.net/api/get?track_name=Do+Not+Disturb&artist_name=Drake "HTTP/1.1 200 OK"
HTTP Request: GET https://lrclib.net/api/get?track_name=3+Peg&artist_name=Sharry+Mann "HTTP/1.1 404 Not Found"
HTTP Request: GET https://lrclib.net/api/get?track_name=3+Shaukk+%28From+%22De+De+Pyaar+De+2%22%29&artist_name=Avvy+Sra "HTTP/1.1 200 OK"
HTTP Request: GET https://lrclib.net/api/get?track_name=Alpha+Omega&artist_name=mgk "HTTP/1.1 200 OK"
HTTP Request: GET https://lrclib.net/api/get?track_name=You+Ain%27t+A+7&artist_name=YoungKing "HTTP/1.1 200 OK"
HTTP Request: GET https://lrclib.net/api/get?track_name=3+DRAGS&artist_name=vichaar "HTTP/1.1 200 OK"
HTTP Request: GET https://lrclib.net/api/get?track_name=One+Of+Them&artist_name=Joyner+Lucas "HTTP/1.1 200 OK"
HTTP Request: GET https://lrclib.net/api/get?track_name=Twenty-Two&artist_name=Isabel+Pless "HTTP/1.1 200 OK"
HTTP Request: GET https://lrclib.net/api/get?track_name=%28The+Legend+Of%29+Miss+Baltimore+Crabs&artist_name=Michelle+Pfeiffer "HTTP/1.1 200 OK"
HTTP Request: GET https://lrclib.net/api/get?track_name=Why+This+Kolaveri+Di%3F+-+The+Soup+of+Love&artist_name=Anirudh+Ravichander "HTTP/1.1 200 OK"
HTTP Request: GET https://lrclib.net/api/get?track_name=3am&artist_name=ROS%C3%89 "HTTP/1.1 200 OK"
HTTP Request: GET https://lrclib.net/api/get?track_name=3+DRAGS&artist_name=vichaar "HTTP/1.1 200 OK"
HTTP Request: GET https://lrclib.net/api/get?track_name=Come+on+Girls+-+The+Celebration+of+Love&artist_name=Anirudh+Ravichander "HTTP/1.1 200 OK"
HTTP Request: GET https://lrclib.net/api/get?track_name=That+Power&artist_name=Childish+Gambino "HTTP/1.1 200 OK"
HTTP Request: GET https://lrclib.net/api/get?track_name=Evil+Twin&artist_name=Eminem "HTTP/1.1 200 OK"
HTTP Request: GET https://lrclib.net/api/get?track_name=3+AM+IN+MUMBAI&artist_name=Baggh-e+SMG "HTTP/1.1 200 OK"
HTTP Request: GET https://lrclib.net/api/get?track_name=A+Capella&artist_name=Chase+Goehring "HTTP/1.1 200 OK"
HTTP Request: GET https://lrclib.net/api/get?track_name=L.A.M.B.+Cypher&artist_name=L.A.M.B "HTTP/1.1 404 Not Found"
HTTP Request: GET https://lrclib.net/api/get?track_name=Kamli+%28From+%22Dhoom%3A3%22%29&artist_name=Pritam "HTTP/1.1 200 OK"
HTTP Request: GET https://lrclib.net/api/get?track_name=Three+Fingers+and+an+Ash+Tray&artist_name=Shashwat+Sachdev "HTTP/1.1 404 Not Found"
HTTP Request: GET https://lrclib.net/api/get?track_name=Remember+November&artist_name=Jesse+Adams "HTTP/1.1 404 Not Found"
HTTP Request: GET https://lrclib.net/api/get?track_name=Come+On+Girls+-+The+Celebration+of+Love&artist_name=Anirudh+Ravichander "HTTP/1.1 200 OK"
HTTP Request: GET https://lrclib.net/api/get?track_name=Theme+of+3&artist_name=Anirudh+Ravichander "HTTP/1.1 200 OK"
HTTP Request: GET https://lrclib.net/api/get?track_name=For+you&artist_name=Jvbmg "HTTP/1.1 200 OK"
HTTP Request: GET https://lrclib.net/api/get?track_name=For+You&artist_name=Jvbmg "HTTP/1.1 200 OK"
HTTP Request: GET https://lrclib.net/api/get?track_name=Competition+%28Feat.+Mahi+Sharma%29&artist_name=Virasat+Sandhu "HTTP/1.1 404 Not Found"
HTTP Request: GET https://lrclib.net/api/get?track_name=One+Of+Them&artist_name=Joyner+Lucas "HTTP/1.1 200 OK"
C:\Users\91626\OneDrive - Manipal Academy of Higher Education\Desktop\projects\spotify-agent\spot\Lib\site-packages\pydantic_settings\sources\utils.py:47: IncompleteFieldDefinitionWarning: Field 'lifespan' has an incomplete definition: its annotation contains an unresolved forward reference, so settings sources may fail to correctly resolve its value. Call `model_rebuild()` on the model where the field is defined, once all the referenced types are defined.
  warnings.warn(
Processing request of type ListToolsRequest
Processing request of type CallToolRequest
HTTP Request: POST https://accounts.spotify.com/api/token "HTTP/1.1 200 OK"
HTTP Request: GET https://api.spotify.com/v1/search?q=rain&type=track&limit=10&offset=0 "HTTP/1.1 200 OK"
C:\Users\91626\OneDrive - Manipal Academy of Higher Education\Desktop\projects\spotify-agent\spot\Lib\site-packages\pydantic_settings\sources\utils.py:47: IncompleteFieldDefinitionWarning: Field 'lifespan' has an incomplete definition: its annotation contains an unresolved forward reference, so settings sources may fail to correctly resolve its value. Call `model_rebuild()` on the model where the field is defined, once all the referenced types are defined.
  warnings.warn(
Processing request of type ListToolsRequest
C:\Users\91626\OneDrive - Manipal Academy of Higher Education\Desktop\projects\spotify-agent\spot\Lib\site-packages\pydantic_settings\sources\utils.py:47: IncompleteFieldDefinitionWarning: Field 'lifespan' has an incomplete definition: its annotation contains an unresolved forward reference, so settings sources may fail to correctly resolve its value. Call `model_rebuild()` on the model where the field is defined, once all the referenced types are defined.
  warnings.warn(
Processing request of type ListToolsRequest
Processing request of type CallToolRequest
HTTP Request: POST https://accounts.spotify.com/api/token "HTTP/1.1 200 OK"
HTTP Request: GET https://api.spotify.com/v1/search?q=leaving+home+sad&type=track&limit=10&offset=0 "HTTP/1.1 200 OK"
Processing request of type CallToolRequest
HTTP Request: GET https://api.spotify.com/v1/search?q=driving+away+hometown+sad&type=track&limit=10&offset=0 "HTTP/1.1 200 OK"
Processing request of type CallToolRequest
HTTP Request: GET https://api.spotify.com/v1/search?q=last+drive+home+sad&type=track&limit=10&offset=0 "HTTP/1.1 200 OK"
C:\Users\91626\OneDrive - Manipal Academy of Higher Education\Desktop\projects\spotify-agent\spot\Lib\site-packages\pydantic_settings\sources\utils.py:47: IncompleteFieldDefinitionWarning: Field 'lifespan' has an incomplete definition: its annotation contains an unresolved forward reference, so settings sources may fail to correctly resolve its value. Call `model_rebuild()` on the model where the field is defined, once all the referenced types are defined.
  warnings.warn(
Processing request of type ListToolsRequest
Processing request of type CallToolRequest
HTTP Request: POST https://accounts.spotify.com/api/token "HTTP/1.1 200 OK"
HTTP Request: GET https://api.spotify.com/v1/search?q=call+you+at+2am&type=track&limit=10&offset=0 "HTTP/1.1 200 OK"
HTTP Request: GET https://api.spotify.com/v1/search?q=call+you+at+2am&type=track&limit=10&offset=10 "HTTP/1.1 200 OK"
HTTP Request: GET https://api.spotify.com/v1/search?q=call+you+at+2am&type=track&limit=10&offset=20 "HTTP/1.1 200 OK"
HTTP Request: GET https://api.spotify.com/v1/search?q=call+you+at+2am&type=track&limit=10&offset=30 "HTTP/1.1 200 OK"
HTTP Request: GET https://lrclib.net/api/get?track_name=I+Don%27t+Miss+You+at+All&artist_name=FINNEAS "HTTP/1.1 200 OK"
HTTP Request: GET https://lrclib.net/api/get?track_name=Call+You+Mine&artist_name=The+Chainsmokers "HTTP/1.1 200 OK"
HTTP Request: GET https://lrclib.net/api/get?track_name=Call+Your+Mom+%28from+American+Idol%29&artist_name=Kyndal "HTTP/1.1 404 Not Found"
HTTP Request: GET https://lrclib.net/api/get?track_name=Call+Your+Mom+%28from+American+Idol%29&artist_name=Kyndal "HTTP/1.1 404 Not Found"
HTTP Request: GET https://lrclib.net/api/get?track_name=Does+This+Mean+You%27re+Moving+On%3F+-+Live+From+Walt+Disney+Concert+Hall&artist_name=The+Airborne+Toxic+Event "HTTP/1.1 404 Not Found"
HTTP Request: GET https://lrclib.net/api/get?track_name=euphoria&artist_name=Kendrick+Lamar "HTTP/1.1 200 OK"
HTTP Request: GET https://lrclib.net/api/get?track_name=3am&artist_name=ROS%C3%89 "HTTP/1.1 200 OK"
HTTP Request: GET https://lrclib.net/api/get?track_name=Just+to+see+if+you+call+me+back&artist_name=Motel+Feelings+at+3AM "HTTP/1.1 404 Not Found"
HTTP Request: GET https://lrclib.net/api/get?track_name=Used+to+Me&artist_name=Luke+Chiang "HTTP/1.1 200 OK"
HTTP Request: GET https://lrclib.net/api/get?track_name=STILL+FEEL+IT&artist_name=Elegance "HTTP/1.1 404 Not Found"
HTTP Request: GET https://lrclib.net/api/get?track_name=Movies&artist_name=Conan+Gray "HTTP/1.1 200 OK"
HTTP Request: GET https://lrclib.net/api/get?track_name=this+call+at+2am&artist_name=cepalin "HTTP/1.1 404 Not Found"
HTTP Request: GET https://lrclib.net/api/get?track_name=Thrills+Sought+After&artist_name=Edwin+Raphael "HTTP/1.1 200 OK"
HTTP Request: GET https://lrclib.net/api/get?track_name=Thrills+Sought+After&artist_name=Edwin+Raphael "HTTP/1.1 200 OK"
HTTP Request: GET https://lrclib.net/api/get?track_name=rainy+days+%26+a+cup+of+coffee&artist_name=Lil+Bird "HTTP/1.1 404 Not Found"
HTTP Request: GET https://lrclib.net/api/get?track_name=call+it+the+end&artist_name=ROS%C3%89 "HTTP/1.1 200 OK"
HTTP Request: GET https://lrclib.net/api/get?track_name=Sorry%2C+Blame+It+On+Me&artist_name=Akon "HTTP/1.1 200 OK"
HTTP Request: GET https://lrclib.net/api/get?track_name=Tears&artist_name=Perrie "HTTP/1.1 200 OK"
HTTP Request: GET https://lrclib.net/api/get?track_name=Wonda+Why+They+Call+U+Bytch&artist_name=2Pac "HTTP/1.1 200 OK"
HTTP Request: GET https://lrclib.net/api/get?track_name=Call+Us+At+2AM&artist_name=J "HTTP/1.1 404 Not Found"
HTTP Request: GET https://lrclib.net/api/get?track_name=Treat+You+Bad&artist_name=Dylan "HTTP/1.1 200 OK"
HTTP Request: GET https://lrclib.net/api/get?track_name=Treat+You+Bad&artist_name=Dylan "HTTP/1.1 200 OK"
HTTP Request: GET https://lrclib.net/api/get?track_name=Call+it+over&artist_name=Jeff+Satur "HTTP/1.1 200 OK"
HTTP Request: GET https://lrclib.net/api/get?track_name=You+Call+It+Love%2C+Pt.+1&artist_name=Vladimir+Cosma "HTTP/1.1 200 OK"
HTTP Request: GET https://lrclib.net/api/get?track_name=Call+You&artist_name=lucidbeatz "HTTP/1.1 200 OK"
HTTP Request: GET https://lrclib.net/api/get?track_name=Call+Your+Mom+%28from+American+Idol%29&artist_name=Kyndal "HTTP/1.1 404 Not Found"
HTTP Request: GET https://lrclib.net/api/get?track_name=My+G+%28feat.+Ed+Sheeran%29&artist_name=Aitch "HTTP/1.1 200 OK"
HTTP Request: GET https://lrclib.net/api/get?track_name=CALL+YOU+UP+%28Remix%29&artist_name=rghvarchive "HTTP/1.1 200 OK"
HTTP Request: GET https://lrclib.net/api/get?track_name=I+Just+Called+to+Say+I+Love+You+-+Recorded+at+RCA+Studio+A%2C+Nashville&artist_name=John+Prine "HTTP/1.1 200 OK"
HTTP Request: GET https://lrclib.net/api/get?track_name=Say+My+Name&artist_name=Destiny%27s+Child "HTTP/1.1 200 OK"
HTTP Request: GET https://lrclib.net/api/get?track_name=You+joke+about+the+future&artist_name=I%E2%80%99ll+Still+Call+You+at+2AM "HTTP/1.1 404 Not Found"
HTTP Request: GET https://lrclib.net/api/get?track_name=Call+Me+at+3AM&artist_name=XeroN "HTTP/1.1 404 Not Found"
HTTP Request: GET https://lrclib.net/api/get?track_name=I+could+love+you&artist_name=Annabell "HTTP/1.1 404 Not Found"
HTTP Request: GET https://lrclib.net/api/get?track_name=2AM&artist_name=Ryan+Oakes "HTTP/1.1 200 OK"
HTTP Request: GET https://lrclib.net/api/get?track_name=Say+My+Name+-+Recorded+At+Spotify+Studios+NYC&artist_name=Hozier "HTTP/1.1 200 OK"
HTTP Request: GET https://lrclib.net/api/get?track_name=at+least&artist_name=i+talk+about+you+all+the+time "HTTP/1.1 404 Not Found"
HTTP Request: GET https://lrclib.net/api/get?track_name=Think+About+Me%3F&artist_name=Qmusic "HTTP/1.1 404 Not Found"
HTTP Request: GET https://lrclib.net/api/get?track_name=2AM&artist_name=Mellina+Tey "HTTP/1.1 200 OK"
HTTP Request: GET https://lrclib.net/api/get?track_name=2AM+Somewhere&artist_name=Bankrol+Hayden "HTTP/1.1 200 OK"
HTTP Request: GET https://lrclib.net/api/get?track_name=LATE+NIGHT+CONFESSION&artist_name=Elegance "HTTP/1.1 404 Not Found"
Processing request of type CallToolRequest
HTTP Request: GET https://api.spotify.com/v1/search?q=middle+of+the+night+call+you&type=track&limit=10&offset=0 "HTTP/1.1 200 OK"
HTTP Request: GET https://api.spotify.com/v1/search?q=middle+of+the+night+call+you&type=track&limit=10&offset=10 "HTTP/1.1 200 OK"
HTTP Request: GET https://api.spotify.com/v1/search?q=middle+of+the+night+call+you&type=track&limit=10&offset=20 "HTTP/1.1 200 OK"
HTTP Request: GET https://api.spotify.com/v1/search?q=middle+of+the+night+call+you&type=track&limit=10&offset=30 "HTTP/1.1 200 OK"
HTTP Request: GET https://lrclib.net/api/get?track_name=MIDDLE+OF+THE+NIGHT&artist_name=Elley+Duh%C3%A9 "HTTP/1.1 200 OK"
HTTP Request: GET https://lrclib.net/api/get?track_name=Middle+of+the+Night+%28Sped+Up%29+-+Just+Call+My+Name+I%27m+Yours+to+Tame&artist_name=Farizki "HTTP/1.1 404 Not Found"
HTTP Request: GET https://lrclib.net/api/get?track_name=All+Too+Well+%2810+Minute+Version%29+%28Taylor%27s+Version%29+%28From+The+Vault%29&artist_name=Taylor+Swift "HTTP/1.1 200 OK"
HTTP Request: GET https://lrclib.net/api/get?track_name=MIDDLE+OF+THE+NIGHT&artist_name=Elley+Duh%C3%A9 "HTTP/1.1 200 OK"
HTTP Request: GET https://lrclib.net/api/get?track_name=middle+of+the+night+-+slowed+%2B+reverb&artist_name=slowed+%2B+reverb+mr+cat "HTTP/1.1 404 Not Found"
HTTP Request: GET https://lrclib.net/api/get?track_name=Middle+of+the+Night+%28Slowed+Reverb%29+-+Just+Call+My+Name%2C+I%27m+Yours+to+Tame&artist_name=Farizki "HTTP/1.1 404 Not Found"
HTTP Request: GET https://lrclib.net/api/get?track_name=The+Middle+of+the+Night&artist_name=Aaron+Siegel "HTTP/1.1 404 Not Found"
HTTP Request: GET https://lrclib.net/api/get?track_name=Who+is+She%3F&artist_name=Nina+Schofield "HTTP/1.1 404 Not Found"
HTTP Request: GET https://lrclib.net/api/get?track_name=Summer+Nights&artist_name=j-AM "HTTP/1.1 404 Not Found"
HTTP Request: GET https://lrclib.net/api/get?track_name=middle+of+the+night+%28sped+up%29+-+tiktok+version&artist_name=sped+up+tiktok+audios "HTTP/1.1 200 OK"
HTTP Request: GET https://lrclib.net/api/get?track_name=Summer+Nights&artist_name=j-AM "HTTP/1.1 404 Not Found"
HTTP Request: GET https://lrclib.net/api/get?track_name=Middle+Of+the+Night+-+Slowed&artist_name=Cheeky "HTTP/1.1 404 Not Found"
HTTP Request: GET https://lrclib.net/api/get?track_name=Call+Me+in+the+Middle+of+the+Night+-+LeFun%27s+Version&artist_name=The+XYZ "HTTP/1.1 404 Not Found"
HTTP Request: GET https://lrclib.net/api/get?track_name=Good+Luck%2C+Babe%21&artist_name=Chappell+Roan "HTTP/1.1 200 OK"
HTTP Request: GET https://lrclib.net/api/get?track_name=All+Too+Well+%28Taylor%27s+Version%29&artist_name=Taylor+Swift "HTTP/1.1 200 OK"
HTTP Request: GET https://lrclib.net/api/get?track_name=Calling+Your+Name+from+the+Middle+of+the+Night+Dream&artist_name=Steven+Hops "HTTP/1.1 404 Not Found"
HTTP Request: GET https://lrclib.net/api/get?track_name=You+Call+Me+up+%28In+the+Middle+of+the+Night%29&artist_name=Beth+Ann+McDowell "HTTP/1.1 404 Not Found"
HTTP Request: GET https://lrclib.net/api/get?track_name=Compass&artist_name=Vixen82Music "HTTP/1.1 404 Not Found"
HTTP Request: GET https://lrclib.net/api/get?track_name=Blue+Eyes&artist_name=Late+In+The+Playoffs "HTTP/1.1 404 Not Found"
HTTP Request: GET https://lrclib.net/api/get?track_name=Middle+of+the+night+-+Slowed&artist_name=vinylz "HTTP/1.1 404 Not Found"
HTTP Request: GET https://lrclib.net/api/get?track_name=Call+Me+in+the+Middle+of+the+Night&artist_name=The+XYZ "HTTP/1.1 404 Not Found"
HTTP Request: GET https://lrclib.net/api/get?track_name=Middle+Of+The+Night+-+slowed+%2B+reverb&artist_name=TommyMuzzic "HTTP/1.1 404 Not Found"
HTTP Request: GET https://lrclib.net/api/get?track_name=like+i+need+u&artist_name=keshi "HTTP/1.1 200 OK"
HTTP Request: GET https://lrclib.net/api/get?track_name=Last+Night&artist_name=Morgan+Wallen "HTTP/1.1 200 OK"
HTTP Request: GET https://lrclib.net/api/get?track_name=Be+a+Flame&artist_name=Hundred+Mil%C3%A9s "HTTP/1.1 404 Not Found"
HTTP Request: GET https://lrclib.net/api/get?track_name=Be+Somebody&artist_name=Johnny+and+Heidi "HTTP/1.1 404 Not Found"
HTTP Request: GET https://lrclib.net/api/get?track_name=Lie&artist_name=Altam+Ace "HTTP/1.1 404 Not Found"
HTTP Request: GET https://lrclib.net/api/get?track_name=When+You+Call+Me+up+in+the+Middle+of+the+Night&artist_name=Shelton+Graves "HTTP/1.1 404 Not Found"
HTTP Request: GET https://lrclib.net/api/get?track_name=The+Forest+of+Whispering+Bones&artist_name=Quinton+Vale "HTTP/1.1 404 Not Found"
HTTP Request: GET https://lrclib.net/api/get?track_name=In+the+Name+of+Love&artist_name=Martin+Garrix "HTTP/1.1 200 OK"
HTTP Request: GET https://lrclib.net/api/get?track_name=Middle+Of+The+Night&artist_name=The+Vamps "HTTP/1.1 200 OK"
HTTP Request: GET https://lrclib.net/api/get?track_name=middle+of+the+night+-+sped+up&artist_name=Annabelle+Am%C3%A9lia "HTTP/1.1 404 Not Found"
HTTP Request: GET https://lrclib.net/api/get?track_name=If+I+Ever+Talk+To+God&artist_name=Landon+Barker "HTTP/1.1 200 OK"
HTTP Request: GET https://lrclib.net/api/get?track_name=In+the+Middle+of+the+Night+%28Sped+Up%29+-+Just+Call+My+Name&artist_name=Hiko "HTTP/1.1 200 OK"
HTTP Request: GET https://lrclib.net/api/get?track_name=middle+of+the+night+%28slowed+%2B+reverb%29&artist_name=sl%C5%8D "HTTP/1.1 404 Not Found"
HTTP Request: GET https://lrclib.net/api/get?track_name=All+Too+Well+%28Taylor%27s+Version%29&artist_name=Taylor+Swift "HTTP/1.1 200 OK"
HTTP Request: GET https://lrclib.net/api/get?track_name=InThe+Middle+Of+The+Night&artist_name=60-70s+KH+Song "HTTP/1.1 404 Not Found"
HTTP Request: GET https://lrclib.net/api/get?track_name=Reckless+%28feat.+Static+Major%29&artist_name=Nipsey+Hussle "HTTP/1.1 200 OK"
HTTP Request: GET https://lrclib.net/api/get?track_name=If+you+hear+your+name+called+in+the+middle+of+the+night&artist_name=Echo+Six+Whiskey "HTTP/1.1 404 Not Found"
HTTP Request: GET https://lrclib.net/api/get?track_name=Stupid+Girl&artist_name=Zuma. "HTTP/1.1 404 Not Found"
Processing request of type CallToolRequest
HTTP Request: GET https://api.spotify.com/v1/search?q=two+am&type=track&limit=10&offset=0 "HTTP/1.1 200 OK"
HTTP Request: GET https://api.spotify.com/v1/search?q=two+am&type=track&limit=10&offset=10 "HTTP/1.1 200 OK"
HTTP Request: GET https://api.spotify.com/v1/search?q=two+am&type=track&limit=10&offset=20 "HTTP/1.1 200 OK"
HTTP Request: GET https://api.spotify.com/v1/search?q=two+am&type=track&limit=10&offset=30 "HTTP/1.1 200 OK"
HTTP Request: GET https://lrclib.net/api/get?track_name=Two+AM&artist_name=Oscar+Thon%C3%A4ng "HTTP/1.1 404 Not Found"
HTTP Request: GET https://lrclib.net/api/get?track_name=2+AM&artist_name=Karan+Aujla "HTTP/1.1 200 OK"
HTTP Request: GET https://lrclib.net/api/get?track_name=two+am&artist_name=osquinn "HTTP/1.1 404 Not Found"
HTTP Request: GET https://lrclib.net/api/get?track_name=Two+Reasons&artist_name=Amber "HTTP/1.1 404 Not Found"
HTTP Request: GET https://lrclib.net/api/get?track_name=2AM&artist_name=Star+Shah "HTTP/1.1 200 OK"
HTTP Request: GET https://lrclib.net/api/get?track_name=Two+Am&artist_name=Mc+Sourav "HTTP/1.1 404 Not Found"
HTTP Request: GET https://lrclib.net/api/get?track_name=two+am&artist_name=ponk "HTTP/1.1 404 Not Found"
HTTP Request: GET https://lrclib.net/api/get?track_name=two+years&artist_name=ROS%C3%89 "HTTP/1.1 200 OK"
HTTP Request: GET https://lrclib.net/api/get?track_name=One+Two+Three+Four+%28Get+On+The+Dance+Floor%29&artist_name=Vishal-Shekhar "HTTP/1.1 404 Not Found"
HTTP Request: GET https://lrclib.net/api/get?track_name=TWO+AM&artist_name=A3 "HTTP/1.1 404 Not Found"
HTTP Request: GET https://lrclib.net/api/get?track_name=Two+Two+Two+%28From+%22Kaathuvaakula+Rendu+Kaadhal%22%29&artist_name=Anirudh+Ravichander "HTTP/1.1 200 OK"
HTTP Request: GET https://lrclib.net/api/get?track_name=Two+AM&artist_name=Densle "HTTP/1.1 404 Not Found"
HTTP Request: GET https://lrclib.net/api/get?track_name=One+Two+Three+Four+%28Get+On+The+Dance+Floor%29&artist_name=Vishal-Shekhar "HTTP/1.1 404 Not Found"
HTTP Request: GET https://lrclib.net/api/get?track_name=TWO+AM&artist_name=samona+bleu "HTTP/1.1 404 Not Found"
HTTP Request: GET https://lrclib.net/api/get?track_name=two+am&artist_name=ponk "HTTP/1.1 404 Not Found"
HTTP Request: GET https://lrclib.net/api/get?track_name=Leher+-+From+%E2%80%9CCocktail+2%E2%80%9D&artist_name=Pritam "HTTP/1.1 200 OK"
HTTP Request: GET https://lrclib.net/api/get?track_name=3am&artist_name=ROS%C3%89 "HTTP/1.1 200 OK"
HTTP Request: GET https://lrclib.net/api/get?track_name=2AM&artist_name=Don+Toliver "HTTP/1.1 200 OK"
HTTP Request: GET https://lrclib.net/api/get?track_name=2+AM&artist_name=Reyan "HTTP/1.1 200 OK"
HTTP Request: GET https://lrclib.net/api/get?track_name=2AM+IN+LONDON&artist_name=Talha+Anjum "HTTP/1.1 404 Not Found"
HTTP Request: GET https://lrclib.net/api/get?track_name=Two+AM&artist_name=Hauschka "HTTP/1.1 404 Not Found"
HTTP Request: GET https://lrclib.net/api/get?track_name=Two+AM&artist_name=Brock+Berrigan "HTTP/1.1 200 OK"
HTTP Request: GET https://lrclib.net/api/get?track_name=Two+AM&artist_name=Bongi "HTTP/1.1 404 Not Found"
HTTP Request: GET https://lrclib.net/api/get?track_name=Two+Am&artist_name=Rob+Curly "HTTP/1.1 404 Not Found"
HTTP Request: GET https://lrclib.net/api/get?track_name=Two+AM&artist_name=K-I-Dro "HTTP/1.1 404 Not Found"
HTTP Request: GET https://lrclib.net/api/get?track_name=2AM&artist_name=16 "HTTP/1.1 200 OK"
HTTP Request: GET https://lrclib.net/api/get?track_name=PAIGAAM&artist_name=Amrinder+Gill "HTTP/1.1 200 OK"
HTTP Request: GET https://lrclib.net/api/get?track_name=Two+Two+Two&artist_name=Anirudh+Ravichander "HTTP/1.1 200 OK"
HTTP Request: GET https://lrclib.net/api/get?track_name=2AM+-+Extended&artist_name=Zeeshan+Ali "HTTP/1.1 200 OK"
HTTP Request: GET https://lrclib.net/api/get?track_name=2AM+IN+LONDON&artist_name=Talha+Anjum "HTTP/1.1 404 Not Found"
HTTP Request: GET https://lrclib.net/api/get?track_name=Two+AM&artist_name=Bongi "HTTP/1.1 404 Not Found"
HTTP Request: GET https://lrclib.net/api/get?track_name=Two+Am&artist_name=Dj+Zo "HTTP/1.1 404 Not Found"
HTTP Request: GET https://lrclib.net/api/get?track_name=Two+AM&artist_name=K-I-Dro "HTTP/1.1 404 Not Found"
HTTP Request: GET https://lrclib.net/api/get?track_name=Two+AM&artist_name=Nervous+Jerk "HTTP/1.1 404 Not Found"
HTTP Request: GET https://lrclib.net/api/get?track_name=2+AM&artist_name=Arizona+Zervas "HTTP/1.1 200 OK"
HTTP Request: GET https://lrclib.net/api/get?track_name=the+kill+2&artist_name=Lex+Amarni "HTTP/1.1 200 OK"
HTTP Request: GET https://lrclib.net/api/get?track_name=Two+Tone&artist_name=Talha+Anjum "HTTP/1.1 200 OK"
HTTP Request: GET https://lrclib.net/api/get?track_name=2AM+-+Extended&artist_name=Zeeshan+Ali "HTTP/1.1 200 OK"
HTTP Request: GET https://lrclib.net/api/get?track_name=2+AM+in+Sauga&artist_name=Harnoor "HTTP/1.1 404 Not Found"
HTTP Request: GET https://lrclib.net/api/get?track_name=2+Month&artist_name=Dulla "HTTP/1.1 404 Not Found"
C:\Users\91626\OneDrive - Manipal Academy of Higher Education\Desktop\projects\spotify-agent\spot\Lib\site-packages\pydantic_settings\sources\utils.py:47: IncompleteFieldDefinitionWarning: Field 'lifespan' has an incomplete definition: its annotation contains an unresolved forward reference, so settings sources may fail to correctly resolve its value. Call `model_rebuild()` on the model where the field is defined, once all the referenced types are defined.
  warnings.warn(
Processing request of type ListToolsRequest
Processing request of type CallToolRequest
HTTP Request: POST https://accounts.spotify.com/api/token "HTTP/1.1 200 OK"
HTTP Request: GET https://api.spotify.com/v1/me/player/recently-played?limit=24 "HTTP/1.1 200 OK"
HTTP Request: GET https://lrclib.net/api/get?track_name=Golden&artist_name=Harry+Styles "HTTP/1.1 200 OK"
HTTP Request: GET https://lrclib.net/api/get?track_name=Tum+-+Version&artist_name=Javed+Ali "HTTP/1.1 200 OK"
HTTP Request: GET https://lrclib.net/api/get?track_name=Starman+-+2012+Remaster&artist_name=David+Bowie "HTTP/1.1 200 OK"
HTTP Request: GET https://lrclib.net/api/get?track_name=O+Meri+Laila&artist_name=Atif+Aslam "HTTP/1.1 200 OK"
HTTP Request: GET https://lrclib.net/api/get?track_name=Two+Ghosts&artist_name=Harry+Styles "HTTP/1.1 200 OK"
HTTP Request: GET https://lrclib.net/api/get?track_name=So+Long+Sad+Songs&artist_name=CAIN "HTTP/1.1 200 OK"
HTTP Request: GET https://lrclib.net/api/get?track_name=This+Is+Home&artist_name=Cavetown "HTTP/1.1 200 OK"
HTTP Request: GET https://lrclib.net/api/get?track_name=bored+like+me+%28demo%29&artist_name=dodie "HTTP/1.1 200 OK"
HTTP Request: GET https://lrclib.net/api/get?track_name=Olivia&artist_name=One+Direction "HTTP/1.1 200 OK"
HTTP Request: GET https://lrclib.net/api/get?track_name=Pigeon&artist_name=Cavetown "HTTP/1.1 200 OK"
HTTP Request: GET https://lrclib.net/api/get?track_name=show+and+tell&artist_name=mxmtoon "HTTP/1.1 200 OK"
HTTP Request: GET https://lrclib.net/api/get?track_name=Back+To+You&artist_name=Selena+Gomez "HTTP/1.1 200 OK"
C:\Users\91626\OneDrive - Manipal Academy of Higher Education\Desktop\projects\spotify-agent\spot\Lib\site-packages\pydantic_settings\sources\utils.py:47: IncompleteFieldDefinitionWarning: Field 'lifespan' has an incomplete definition: its annotation contains an unresolved forward reference, so settings sources may fail to correctly resolve its value. Call `model_rebuild()` on the model where the field is defined, once all the referenced types are defined.
  warnings.warn(
Processing request of type ListToolsRequest
C:\Users\91626\OneDrive - Manipal Academy of Higher Education\Desktop\projects\spotify-agent\spot\Lib\site-packages\pydantic_settings\sources\utils.py:47: IncompleteFieldDefinitionWarning: Field 'lifespan' has an incomplete definition: its annotation contains an unresolved forward reference, so settings sources may fail to correctly resolve its value. Call `model_rebuild()` on the model where the field is defined, once all the referenced types are defined.
  warnings.warn(
Processing request of type ListToolsRequest
Processing request of type CallToolRequest
HTTP Request: POST https://accounts.spotify.com/api/token "HTTP/1.1 200 OK"
HTTP Request: GET https://api.spotify.com/v1/search?q=competitive+dishwashing+at+3am&type=track&limit=10&offset=0 "HTTP/1.1 200 OK"
HTTP Request: GET https://api.spotify.com/v1/search?q=competitive+dishwashing+at+3am&type=track&limit=10&offset=10 "HTTP/1.1 200 OK"
HTTP Request: GET https://api.spotify.com/v1/search?q=competitive+dishwashing+at+3am&type=track&limit=10&offset=20 "HTTP/1.1 200 OK"
HTTP Request: GET https://lrclib.net/api/get?track_name=Face+Off&artist_name=Tech+N9ne "HTTP/1.1 200 OK"
HTTP Request: GET https://lrclib.net/api/get?track_name=Dishwashing+Dreams%3A+Ambient+Flow&artist_name=Dishwasher+Sounds "HTTP/1.1 404 Not Found"
HTTP Request: GET https://lrclib.net/api/get?track_name=Face+Off&artist_name=Tech+N9ne "HTTP/1.1 200 OK"
HTTP Request: GET https://lrclib.net/api/get?track_name=Breakin%27+Dishes+-+Sped+Up&artist_name=Ren "HTTP/1.1 404 Not Found"
HTTP Request: GET https://lrclib.net/api/get?track_name=Face+Off&artist_name=Tech+N9ne "HTTP/1.1 200 OK"
HTTP Request: GET https://lrclib.net/api/get?track_name=Cardiologist&artist_name=Julia+D%27Angelo "HTTP/1.1 404 Not Found"
HTTP Request: GET https://lrclib.net/api/get?track_name=Cell+Phone+Speaker+Cleaning+Sound&artist_name=nBeats "HTTP/1.1 404 Not Found"
HTTP Request: GET https://lrclib.net/api/get?track_name=Sound+to+Remove+Water+from+Phone+Charging+Port&artist_name=nBeats "HTTP/1.1 404 Not Found"
HTTP Request: GET https://lrclib.net/api/get?track_name=Cardiologist&artist_name=Julia+D%27Angelo "HTTP/1.1 404 Not Found"
HTTP Request: GET https://lrclib.net/api/get?track_name=Pokemon+Trainer+Cypher&artist_name=VideoGameRapBattles "HTTP/1.1 200 OK"
HTTP Request: GET https://lrclib.net/api/get?track_name=Intro&artist_name=NF "HTTP/1.1 200 OK"
HTTP Request: GET https://lrclib.net/api/get?track_name=Dishwashing+Gloves+%26+Sponge+and+Dolphins&artist_name=Jojo%27s+ASMR "HTTP/1.1 404 Not Found"
HTTP Request: GET https://lrclib.net/api/get?track_name=Sound+to+Remove+Water+from+Mobile&artist_name=nBeats "HTTP/1.1 404 Not Found"
HTTP Request: GET https://lrclib.net/api/get?track_name=Cardiologist&artist_name=Julia+D%27Angelo "HTTP/1.1 404 Not Found"
HTTP Request: GET https://lrclib.net/api/get?track_name=Cardiologist&artist_name=Julia+D%27Angelo "HTTP/1.1 404 Not Found"
HTTP Request: GET https://lrclib.net/api/get?track_name=SURROUNDINGS&artist_name=Nobu+Woods "HTTP/1.1 200 OK"
HTTP Request: GET https://lrclib.net/api/get?track_name=Speaker+Cleaner+Sound+-+Remove+Water+%26+Dust+%5BSmartphones%2C+tablets%2C+earphones%2C+headphones%2C+laptop+PC%5D&artist_name=OTOTOKAGAKU "HTTP/1.1 404 Not Found"
HTTP Request: GET https://lrclib.net/api/get?track_name=Power&artist_name=Rapsody "HTTP/1.1 200 OK"
HTTP Request: GET https://lrclib.net/api/get?track_name=Peaceful+ASMR+Washing+Machine+%28Loopable+no+fade%29&artist_name=Dream+Supplier "HTTP/1.1 404 Not Found"
HTTP Request: GET https://lrclib.net/api/get?track_name=Breakin%27+Dishes+%28TV+mix%29&artist_name=Party+Tyme "HTTP/1.1 404 Not Found"
HTTP Request: GET https://lrclib.net/api/get?track_name=Dishwasher+Drone%3A+36+Minutes+of+Soothing+Dishwasher+Ambience&artist_name=groundsounds "HTTP/1.1 404 Not Found"
HTTP Request: GET https://lrclib.net/api/get?track_name=Clothes+Washer+-+For+Sleep+%28Loopable+no+fade%29&artist_name=Dream+Supplier "HTTP/1.1 404 Not Found"
HTTP Request: GET https://lrclib.net/api/get?track_name=The+Squad&artist_name=Cameron+Philip "HTTP/1.1 404 Not Found"
HTTP Request: GET https://lrclib.net/api/get?track_name=Power&artist_name=Rapsody "HTTP/1.1 200 OK"
HTTP Request: GET https://lrclib.net/api/get?track_name=Dishwashing+College+Graduate&artist_name=Simon+Alden "HTTP/1.1 404 Not Found"
HTTP Request: GET https://lrclib.net/api/get?track_name=Power&artist_name=Rapsody "HTTP/1.1 200 OK"
HTTP Request: GET https://lrclib.net/api/get?track_name=Company+Commander&artist_name=Vinod+Gadli "HTTP/1.1 404 Not Found"
HTTP Request: GET https://lrclib.net/api/get?track_name=BAD+HABITS&artist_name=GOOBERS "HTTP/1.1 404 Not Found"
HTTP Request: GET https://lrclib.net/api/get?track_name=Power&artist_name=Rapsody "HTTP/1.1 200 OK"
HTTP Request: GET https://lrclib.net/api/get?track_name=Dishes&artist_name=Jouspra+mc "HTTP/1.1 404 Not Found"
Processing request of type CallToolRequest
HTTP Request: GET https://api.spotify.com/v1/search?q=dishwashing&type=track&limit=10&offset=0 "HTTP/1.1 200 OK"
HTTP Request: GET https://api.spotify.com/v1/search?q=dishwashing&type=track&limit=10&offset=10 "HTTP/1.1 200 OK"
HTTP Request: GET https://api.spotify.com/v1/search?q=dishwashing&type=track&limit=10&offset=20 "HTTP/1.1 200 OK"
HTTP Request: GET https://lrclib.net/api/get?track_name=Breakin%27+Dishes&artist_name=Rihanna "HTTP/1.1 200 OK"
HTTP Request: GET https://lrclib.net/api/get?track_name=Dishwashing+Gloves&artist_name=ASMR+Zeitgeist "HTTP/1.1 404 Not Found"
HTTP Request: GET https://lrclib.net/api/get?track_name=Dishwashing&artist_name=Prosperity+Lanes "HTTP/1.1 404 Not Found"
HTTP Request: GET https://lrclib.net/api/get?track_name=Dishwashing+Dreams%3A+Ambient+Flow&artist_name=Dishwasher+Sounds "HTTP/1.1 404 Not Found"
HTTP Request: GET https://lrclib.net/api/get?track_name=Dishwashing+Team&artist_name=Suzy+Cato "HTTP/1.1 404 Not Found"
HTTP Request: GET https://lrclib.net/api/get?track_name=The+Dishwashing+Man&artist_name=Lewis+Franco "HTTP/1.1 404 Not Found"
HTTP Request: GET https://lrclib.net/api/get?track_name=That%E2%80%99s+why+ko+rata+%28O+waka%29&artist_name=PLG+Chanty "HTTP/1.1 404 Not Found"
HTTP Request: GET https://lrclib.net/api/get?track_name=Dishwashing+College+Graduate&artist_name=Simon+Alden "HTTP/1.1 404 Not Found"
HTTP Request: GET https://lrclib.net/api/get?track_name=Menateng+%28feat.+Patron+West%2C+Gallarbass+%26+Stellenbosch%29&artist_name=Tribby+wadi+bhozza "HTTP/1.1 404 Not Found"
HTTP Request: GET https://lrclib.net/api/get?track_name=Sound+to+Remove+Water+from+Phone+Charging+Port&artist_name=nBeats "HTTP/1.1 404 Not Found"
HTTP Request: GET https://lrclib.net/api/get?track_name=Dishwashing+Gloves+%26+Sponge+and+Dolphins&artist_name=Jojo%27s+ASMR "HTTP/1.1 404 Not Found"
HTTP Request: GET https://lrclib.net/api/get?track_name=Dishwashing&artist_name=Ethan+Abelar "HTTP/1.1 404 Not Found"
HTTP Request: GET https://lrclib.net/api/get?track_name=Dishwashing+Gloves&artist_name=ASMR+Zeitgeist "HTTP/1.1 404 Not Found"
HTTP Request: GET https://lrclib.net/api/get?track_name=Silicone+dishwashing+gloves+-+Guantes+de+silicona+para+lavar+platos&artist_name=Mol+ASMR "HTTP/1.1 404 Not Found"
HTTP Request: GET https://lrclib.net/api/get?track_name=Washing+Dishes&artist_name=Jack+Johnson "HTTP/1.1 200 OK"
HTTP Request: GET https://lrclib.net/api/get?track_name=Dishwashing&artist_name=Ambient+Flow+Sounds "HTTP/1.1 404 Not Found"
HTTP Request: GET https://lrclib.net/api/get?track_name=Dishwasher+04&artist_name=Sleep+Sounds+HD "HTTP/1.1 404 Not Found"
HTTP Request: GET https://lrclib.net/api/get?track_name=Dishwashing+in+Dystopia&artist_name=Hazel+Hermit "HTTP/1.1 404 Not Found"
HTTP Request: GET https://lrclib.net/api/get?track_name=Dishwasher+11&artist_name=Babysounds "HTTP/1.1 404 Not Found"
HTTP Request: GET https://lrclib.net/api/get?track_name=Dishwashing+Song+for+Friday+night&artist_name=Furry+Ounce "HTTP/1.1 404 Not Found"
HTTP Request: GET https://lrclib.net/api/get?track_name=Dishwashing+Song&artist_name=Helen+Gene+Purdy "HTTP/1.1 404 Not Found"
HTTP Request: GET https://lrclib.net/api/get?track_name=Blue+Dishwashing+Gloves&artist_name=Dong+ASMR "HTTP/1.1 404 Not Found"
HTTP Request: GET https://lrclib.net/api/get?track_name=Dishwashing+%28The+Kitchen+Tapes%29&artist_name=The+Last+Person "HTTP/1.1 404 Not Found"
HTTP Request: GET https://lrclib.net/api/get?track_name=Silicone+Dishwashing+Gloves&artist_name=ASMR+Bakery "HTTP/1.1 404 Not Found"
HTTP Request: GET https://lrclib.net/api/get?track_name=Washing+The+Dishes&artist_name=Relax+365 "HTTP/1.1 404 Not Found"
HTTP Request: GET https://lrclib.net/api/get?track_name=Dishwasher+12&artist_name=Sleep+All+Night+Long "HTTP/1.1 404 Not Found"
HTTP Request: GET https://lrclib.net/api/get?track_name=Breakin%27+Dishes+-+Sped+Up&artist_name=Ren "HTTP/1.1 404 Not Found"
HTTP Request: GET https://lrclib.net/api/get?track_name=Riverboat+Dishwashing+Song&artist_name=The+Tillers "HTTP/1.1 404 Not Found"
HTTP Request: GET https://lrclib.net/api/get?track_name=Dishwasher+1+-+Loopable&artist_name=Sleep+Baby+Sleep "HTTP/1.1 404 Not Found"
HTTP Request: GET https://lrclib.net/api/get?track_name=Dishes&artist_name=Jouspra+mc "HTTP/1.1 404 Not Found"
Processing request of type CallToolRequest
HTTP Request: GET https://api.spotify.com/v1/search?q=dishes+at+3am&type=track&limit=10&offset=0 "HTTP/1.1 200 OK"
HTTP Request: GET https://api.spotify.com/v1/search?q=dishes+at+3am&type=track&limit=10&offset=10 "HTTP/1.1 200 OK"
HTTP Request: GET https://api.spotify.com/v1/search?q=dishes+at+3am&type=track&limit=10&offset=20 "HTTP/1.1 200 OK"
HTTP Request: GET https://lrclib.net/api/get?track_name=Heartless&artist_name=Kanye+West "HTTP/1.1 200 OK"
HTTP Request: GET https://lrclib.net/api/get?track_name=Mess+Is+Mine&artist_name=Vance+Joy "HTTP/1.1 200 OK"
HTTP Request: GET https://lrclib.net/api/get?track_name=Breakin%27+Dishes&artist_name=Rihanna "HTTP/1.1 200 OK"
HTTP Request: GET https://lrclib.net/api/get?track_name=Rose&artist_name=Patti+Scialfa "HTTP/1.1 200 OK"
HTTP Request: GET https://lrclib.net/api/get?track_name=Rose&artist_name=Patti+Scialfa "HTTP/1.1 200 OK"
HTTP Request: GET https://lrclib.net/api/get?track_name=Breakin%27+Dishes+-+Sped+Up&artist_name=Ren "HTTP/1.1 404 Not Found"
HTTP Request: GET https://lrclib.net/api/get?track_name=Cold+Heart+-+PNAU+Remix&artist_name=Elton+John "HTTP/1.1 200 OK"
HTTP Request: GET https://lrclib.net/api/get?track_name=dishes&artist_name=dee+holt "HTTP/1.1 200 OK"
HTTP Request: GET https://lrclib.net/api/get?track_name=Falling+Forward&artist_name=The+Given+Remnants "HTTP/1.1 404 Not Found"
HTTP Request: GET https://lrclib.net/api/get?track_name=Mess+Is+Mine&artist_name=Vance+Joy "HTTP/1.1 200 OK"
HTTP Request: GET https://lrclib.net/api/get?track_name=hell+of+a+good+time&artist_name=Haiden+Henderson "HTTP/1.1 200 OK"
HTTP Request: GET https://lrclib.net/api/get?track_name=Dishes&artist_name=Jouspra+mc "HTTP/1.1 404 Not Found"
HTTP Request: GET https://lrclib.net/api/get?track_name=God%27s+Plan&artist_name=Drake "HTTP/1.1 200 OK"
HTTP Request: GET https://lrclib.net/api/get?track_name=2063&artist_name=Milan+Ring "HTTP/1.1 200 OK"
HTTP Request: GET https://lrclib.net/api/get?track_name=Crazy&artist_name=Chris+Coral "HTTP/1.1 200 OK"
HTTP Request: GET https://lrclib.net/api/get?track_name=dishes&artist_name=francis "HTTP/1.1 404 Not Found"
HTTP Request: GET https://lrclib.net/api/get?track_name=Tom%27s+Diner&artist_name=AnnenMayKantereit "HTTP/1.1 200 OK"
HTTP Request: GET https://lrclib.net/api/get?track_name=Skin+and+Bones&artist_name=Lonely+Riot "HTTP/1.1 404 Not Found"
HTTP Request: GET https://lrclib.net/api/get?track_name=Sober&artist_name=G-Eazy "HTTP/1.1 200 OK"
HTTP Request: GET https://lrclib.net/api/get?track_name=Nine+Ball&artist_name=Zach+Bryan "HTTP/1.1 200 OK"
HTTP Request: GET https://lrclib.net/api/get?track_name=When+He+Made+Her+Mine&artist_name=DAMillerTime "HTTP/1.1 404 Not Found"
HTTP Request: GET https://lrclib.net/api/get?track_name=5ive+Below&artist_name=Tsunami+VIII "HTTP/1.1 404 Not Found"
HTTP Request: GET https://lrclib.net/api/get?track_name=Skin+and+Bones&artist_name=Lonely+Riot "HTTP/1.1 404 Not Found"
HTTP Request: GET https://lrclib.net/api/get?track_name=Crazy&artist_name=Chris+Coral "HTTP/1.1 200 OK"
HTTP Request: GET https://lrclib.net/api/get?track_name=Sound+to+Remove+Water+from+Phone+Charging+Port&artist_name=nBeats "HTTP/1.1 404 Not Found"
HTTP Request: GET https://lrclib.net/api/get?track_name=Cell+Phone+Speaker+Cleaning+Sound&artist_name=nBeats "HTTP/1.1 404 Not Found"
HTTP Request: GET https://lrclib.net/api/get?track_name=Quantum+Physics&artist_name=Livefromthecity "HTTP/1.1 404 Not Found"
HTTP Request: GET https://lrclib.net/api/get?track_name=Quantum+Physics&artist_name=Livefromthecity "HTTP/1.1 404 Not Found"
HTTP Request: GET https://lrclib.net/api/get?track_name=The+dishes+in+the+sink+need+washing&artist_name=9+Puddings "HTTP/1.1 404 Not Found"
HTTP Request: GET https://lrclib.net/api/get?track_name=Trike&artist_name=You+Am+I "HTTP/1.1 200 OK"
C:\Users\91626\OneDrive - Manipal Academy of Higher Education\Desktop\projects\spotify-agent\spot\Lib\site-packages\pydantic_settings\sources\utils.py:47: IncompleteFieldDefinitionWarning: Field 'lifespan' has an incomplete definition: its annotation contains an unresolved forward reference, so settings sources may fail to correctly resolve its value. Call `model_rebuild()` on the model where the field is defined, once all the referenced types are defined.
  warnings.warn(
Processing request of type ListToolsRequest
Processing request of type CallToolRequest
HTTP Request: POST https://accounts.spotify.com/api/token "HTTP/1.1 200 OK"
HTTP Request: GET https://api.spotify.com/v1/search?q=rain&type=track&limit=10&offset=0 "HTTP/1.1 200 OK"
HTTP Request: GET https://api.spotify.com/v1/search?q=rain&type=track&limit=10&offset=10 "HTTP/1.1 200 OK"
HTTP Request: GET https://api.spotify.com/v1/search?q=rain&type=track&limit=10&offset=20 "HTTP/1.1 200 OK"
HTTP Request: GET https://lrclib.net/api/get?track_name=Raindance+%28feat.+Tems%29&artist_name=Dave "HTTP/1.1 200 OK"
HTTP Request: GET https://lrclib.net/api/get?track_name=Raintalk&artist_name=Aditya+Bhardwaj "HTTP/1.1 200 OK"
HTTP Request: GET https://lrclib.net/api/get?track_name=Saibo&artist_name=Sachin-Jigar "HTTP/1.1 200 OK"
HTTP Request: GET https://lrclib.net/api/get?track_name=Rain&artist_name=Pradeep+Nongthombam "HTTP/1.1 200 OK"
HTTP Request: GET https://lrclib.net/api/get?track_name=1+Hour+of+Soft+Rain+to+Reduce+Stress&artist_name=Calming+Rain "HTTP/1.1 404 Not Found"
HTTP Request: GET https://lrclib.net/api/get?track_name=RAINA&artist_name=Shekhar+Ravjiani "HTTP/1.1 200 OK"
HTTP Request: GET https://lrclib.net/api/get?track_name=Barso+Re&artist_name=A.R.+Rahman "HTTP/1.1 200 OK"
HTTP Request: GET https://lrclib.net/api/get?track_name=Rain&artist_name=DIVINE "HTTP/1.1 200 OK"
HTTP Request: GET https://lrclib.net/api/get?track_name=Show+Me+Love+%28with+Tyla%29&artist_name=WizTheMc "HTTP/1.1 200 OK"
HTTP Request: GET https://lrclib.net/api/get?track_name=Babydoll&artist_name=Dominic+Fike "HTTP/1.1 200 OK"
HTTP Request: GET https://lrclib.net/api/get?track_name=Tu+Hi+Yaar+Mera+%28From+%22Pati+Patni+Aur+Woh%22%29&artist_name=Rochak+Kohli "HTTP/1.1 404 Not Found"
HTTP Request: GET https://lrclib.net/api/get?track_name=Sailor+Song&artist_name=Gigi+Perez "HTTP/1.1 200 OK"
HTTP Request: GET https://lrclib.net/api/get?track_name=Rain+Over+Me+%28feat.+Marc+Anthony%29&artist_name=Pitbull "HTTP/1.1 200 OK"
HTTP Request: GET https://lrclib.net/api/get?track_name=Saibo&artist_name=Sachin-Jigar "HTTP/1.1 200 OK"
HTTP Request: GET https://lrclib.net/api/get?track_name=Show+Me+Love+%28with+Tyla%29&artist_name=WizTheMc "HTTP/1.1 200 OK"
HTTP Request: GET https://lrclib.net/api/get?track_name=Rainy+Days&artist_name=V "HTTP/1.1 200 OK"
HTTP Request: GET https://lrclib.net/api/get?track_name=Flatline&artist_name=Justin+Bieber "HTTP/1.1 200 OK"
HTTP Request: GET https://lrclib.net/api/get?track_name=Baarish&artist_name=Shashaa+Tirupati "HTTP/1.1 200 OK"
HTTP Request: GET https://lrclib.net/api/get?track_name=Rainy+Days&artist_name=Talha+Anjum "HTTP/1.1 200 OK"
HTTP Request: GET https://lrclib.net/api/get?track_name=Rain+Dance%3A+A+Tin+Theme+%28From+%22Trisha+Illana+Nayanthara%22%29&artist_name=G.+V.+Prakash "HTTP/1.1 404 Not Found"
HTTP Request: GET https://lrclib.net/api/get?track_name=Rain+Drops+Keep+Falling+on+My+Head&artist_name=B.J.+Thomas "HTTP/1.1 200 OK"
HTTP Request: GET https://lrclib.net/api/get?track_name=Kabira&artist_name=Pritam "HTTP/1.1 200 OK"
HTTP Request: GET https://lrclib.net/api/get?track_name=One+Dance&artist_name=Drake "HTTP/1.1 200 OK"
HTTP Request: GET https://lrclib.net/api/get?track_name=Kabhi+Jo+Baadal+Barse+%28From+%22Jackpot%22%29&artist_name=Arijit+Singh "HTTP/1.1 404 Not Found"
HTTP Request: GET https://lrclib.net/api/get?track_name=Baarish&artist_name=Shashaa+Tirupati "HTTP/1.1 200 OK"
HTTP Request: GET https://lrclib.net/api/get?track_name=Rainy+Nights&artist_name=JJ47 "HTTP/1.1 404 Not Found"
HTTP Request: GET https://lrclib.net/api/get?track_name=Rainy+Days&artist_name=Talha+Anjum "HTTP/1.1 200 OK"
HTTP Request: GET https://lrclib.net/api/get?track_name=Raindrops+%28Insane%29+%5Bwith+Travis+Scott%5D&artist_name=Metro+Boomin "HTTP/1.1 200 OK"
HTTP Request: GET https://lrclib.net/api/get?track_name=Adada+Mazhaida&artist_name=Yuvan+Shankar+Raja "HTTP/1.1 200 OK"
HTTP Request: GET https://lrclib.net/api/get?track_name=Rain+Dance%3A+A+Tin+Theme+%28From+%22Trisha+Illana+Nayanthara%22%29&artist_name=G.+V.+Prakash "HTTP/1.1 404 Not Found"
C:\Users\91626\OneDrive - Manipal Academy of Higher Education\Desktop\projects\spotify-agent\spot\Lib\site-packages\pydantic_settings\sources\utils.py:47: IncompleteFieldDefinitionWarning: Field 'lifespan' has an incomplete definition: its annotation contains an unresolved forward reference, so settings sources may fail to correctly resolve its value. Call `model_rebuild()` on the model where the field is defined, once all the referenced types are defined.
  warnings.warn(
Processing request of type ListToolsRequest
C:\Users\91626\OneDrive - Manipal Academy of Higher Education\Desktop\projects\spotify-agent\spot\Lib\site-packages\pydantic_settings\sources\utils.py:47: IncompleteFieldDefinitionWarning: Field 'lifespan' has an incomplete definition: its annotation contains an unresolved forward reference, so settings sources may fail to correctly resolve its value. Call `model_rebuild()` on the model where the field is defined, once all the referenced types are defined.
  warnings.warn(
Processing request of type ListToolsRequest
Processing request of type CallToolRequest
HTTP Request: POST https://accounts.spotify.com/api/token "HTTP/1.1 200 OK"
HTTP Request: GET https://api.spotify.com/v1/search?q=leaving+home+sad&type=track&limit=10&offset=0 "HTTP/1.1 200 OK"
HTTP Request: GET https://api.spotify.com/v1/search?q=leaving+home+sad&type=track&limit=10&offset=10 "HTTP/1.1 200 OK"
Processing request of type CallToolRequest
HTTP Request: GET https://api.spotify.com/v1/search?q=small+town+sad&type=track&limit=10&offset=0 "HTTP/1.1 200 OK"
HTTP Request: GET https://api.spotify.com/v1/search?q=small+town+sad&type=track&limit=10&offset=10 "HTTP/1.1 200 OK"
Processing request of type CallToolRequest
HTTP Request: GET https://api.spotify.com/v1/search?q=last+road+sad&type=track&limit=10&offset=0 "HTTP/1.1 200 OK"
HTTP Request: GET https://api.spotify.com/v1/search?q=last+road+sad&type=track&limit=10&offset=10 "HTTP/1.1 200 OK"
Processing request of type CallToolRequest
HTTP Request: GET https://api.spotify.com/v1/search?q=driving+away+sad&type=track&limit=10&offset=0 "HTTP/1.1 200 OK"
HTTP Request: GET https://api.spotify.com/v1/search?q=driving+away+sad&type=track&limit=10&offset=10 "HTTP/1.1 200 OK"
C:\Users\91626\OneDrive - Manipal Academy of Higher Education\Desktop\projects\spotify-agent\spot\Lib\site-packages\pydantic_settings\sources\utils.py:47: IncompleteFieldDefinitionWarning: Field 'lifespan' has an incomplete definition: its annotation contains an unresolved forward reference, so settings sources may fail to correctly resolve its value. Call `model_rebuild()` on the model where the field is defined, once all the referenced types are defined.
  warnings.warn(
Processing request of type ListToolsRequest
Processing request of type CallToolRequest
HTTP Request: POST https://accounts.spotify.com/api/token "HTTP/1.1 200 OK"
HTTP Request: GET https://api.spotify.com/v1/search?q=calling+at+2am+midnight+call+phone+ring&type=track&limit=10&offset=0 "HTTP/1.1 200 OK"
HTTP Request: GET https://api.spotify.com/v1/search?q=calling+at+2am+midnight+call+phone+ring&type=track&limit=10&offset=10 "HTTP/1.1 200 OK"
HTTP Request: GET https://api.spotify.com/v1/search?q=calling+at+2am+midnight+call+phone+ring&type=track&limit=10&offset=20 "HTTP/1.1 200 OK"
HTTP Request: GET https://api.spotify.com/v1/search?q=calling+at+2am+midnight+call+phone+ring&type=track&limit=10&offset=30 "HTTP/1.1 200 OK"
HTTP Request: GET https://lrclib.net/api/get?track_name=Wolves&artist_name=One+Direction "HTTP/1.1 200 OK"
HTTP Request: GET https://lrclib.net/api/get?track_name=Old+Phone+Ringing&artist_name=Sweet+Fret "HTTP/1.1 404 Not Found"
HTTP Request: GET https://lrclib.net/api/get?track_name=Calling+All+My+Lovelies&artist_name=Bruno+Mars "HTTP/1.1 200 OK"
HTTP Request: GET https://lrclib.net/api/get?track_name=Old+Phone+%28Ringtone%29&artist_name=Ringtone+Hits "HTTP/1.1 404 Not Found"
HTTP Request: GET https://lrclib.net/api/get?track_name=Wolves&artist_name=Molotov+Cocktail+Piano "HTTP/1.1 404 Not Found"
HTTP Request: GET https://lrclib.net/api/get?track_name=Cell+Phone+Ringing+-+Sound+Effect&artist_name=Beats+by+Talent "HTTP/1.1 404 Not Found"
HTTP Request: GET https://lrclib.net/api/get?track_name=CALL+ME+BACK&artist_name=Chase+Atlantic "HTTP/1.1 200 OK"
HTTP Request: GET https://lrclib.net/api/get?track_name=Genesis.&artist_name=RAYE "HTTP/1.1 200 OK"
HTTP Request: GET https://lrclib.net/api/get?track_name=Perished+In+Flames&artist_name=Firewind "HTTP/1.1 200 OK"
HTTP Request: GET https://lrclib.net/api/get?track_name=Crack+Sandwich&artist_name=JID "HTTP/1.1 200 OK"
HTTP Request: GET https://lrclib.net/api/get?track_name=Old+Telephone+Ring&artist_name=The+Ringtones "HTTP/1.1 404 Not Found"
HTTP Request: GET https://lrclib.net/api/get?track_name=Alarm+Bell+Ringing&artist_name=Sound+FX "HTTP/1.1 404 Not Found"
HTTP Request: GET https://lrclib.net/api/get?track_name=Breakdown+Alert+Alarm+Ring+Tones&artist_name=Ring+Tone+Your+Ringtones "HTTP/1.1 404 Not Found"
HTTP Request: GET https://lrclib.net/api/get?track_name=If+You+Love+Her%2C+Stop+Calling.&artist_name=Mary+Joy+McDaniel "HTTP/1.1 404 Not Found"
HTTP Request: GET https://lrclib.net/api/get?track_name=Ringtone+Alarm+01&artist_name=High+Quality+Ringtone "HTTP/1.1 404 Not Found"
HTTP Request: GET https://lrclib.net/api/get?track_name=If+You+Love+Her%2C+Stop+Calling.&artist_name=Mary+Joy+McDaniel "HTTP/1.1 404 Not Found"
HTTP Request: GET https://lrclib.net/api/get?track_name=Under+Pressure&artist_name=Logic "HTTP/1.1 200 OK"
HTTP Request: GET https://lrclib.net/api/get?track_name=Stealth+Mode+%28feat.+Bas%29&artist_name=J.+Cole "HTTP/1.1 200 OK"
HTTP Request: GET https://lrclib.net/api/get?track_name=Talk+to+Me&artist_name=Houston "HTTP/1.1 200 OK"
HTTP Request: GET https://lrclib.net/api/get?track_name=New+Patek&artist_name=Lil+Uzi+Vert "HTTP/1.1 200 OK"
HTTP Request: GET https://lrclib.net/api/get?track_name=2am&artist_name=Luke+Hunter "HTTP/1.1 404 Not Found"
HTTP Request: GET https://lrclib.net/api/get?track_name=EP+Song&artist_name=Left+Boy "HTTP/1.1 404 Not Found"
HTTP Request: GET https://lrclib.net/api/get?track_name=IPhone+Ringtone+Trap+-+Remix&artist_name=Jasser+Labidi "HTTP/1.1 200 OK"
HTTP Request: GET https://lrclib.net/api/get?track_name=Iphone+Ringtune&artist_name=Ro+Ryon "HTTP/1.1 404 Not Found"
HTTP Request: GET https://lrclib.net/api/get?track_name=Alarm+Clock+Insistent+Buzzer+Ringtone&artist_name=Ring+Tone+Your+Ringtones "HTTP/1.1 404 Not Found"
HTTP Request: GET https://lrclib.net/api/get?track_name=Your+Number+REMIX+%28feat.+Chris+Brown+%26+Kid+Ink%29&artist_name=Ayo+Jay "HTTP/1.1 200 OK"
HTTP Request: GET https://lrclib.net/api/get?track_name=In+the+Morning+%28Check+out%29&artist_name=Nora+Toure "HTTP/1.1 404 Not Found"
HTTP Request: GET https://lrclib.net/api/get?track_name=Heartbeat&artist_name=Childish+Gambino "HTTP/1.1 200 OK"
HTTP Request: GET https://lrclib.net/api/get?track_name=BETWEEN+TIME&artist_name=Vin+Riza "HTTP/1.1 404 Not Found"
HTTP Request: GET https://lrclib.net/api/get?track_name=Four+Walls&artist_name=Calves+In+The+Dark "HTTP/1.1 404 Not Found"
HTTP Request: GET https://lrclib.net/api/get?track_name=Incoming+Call+Ringtone+-+Ringtones+and+Message+Alerts&artist_name=Ringtone+Records "HTTP/1.1 404 Not Found"
HTTP Request: GET https://lrclib.net/api/get?track_name=The+Race&artist_name=Wiz+Khalifa "HTTP/1.1 200 OK"
HTTP Request: GET https://lrclib.net/api/get?track_name=Crazy+Ringtone+-+Ringtones+and+Message+Alerts&artist_name=Ringtone+Records "HTTP/1.1 404 Not Found"
HTTP Request: GET https://lrclib.net/api/get?track_name=Somebody+Else+-+Steve+Mac+Version&artist_name=Ronan+Keating "HTTP/1.1 200 OK"
HTTP Request: GET https://lrclib.net/api/get?track_name=Annoying+Alarm+Ringtone&artist_name=nBeats "HTTP/1.1 404 Not Found"
HTTP Request: GET https://lrclib.net/api/get?track_name=Yah+Yah+%28feat.+Royce+Da+5%279%22%2C+Black+Thought%2C+Q-Tip+%26+Denaun%29&artist_name=Eminem "HTTP/1.1 200 OK"
HTTP Request: GET https://lrclib.net/api/get?track_name=Kill+City+Kid&artist_name=Brother+Firetribe "HTTP/1.1 200 OK"
HTTP Request: GET https://lrclib.net/api/get?track_name=One+Number+Away&artist_name=Luke+Combs "HTTP/1.1 200 OK"
HTTP Request: GET https://lrclib.net/api/get?track_name=Wordplay&artist_name=Dre+Da+Mc "HTTP/1.1 404 Not Found"
HTTP Request: GET https://lrclib.net/api/get?track_name=Call+Me+Every+Day+%28feat.+Wizkid%29&artist_name=Chris+Brown "HTTP/1.1 200 OK"
Processing request of type CallToolRequest
HTTP Request: GET https://api.spotify.com/v1/search?q=2am+midnight+call+phone+number+late+night+awake&type=track&limit=10&offset=0 "HTTP/1.1 200 OK"
HTTP Request: GET https://api.spotify.com/v1/search?q=2am+midnight+call+phone+number+late+night+awake&type=track&limit=10&offset=10 "HTTP/1.1 200 OK"
HTTP Request: GET https://api.spotify.com/v1/search?q=2am+midnight+call+phone+number+late+night+awake&type=track&limit=10&offset=20 "HTTP/1.1 200 OK"
HTTP Request: GET https://api.spotify.com/v1/search?q=2am+midnight+call+phone+number+late+night+awake&type=track&limit=10&offset=30 "HTTP/1.1 200 OK"
HTTP Request: GET https://lrclib.net/api/get?track_name=Wide+Open+-+Acoustic&artist_name=Aaron+Kellim "HTTP/1.1 404 Not Found"
HTTP Request: GET https://lrclib.net/api/get?track_name=Sing+About+Me%2C+I%27m+Dying+Of+Thirst&artist_name=Kendrick+Lamar "HTTP/1.1 200 OK"
HTTP Request: GET https://lrclib.net/api/get?track_name=Lesley+%28feat.+Ruelle%29&artist_name=Dave "HTTP/1.1 200 OK"
HTTP Request: GET https://lrclib.net/api/get?track_name=Fairchild&artist_name=Dave "HTTP/1.1 200 OK"
HTTP Request: GET https://lrclib.net/api/get?track_name=Young&artist_name=KJ+Sounds "HTTP/1.1 404 Not Found"
HTTP Request: GET https://lrclib.net/api/get?track_name=Old+Phone+%28Ringtone%29&artist_name=Ringtone+Hits "HTTP/1.1 404 Not Found"
HTTP Request: GET https://lrclib.net/api/get?track_name=Young&artist_name=KJ+Sounds "HTTP/1.1 404 Not Found"
HTTP Request: GET https://lrclib.net/api/get?track_name=IPHONE+ALARM+FUNK&artist_name=bear+bear+%26+friends "HTTP/1.1 404 Not Found"
HTTP Request: GET https://lrclib.net/api/get?track_name=Last+Night+%28feat.+Keyshia+Cole%29&artist_name=Diddy "HTTP/1.1 200 OK"
HTTP Request: GET https://lrclib.net/api/get?track_name=Prologue%3A+Into+the+Woods&artist_name=Company+-+Into+the+Woods+%28Motion+Picture+Cast%29 "HTTP/1.1 200 OK"
HTTP Request: GET https://lrclib.net/api/get?track_name=Phone+Away&artist_name=Monoir "HTTP/1.1 200 OK"
HTTP Request: GET https://lrclib.net/api/get?track_name=Trash&artist_name=Human+Nature "HTTP/1.1 200 OK"
HTTP Request: GET https://lrclib.net/api/get?track_name=Alone&artist_name=Bee+Gees "HTTP/1.1 200 OK"
HTTP Request: GET https://lrclib.net/api/get?track_name=Do+Anything&artist_name=Camo "HTTP/1.1 404 Not Found"
HTTP Request: GET https://lrclib.net/api/get?track_name=Cell+Phone+Ringing+-+Sound+Effect&artist_name=Beats+by+Talent "HTTP/1.1 404 Not Found"
HTTP Request: GET https://lrclib.net/api/get?track_name=Parasite&artist_name=Eden+On+Fire "HTTP/1.1 404 Not Found"
HTTP Request: GET https://lrclib.net/api/get?track_name=2+am&artist_name=Hary.BoY "HTTP/1.1 404 Not Found"
HTTP Request: GET https://lrclib.net/api/get?track_name=Midnight+Calm&artist_name=Calmly "HTTP/1.1 404 Not Found"
HTTP Request: GET https://lrclib.net/api/get?track_name=Cosmic+Slop&artist_name=Funkadelic "HTTP/1.1 200 OK"
HTTP Request: GET https://lrclib.net/api/get?track_name=My+Heart+Belongs+To+U&artist_name=Jodeci "HTTP/1.1 200 OK"
HTTP Request: GET https://lrclib.net/api/get?track_name=Be+a+Flame&artist_name=Hundred+Mil%C3%A9s "HTTP/1.1 404 Not Found"
HTTP Request: GET https://lrclib.net/api/get?track_name=Cosmic+Slop&artist_name=Funkadelic "HTTP/1.1 200 OK"
HTTP Request: GET https://lrclib.net/api/get?track_name=Old+Telephone+Ring&artist_name=The+Ringtones "HTTP/1.1 404 Not Found"
HTTP Request: GET https://lrclib.net/api/get?track_name=2AM+Notes&artist_name=Soft+Water+City "HTTP/1.1 404 Not Found"
HTTP Request: GET https://lrclib.net/api/get?track_name=smoke+%26+a+light&artist_name=Ole+60 "HTTP/1.1 200 OK"
HTTP Request: GET https://lrclib.net/api/get?track_name=smoke+%26+a+light&artist_name=Ole+60 "HTTP/1.1 200 OK"
HTTP Request: GET https://lrclib.net/api/get?track_name=4am&artist_name=deepr "HTTP/1.1 404 Not Found"
HTTP Request: GET https://lrclib.net/api/get?track_name=RIDING+THRU+YOUR+CITY&artist_name=OVI+WOOD "HTTP/1.1 200 OK"
HTTP Request: GET https://lrclib.net/api/get?track_name=3+a.m&artist_name=Moodan "HTTP/1.1 404 Not Found"
HTTP Request: GET https://lrclib.net/api/get?track_name=YOU+CHANGED+THE+LOCKS&artist_name=SIR. "HTTP/1.1 404 Not Found"
HTTP Request: GET https://lrclib.net/api/get?track_name=2AM&artist_name=Wolf "HTTP/1.1 404 Not Found"
HTTP Request: GET https://lrclib.net/api/get?track_name=7AM+-+Slowed+%2B+Reverb&artist_name=Adrian "HTTP/1.1 200 OK"
HTTP Request: GET https://lrclib.net/api/get?track_name=when+you%27re+drunk&artist_name=LANY "HTTP/1.1 200 OK"
HTTP Request: GET https://lrclib.net/api/get?track_name=calling+my+phone+-+slowed+%2B+reverb&artist_name=sl%C5%8D "HTTP/1.1 404 Not Found"
HTTP Request: GET https://lrclib.net/api/get?track_name=The+Weekend&artist_name=Stormzy "HTTP/1.1 200 OK"
HTTP Request: GET https://lrclib.net/api/get?track_name=Shapeshifting&artist_name=Taylor+Acorn "HTTP/1.1 200 OK"
HTTP Request: GET https://lrclib.net/api/get?track_name=2night.&artist_name=AMVNEX "HTTP/1.1 404 Not Found"
HTTP Request: GET https://lrclib.net/api/get?track_name=BETWEEN+TIME&artist_name=Vin+Riza "HTTP/1.1 404 Not Found"
HTTP Request: GET https://lrclib.net/api/get?track_name=Call+Me+%28What+It+Is%29&artist_name=Davy+Jr. "HTTP/1.1 404 Not Found"
HTTP Request: GET https://lrclib.net/api/get?track_name=Dress&artist_name=RIKII "HTTP/1.1 200 OK"
Processing request of type CallToolRequest
HTTP Request: GET https://api.spotify.com/v1/search?q=2am+call+phone+morning+late+night&type=track&limit=10&offset=0 "HTTP/1.1 200 OK"
HTTP Request: GET https://api.spotify.com/v1/search?q=2am+call+phone+morning+late+night&type=track&limit=10&offset=10 "HTTP/1.1 200 OK"
HTTP Request: GET https://api.spotify.com/v1/search?q=2am+call+phone+morning+late+night&type=track&limit=10&offset=20 "HTTP/1.1 200 OK"
HTTP Request: GET https://api.spotify.com/v1/search?q=2am+call+phone+morning+late+night&type=track&limit=10&offset=30 "HTTP/1.1 200 OK"
HTTP Request: GET https://api.spotify.com/v1/search?q=2am+call+phone+morning+late+night&type=track&limit=10&offset=40 "HTTP/1.1 200 OK"
HTTP Request: GET https://lrclib.net/api/get?track_name=Hell+N+Back&artist_name=Bakar "HTTP/1.1 200 OK"
HTTP Request: GET https://lrclib.net/api/get?track_name=2am&artist_name=Luke+Hunter "HTTP/1.1 404 Not Found"
HTTP Request: GET https://lrclib.net/api/get?track_name=Hotline+Bling&artist_name=Drake "HTTP/1.1 200 OK"
HTTP Request: GET https://lrclib.net/api/get?track_name=Old+Phone+%28Ringtone%29&artist_name=Ringtone+Hits "HTTP/1.1 404 Not Found"
HTTP Request: GET https://lrclib.net/api/get?track_name=2AM&artist_name=Wolf "HTTP/1.1 404 Not Found"
HTTP Request: GET https://lrclib.net/api/get?track_name=Teeth&artist_name=5+Seconds+of+Summer "HTTP/1.1 200 OK"
HTTP Request: GET https://lrclib.net/api/get?track_name=4+U&artist_name=Meanuwell "HTTP/1.1 404 Not Found"
HTTP Request: GET https://lrclib.net/api/get?track_name=Hell+N+Back+-+A+COLORS+SHOW&artist_name=Bakar "HTTP/1.1 200 OK"
HTTP Request: GET https://lrclib.net/api/get?track_name=Wide+Open+-+Acoustic&artist_name=Aaron+Kellim "HTTP/1.1 404 Not Found"
HTTP Request: GET https://lrclib.net/api/get?track_name=IPHONE+ALARM+FUNK&artist_name=bear+bear+%26+friends "HTTP/1.1 404 Not Found"
HTTP Request: GET https://lrclib.net/api/get?track_name=out+of+mind&artist_name=Brad+Ryan "HTTP/1.1 404 Not Found"
HTTP Request: GET https://lrclib.net/api/get?track_name=Iphone+Ringtune&artist_name=Ro+Ryon "HTTP/1.1 404 Not Found"
HTTP Request: GET https://lrclib.net/api/get?track_name=Attention&artist_name=Paigey+Cakey "HTTP/1.1 404 Not Found"
HTTP Request: GET https://lrclib.net/api/get?track_name=Phone+Call&artist_name=Jokhay "HTTP/1.1 404 Not Found"
HTTP Request: GET https://lrclib.net/api/get?track_name=smoke+%26+a+light&artist_name=Ole+60 "HTTP/1.1 200 OK"
HTTP Request: GET https://lrclib.net/api/get?track_name=Iphone+Ringtune&artist_name=Ro+Ryon "HTTP/1.1 404 Not Found"
HTTP Request: GET https://lrclib.net/api/get?track_name=Warm+Winds+%28feat.+Isaiah+Rashad%29&artist_name=SZA "HTTP/1.1 200 OK"
HTTP Request: GET https://lrclib.net/api/get?track_name=Morning+Call+Notice+Music&artist_name=Relaxing+Mode "HTTP/1.1 404 Not Found"
HTTP Request: GET https://lrclib.net/api/get?track_name=Ringtone+Alarm+01&artist_name=High+Quality+Ringtone "HTTP/1.1 404 Not Found"
HTTP Request: GET https://lrclib.net/api/get?track_name=Trash&artist_name=Human+Nature "HTTP/1.1 200 OK"
HTTP Request: GET https://lrclib.net/api/get?track_name=Self+Esteem+%28featuring+NLE+Choppa%29&artist_name=Lambo4oe "HTTP/1.1 200 OK"
HTTP Request: GET https://lrclib.net/api/get?track_name=Old+Phone+Ringing&artist_name=Sweet+Fret "HTTP/1.1 404 Not Found"
HTTP Request: GET https://lrclib.net/api/get?track_name=Cell+Phone+Speaker+Cleaning+Sound&artist_name=nBeats "HTTP/1.1 404 Not Found"
HTTP Request: GET https://lrclib.net/api/get?track_name=Only+New+York+Going+On&artist_name=Francis+Dunnery "HTTP/1.1 200 OK"
HTTP Request: GET https://lrclib.net/api/get?track_name=Back+to+the+Topic&artist_name=J.+Cole "HTTP/1.1 200 OK"
HTTP Request: GET https://lrclib.net/api/get?track_name=DICE&artist_name=Good+Juju+Or+Bad+Juju "HTTP/1.1 404 Not Found"
HTTP Request: GET https://lrclib.net/api/get?track_name=Piece+of+My+Mind&artist_name=Every+You "HTTP/1.1 404 Not Found"
HTTP Request: GET https://lrclib.net/api/get?track_name=Late+Night+Lover&artist_name=Phil+Kane "HTTP/1.1 200 OK"
HTTP Request: GET https://lrclib.net/api/get?track_name=9+Am&artist_name=vicX "HTTP/1.1 404 Not Found"
HTTP Request: GET https://lrclib.net/api/get?track_name=Cell+Phone+Ringing+-+Sound+Effect&artist_name=Beats+by+Talent "HTTP/1.1 404 Not Found"
HTTP Request: GET https://lrclib.net/api/get?track_name=Cosmic+Slop&artist_name=Funkadelic "HTTP/1.1 200 OK"
HTTP Request: GET https://lrclib.net/api/get?track_name=Good+Flirts+%28feat.+Kendrick+Lamar+%26+Momo+Boyd%29&artist_name=Baby+Keem "HTTP/1.1 200 OK"
HTTP Request: GET https://lrclib.net/api/get?track_name=Cosmic+Slop&artist_name=Funkadelic "HTTP/1.1 200 OK"
HTTP Request: GET https://lrclib.net/api/get?track_name=Focus&artist_name=Kiana+Led%C3%A9 "HTTP/1.1 200 OK"
HTTP Request: GET https://lrclib.net/api/get?track_name=Compel&artist_name=Verzayce "HTTP/1.1 404 Not Found"
HTTP Request: GET https://lrclib.net/api/get?track_name=IPhone+Ringtone+Trap+-+Remix&artist_name=Jasser+Labidi "HTTP/1.1 200 OK"
HTTP Request: GET https://lrclib.net/api/get?track_name=Body+Smile&artist_name=dvsn "HTTP/1.1 200 OK"
HTTP Request: GET https://lrclib.net/api/get?track_name=Find+You&artist_name=Charlotte+Day+Wilson "HTTP/1.1 200 OK"
HTTP Request: GET https://lrclib.net/api/get?track_name=Everyday+Hustle&artist_name=Future "HTTP/1.1 200 OK"
HTTP Request: GET https://lrclib.net/api/get?track_name=Power+Horn+5.0&artist_name=Dj+Monster+PS "HTTP/1.1 404 Not Found"
HTTP Request: GET https://lrclib.net/api/get?track_name=No+Phone+Calls&artist_name=Gabriel+Iglesias "HTTP/1.1 404 Not Found"
HTTP Request: GET https://lrclib.net/api/get?track_name=I+Can%27t+Fit+In&artist_name=Marino "HTTP/1.1 200 OK"
HTTP Request: GET https://lrclib.net/api/get?track_name=YDKWLI&artist_name=Trevenchi "HTTP/1.1 404 Not Found"
HTTP Request: GET https://lrclib.net/api/get?track_name=Call+Me&artist_name=Luke+Combs "HTTP/1.1 200 OK"
HTTP Request: GET https://lrclib.net/api/get?track_name=No+Caller+ID&artist_name=Megan+Moroney "HTTP/1.1 200 OK"
HTTP Request: GET https://lrclib.net/api/get?track_name=Morning+Vibes&artist_name=Lowfly "HTTP/1.1 404 Not Found"
HTTP Request: GET https://lrclib.net/api/get?track_name=Power+Horn+4.0&artist_name=Dj+Monster+PS "HTTP/1.1 404 Not Found"
HTTP Request: GET https://lrclib.net/api/get?track_name=Phone+Away&artist_name=Monoir "HTTP/1.1 200 OK"
HTTP Request: GET https://lrclib.net/api/get?track_name=Power+Horn+6.0&artist_name=Dj+Monster+PS "HTTP/1.1 404 Not Found"
HTTP Request: GET https://lrclib.net/api/get?track_name=Porch+Light&artist_name=LordDawgWolf "HTTP/1.1 404 Not Found"
Processing request of type CallToolRequest
HTTP Request: GET https://api.spotify.com/v1/search?q=2am+2+a.m.+two+in+the+morning+call+phone+late&type=track&limit=10&offset=0 "HTTP/1.1 200 OK"
HTTP Request: GET https://api.spotify.com/v1/search?q=2am+2+a.m.+two+in+the+morning+call+phone+late&type=track&limit=10&offset=10 "HTTP/1.1 200 OK"
HTTP Request: GET https://api.spotify.com/v1/search?q=2am+2+a.m.+two+in+the+morning+call+phone+late&type=track&limit=10&offset=20 "HTTP/1.1 200 OK"
HTTP Request: GET https://api.spotify.com/v1/search?q=2am+2+a.m.+two+in+the+morning+call+phone+late&type=track&limit=10&offset=30 "HTTP/1.1 200 OK"
HTTP Request: GET https://lrclib.net/api/get?track_name=2AM&artist_name=Don+Toliver "HTTP/1.1 200 OK"
HTTP Request: GET https://lrclib.net/api/get?track_name=1+AM&artist_name=Civ "HTTP/1.1 200 OK"
HTTP Request: GET https://lrclib.net/api/get?track_name=can+we+talk+like+we+used+to%3F&artist_name=Sonny+Zero "HTTP/1.1 200 OK"
HTTP Request: GET https://lrclib.net/api/get?track_name=2AM&artist_name=Mellina+Tey "HTTP/1.1 200 OK"
HTTP Request: GET https://lrclib.net/api/get?track_name=2AM&artist_name=Wolf "HTTP/1.1 404 Not Found"
HTTP Request: GET https://lrclib.net/api/get?track_name=STORY&artist_name=NF "HTTP/1.1 200 OK"
HTTP Request: GET https://lrclib.net/api/get?track_name=Fire+Squad&artist_name=J.+Cole "HTTP/1.1 200 OK"
HTTP Request: GET https://lrclib.net/api/get?track_name=Chocolate+Baby&artist_name=Artbyblack "HTTP/1.1 404 Not Found"
HTTP Request: GET https://lrclib.net/api/get?track_name=2am&artist_name=Luke+Hunter "HTTP/1.1 404 Not Found"
HTTP Request: GET https://lrclib.net/api/get?track_name=I+Fucked+Up&artist_name=Marv+Pax "HTTP/1.1 404 Not Found"
HTTP Request: GET https://lrclib.net/api/get?track_name=Jezebel+Calling+-+Original&artist_name=TheGhostsFury "HTTP/1.1 404 Not Found"
HTTP Request: GET https://lrclib.net/api/get?track_name=United+In+Grief&artist_name=Kendrick+Lamar "HTTP/1.1 200 OK"
HTTP Request: GET https://lrclib.net/api/get?track_name=Happiness+is+a+butterfly&artist_name=Lana+Del+Rey "HTTP/1.1 200 OK"
HTTP Request: GET https://lrclib.net/api/get?track_name=4+U&artist_name=Meanuwell "HTTP/1.1 404 Not Found"
HTTP Request: GET https://lrclib.net/api/get?track_name=1+AM&artist_name=Civ "HTTP/1.1 200 OK"
HTTP Request: GET https://lrclib.net/api/get?track_name=2+AM&artist_name=Reyan "HTTP/1.1 200 OK"
HTTP Request: GET https://lrclib.net/api/get?track_name=Look+What+You%27ve+Done&artist_name=Drake "HTTP/1.1 200 OK"
HTTP Request: GET https://lrclib.net/api/get?track_name=Love+Notes&artist_name=Tjay+Jenamie "HTTP/1.1 404 Not Found"
HTTP Request: GET https://lrclib.net/api/get?track_name=I+Fucked+Up&artist_name=Marv+Pax "HTTP/1.1 404 Not Found"
HTTP Request: GET https://lrclib.net/api/get?track_name=3am+in+Hell&artist_name=Lucifer+was+innocent "HTTP/1.1 200 OK"
HTTP Request: GET https://lrclib.net/api/get?track_name=Sammy&artist_name=L%27Andreea "HTTP/1.1 404 Not Found"
HTTP Request: GET https://lrclib.net/api/get?track_name=2+A.M.&artist_name=King+Von "HTTP/1.1 200 OK"
HTTP Request: GET https://lrclib.net/api/get?track_name=call+me+in+the+morning&artist_name=kanegi. "HTTP/1.1 404 Not Found"
HTTP Request: GET https://lrclib.net/api/get?track_name=Payphone&artist_name=Maroon+5 "HTTP/1.1 200 OK"
HTTP Request: GET https://lrclib.net/api/get?track_name=Heartbeat&artist_name=Childish+Gambino "HTTP/1.1 200 OK"
HTTP Request: GET https://lrclib.net/api/get?track_name=9+Am&artist_name=vicX "HTTP/1.1 404 Not Found"
HTTP Request: GET https://lrclib.net/api/get?track_name=You+Made+Me+That+Way&artist_name=Patrick+%26+Kate "HTTP/1.1 404 Not Found"
HTTP Request: GET https://lrclib.net/api/get?track_name=Default&artist_name=plvy37 "HTTP/1.1 404 Not Found"
HTTP Request: GET https://lrclib.net/api/get?track_name=Relapse&artist_name=Warren+Zeiders "HTTP/1.1 200 OK"
HTTP Request: GET https://lrclib.net/api/get?track_name=3+A.M.&artist_name=King+Von "HTTP/1.1 200 OK"
HTTP Request: GET https://lrclib.net/api/get?track_name=Thrills+Sought+After&artist_name=Edwin+Raphael "HTTP/1.1 200 OK"
HTTP Request: GET https://lrclib.net/api/get?track_name=Thrills+Sought+After&artist_name=Edwin+Raphael "HTTP/1.1 200 OK"
HTTP Request: GET https://lrclib.net/api/get?track_name=2AM&artist_name=SZA "HTTP/1.1 200 OK"
HTTP Request: GET https://lrclib.net/api/get?track_name=4+AM+%28Talking+on+My+Cellphone%29&artist_name=Neddy "HTTP/1.1 404 Not Found"
HTTP Request: GET https://lrclib.net/api/get?track_name=4+AM+%28Talking+on+My+Cellphone%29&artist_name=Neddy "HTTP/1.1 404 Not Found"
HTTP Request: GET https://lrclib.net/api/get?track_name=2AM&artist_name=LovrBoy "HTTP/1.1 200 OK"
HTTP Request: GET https://lrclib.net/api/get?track_name=Busted&artist_name=The+Isley+Brothers "HTTP/1.1 200 OK"
HTTP Request: GET https://lrclib.net/api/get?track_name=Phone+Away&artist_name=Monoir "HTTP/1.1 200 OK"
HTTP Request: GET https://lrclib.net/api/get?track_name=On+the+Hotline+-+Amended+Version&artist_name=Pretty+Ricky "HTTP/1.1 200 OK"
HTTP Request: GET https://lrclib.net/api/get?track_name=BAD+OMENS&artist_name=ero808 "HTTP/1.1 200 OK"
Processing request of type CallToolRequest
HTTP Request: GET https://api.spotify.com/v1/search?q=calling+you+late+night+2am+midnight+phone+call+dialing+wake&type=track&limit=10&offset=0 "HTTP/1.1 200 OK"
HTTP Request: GET https://api.spotify.com/v1/search?q=calling+you+late+night+2am+midnight+phone+call+dialing+wake&type=track&limit=10&offset=10 "HTTP/1.1 200 OK"
HTTP Request: GET https://api.spotify.com/v1/search?q=calling+you+late+night+2am+midnight+phone+call+dialing+wake&type=track&limit=10&offset=20 "HTTP/1.1 200 OK"
HTTP Request: GET https://api.spotify.com/v1/search?q=calling+you+late+night+2am+midnight+phone+call+dialing+wake&type=track&limit=10&offset=30 "HTTP/1.1 200 OK"
HTTP Request: GET https://lrclib.net/api/get?track_name=Prologue%3A+Into+the+Woods&artist_name=Company+-+Into+the+Woods+%28Motion+Picture+Cast%29 "HTTP/1.1 200 OK"
HTTP Request: GET https://lrclib.net/api/get?track_name=Sammy&artist_name=L%27Andreea "HTTP/1.1 404 Not Found"
HTTP Request: GET https://lrclib.net/api/get?track_name=LATE+NIGHT&artist_name=liln4ghtshawty "HTTP/1.1 404 Not Found"
HTTP Request: GET https://lrclib.net/api/get?track_name=Calling+My+Phone&artist_name=Lil+Tjay "HTTP/1.1 200 OK"
HTTP Request: GET https://lrclib.net/api/get?track_name=Heartbeat&artist_name=Childish+Gambino "HTTP/1.1 200 OK"
HTTP Request: GET https://lrclib.net/api/get?track_name=Trouble&artist_name=Alexis+Brooke "HTTP/1.1 404 Not Found"
HTTP Request: GET https://lrclib.net/api/get?track_name=Your+Number+REMIX+%28feat.+Chris+Brown+%26+Kid+Ink%29&artist_name=Ayo+Jay "HTTP/1.1 200 OK"
HTTP Request: GET https://lrclib.net/api/get?track_name=Lesley+%28feat.+Ruelle%29&artist_name=Dave "HTTP/1.1 200 OK"
HTTP Request: GET https://lrclib.net/api/get?track_name=calling+my+phone+-+slowed+%2B+reverb&artist_name=sl%C5%8D "HTTP/1.1 404 Not Found"
HTTP Request: GET https://lrclib.net/api/get?track_name=IPHONE+ALARM+FUNK&artist_name=bear+bear+%26+friends "HTTP/1.1 404 Not Found"
HTTP Request: GET https://lrclib.net/api/get?track_name=Wait+In+The+Sea&artist_name=Amarante "HTTP/1.1 200 OK"
HTTP Request: GET https://lrclib.net/api/get?track_name=United+In+Grief&artist_name=Kendrick+Lamar "HTTP/1.1 200 OK"
HTTP Request: GET https://lrclib.net/api/get?track_name=Cosmic+Slop&artist_name=Funkadelic "HTTP/1.1 200 OK"
HTTP Request: GET https://lrclib.net/api/get?track_name=Alone&artist_name=Bee+Gees "HTTP/1.1 200 OK"
HTTP Request: GET https://lrclib.net/api/get?track_name=Trash&artist_name=Human+Nature "HTTP/1.1 200 OK"
HTTP Request: GET https://lrclib.net/api/get?track_name=No+Caller+ID&artist_name=Megan+Moroney "HTTP/1.1 200 OK"
HTTP Request: GET https://lrclib.net/api/get?track_name=Alarm+Sound%3A+Wake-up+Calls&artist_name=nBeats "HTTP/1.1 404 Not Found"
HTTP Request: GET https://lrclib.net/api/get?track_name=Old+Phone+%28Ringtone%29&artist_name=Ringtone+Hits "HTTP/1.1 404 Not Found"
HTTP Request: GET https://lrclib.net/api/get?track_name=Turn+Off+The+Phone&artist_name=John+Singh "HTTP/1.1 404 Not Found"
HTTP Request: GET https://lrclib.net/api/get?track_name=Iphone+Ringtune&artist_name=Ro+Ryon "HTTP/1.1 404 Not Found"
HTTP Request: GET https://lrclib.net/api/get?track_name=No+Caller+ID&artist_name=Megan+Moroney "HTTP/1.1 200 OK"
HTTP Request: GET https://lrclib.net/api/get?track_name=Late+At+Night&artist_name=Dimi "HTTP/1.1 200 OK"
HTTP Request: GET https://lrclib.net/api/get?track_name=Cosmic+Slop&artist_name=Funkadelic "HTTP/1.1 200 OK"
HTTP Request: GET https://lrclib.net/api/get?track_name=Picture+Me&artist_name=Dave "HTTP/1.1 200 OK"
HTTP Request: GET https://lrclib.net/api/get?track_name=Stupid+Girl&artist_name=Zuma. "HTTP/1.1 404 Not Found"
HTTP Request: GET https://lrclib.net/api/get?track_name=Old+Phone+Ringing&artist_name=Sweet+Fret "HTTP/1.1 404 Not Found"
HTTP Request: GET https://lrclib.net/api/get?track_name=Piece+of+My+Mind&artist_name=Every+You "HTTP/1.1 404 Not Found"
HTTP Request: GET https://lrclib.net/api/get?track_name=Picture+Me&artist_name=Dave "HTTP/1.1 200 OK"
HTTP Request: GET https://lrclib.net/api/get?track_name=Ringtone+Alarm+01&artist_name=High+Quality+Ringtone "HTTP/1.1 404 Not Found"
HTTP Request: GET https://lrclib.net/api/get?track_name=IPhone+Ringtone+Trap+-+Remix&artist_name=Jasser+Labidi "HTTP/1.1 200 OK"
HTTP Request: GET https://lrclib.net/api/get?track_name=Love+Sick&artist_name=Shady+Moon "HTTP/1.1 200 OK"
HTTP Request: GET https://lrclib.net/api/get?track_name=calling+my+phone+-+sped+up+%2B+reverb&artist_name=pearl "HTTP/1.1 404 Not Found"
HTTP Request: GET https://lrclib.net/api/get?track_name=Cell+Phone+Ringing+-+Sound+Effect&artist_name=Beats+by+Talent "HTTP/1.1 404 Not Found"
HTTP Request: GET https://lrclib.net/api/get?track_name=Do+Anything&artist_name=Camo "HTTP/1.1 404 Not Found"
HTTP Request: GET https://lrclib.net/api/get?track_name=4+AM&artist_name=CARU "HTTP/1.1 404 Not Found"
HTTP Request: GET https://lrclib.net/api/get?track_name=4+AM&artist_name=CARU "HTTP/1.1 404 Not Found"
HTTP Request: GET https://lrclib.net/api/get?track_name=No+Auto+Durk+%28feat.+Lil+Durk%29&artist_name=Only+The+Family "HTTP/1.1 200 OK"
HTTP Request: GET https://lrclib.net/api/get?track_name=Diss+Tracks+in+the+1800s+Be+Like&artist_name=Kyle+Exum "HTTP/1.1 200 OK"
HTTP Request: GET https://lrclib.net/api/get?track_name=Phone+Away&artist_name=Monoir "HTTP/1.1 200 OK"
HTTP Request: GET https://lrclib.net/api/get?track_name=Pick+Up+%28Call+Home%29&artist_name=Quesadillas "HTTP/1.1 404 Not Found"
Processing request of type CallToolRequest
HTTP Request: GET https://lrclib.net/api/get?track_name=Busted&artist_name=The+Isley+Brothers%2C+Ronald+Isley%2C+JS "HTTP/1.1 200 OK"
Processing request of type CallToolRequest
HTTP Request: GET https://lrclib.net/api/get?track_name=2AM&artist_name=Don+Toliver "HTTP/1.1 200 OK"
Processing request of type CallToolRequest
HTTP Request: GET https://lrclib.net/api/get?track_name=Calling+My+Phone&artist_name=Lil+Tjay%2C+6LACK "HTTP/1.1 200 OK"
Processing request of type CallToolRequest
HTTP Request: GET https://lrclib.net/api/get?track_name=No+Caller+ID&artist_name=Megan+Moroney "HTTP/1.1 200 OK"
C:\Users\91626\OneDrive - Manipal Academy of Higher Education\Desktop\projects\spotify-agent\spot\Lib\site-packages\pydantic_settings\sources\utils.py:47: IncompleteFieldDefinitionWarning: Field 'lifespan' has an incomplete definition: its annotation contains an unresolved forward reference, so settings sources may fail to correctly resolve its value. Call `model_rebuild()` on the model where the field is defined, once all the referenced types are defined.
  warnings.warn(
Processing request of type ListToolsRequest
Processing request of type CallToolRequest
HTTP Request: POST https://accounts.spotify.com/api/token "HTTP/1.1 200 OK"
HTTP Request: GET https://api.spotify.com/v1/me/player/recently-played?limit=24 "HTTP/1.1 200 OK"
HTTP Request: GET https://lrclib.net/api/get?track_name=Two+Ghosts&artist_name=Harry+Styles "HTTP/1.1 200 OK"
HTTP Request: GET https://lrclib.net/api/get?track_name=Back+To+You&artist_name=Selena+Gomez "HTTP/1.1 200 OK"
HTTP Request: GET https://lrclib.net/api/get?track_name=O+Meri+Laila&artist_name=Atif+Aslam "HTTP/1.1 200 OK"
HTTP Request: GET https://lrclib.net/api/get?track_name=Starman+-+2012+Remaster&artist_name=David+Bowie "HTTP/1.1 200 OK"
HTTP Request: GET https://lrclib.net/api/get?track_name=Golden&artist_name=Harry+Styles "HTTP/1.1 200 OK"
HTTP Request: GET https://lrclib.net/api/get?track_name=Tum+-+Version&artist_name=Javed+Ali "HTTP/1.1 200 OK"
HTTP Request: GET https://lrclib.net/api/get?track_name=So+Long+Sad+Songs&artist_name=CAIN "HTTP/1.1 200 OK"
HTTP Request: GET https://lrclib.net/api/get?track_name=Pigeon&artist_name=Cavetown "HTTP/1.1 200 OK"
HTTP Request: GET https://lrclib.net/api/get?track_name=This+Is+Home&artist_name=Cavetown "HTTP/1.1 200 OK"
HTTP Request: GET https://lrclib.net/api/get?track_name=bored+like+me+%28demo%29&artist_name=dodie "HTTP/1.1 200 OK"
HTTP Request: GET https://lrclib.net/api/get?track_name=Olivia&artist_name=One+Direction "HTTP/1.1 200 OK"
HTTP Request: GET https://lrclib.net/api/get?track_name=show+and+tell&artist_name=mxmtoon "HTTP/1.1 200 OK"
C:\Users\91626\OneDrive - Manipal Academy of Higher Education\Desktop\projects\spotify-agent\spot\Lib\site-packages\pydantic_settings\sources\utils.py:47: IncompleteFieldDefinitionWarning: Field 'lifespan' has an incomplete definition: its annotation contains an unresolved forward reference, so settings sources may fail to correctly resolve its value. Call `model_rebuild()` on the model where the field is defined, once all the referenced types are defined.
  warnings.warn(
Processing request of type ListToolsRequest
C:\Users\91626\OneDrive - Manipal Academy of Higher Education\Desktop\projects\spotify-agent\spot\Lib\site-packages\pydantic_settings\sources\utils.py:47: IncompleteFieldDefinitionWarning: Field 'lifespan' has an incomplete definition: its annotation contains an unresolved forward reference, so settings sources may fail to correctly resolve its value. Call `model_rebuild()` on the model where the field is defined, once all the referenced types are defined.
  warnings.warn(
Processing request of type ListToolsRequest
Processing request of type CallToolRequest
HTTP Request: POST https://accounts.spotify.com/api/token "HTTP/1.1 200 OK"
HTTP Request: GET https://api.spotify.com/v1/search?q=dishwashing+competition+late+night+kitchen+sink+midnight+cleaning&type=track&limit=10&offset=0 "HTTP/1.1 200 OK"
HTTP Request: GET https://api.spotify.com/v1/search?q=dishwashing+competition+late+night+kitchen+sink+midnight+cleaning&type=track&limit=10&offset=10 "HTTP/1.1 200 OK"
HTTP Request: GET https://api.spotify.com/v1/search?q=dishwashing+competition+late+night+kitchen+sink+midnight+cleaning&type=track&limit=10&offset=20 "HTTP/1.1 200 OK"
HTTP Request: GET https://lrclib.net/api/get?track_name=Cell+Phone+Speaker+Cleaning+Sound&artist_name=nBeats "HTTP/1.1 404 Not Found"
HTTP Request: GET https://lrclib.net/api/get?track_name=Sound+to+Remove+Water+from+Phone+Charging+Port&artist_name=nBeats "HTTP/1.1 404 Not Found"
HTTP Request: GET https://lrclib.net/api/get?track_name=Sound+to+Remove+Water+from+Mobile&artist_name=nBeats "HTTP/1.1 404 Not Found"
HTTP Request: GET https://lrclib.net/api/get?track_name=Dirty&artist_name=Dasha "HTTP/1.1 200 OK"
HTTP Request: GET https://lrclib.net/api/get?track_name=Dishwashing+Dreams%3A+Ambient+Flow&artist_name=Dishwasher+Sounds "HTTP/1.1 404 Not Found"
HTTP Request: GET https://lrclib.net/api/get?track_name=Dishwashing+College+Graduate&artist_name=Simon+Alden "HTTP/1.1 404 Not Found"
HTTP Request: GET https://lrclib.net/api/get?track_name=Murdergram&artist_name=LL+COOL+J "HTTP/1.1 200 OK"
HTTP Request: GET https://lrclib.net/api/get?track_name=Murdergram&artist_name=LL+COOL+J "HTTP/1.1 200 OK"
HTTP Request: GET https://lrclib.net/api/get?track_name=Dishwashing+Gloves&artist_name=ASMR+Zeitgeist "HTTP/1.1 404 Not Found"
HTTP Request: GET https://lrclib.net/api/get?track_name=Sound+to+Remove+Water+from+Phone+Speakers&artist_name=nBeats "HTTP/1.1 404 Not Found"
HTTP Request: GET https://lrclib.net/api/get?track_name=Murdergram&artist_name=LL+COOL+J "HTTP/1.1 200 OK"
HTTP Request: GET https://lrclib.net/api/get?track_name=EAULDIE&artist_name=FLEAU "HTTP/1.1 200 OK"
HTTP Request: GET https://lrclib.net/api/get?track_name=Dishwashing+Gloves+%26+Sponge+and+Dolphins&artist_name=Jojo%27s+ASMR "HTTP/1.1 404 Not Found"
HTTP Request: GET https://lrclib.net/api/get?track_name=MIDNIGHT&artist_name=Adi "HTTP/1.1 200 OK"
HTTP Request: GET https://lrclib.net/api/get?track_name=Clothes+Washer+-+For+Sleep+%28Loopable+no+fade%29&artist_name=Dream+Supplier "HTTP/1.1 404 Not Found"
HTTP Request: GET https://lrclib.net/api/get?track_name=slip+n+slide&artist_name=Qualmi+Feld "HTTP/1.1 404 Not Found"
HTTP Request: GET https://lrclib.net/api/get?track_name=Psychoville&artist_name=Dabbla "HTTP/1.1 200 OK"
HTTP Request: GET https://lrclib.net/api/get?track_name=Fridge+Light&artist_name=PR0-Vider "HTTP/1.1 404 Not Found"
HTTP Request: GET https://lrclib.net/api/get?track_name=What+If+I+Swiped+Right%3F&artist_name=John+Mallon "HTTP/1.1 404 Not Found"
HTTP Request: GET https://lrclib.net/api/get?track_name=Don%27t+Blink&artist_name=Sparklinbaby "HTTP/1.1 404 Not Found"
HTTP Request: GET https://lrclib.net/api/get?track_name=Dishwasher+04&artist_name=Sleep+Sounds+HD "HTTP/1.1 404 Not Found"
HTTP Request: GET https://lrclib.net/api/get?track_name=Dishwasher+11&artist_name=Babysounds "HTTP/1.1 404 Not Found"
HTTP Request: GET https://lrclib.net/api/get?track_name=Sound+to+Remove+Dust+from+Phone+Speaker&artist_name=nBeats "HTTP/1.1 404 Not Found"
HTTP Request: GET https://lrclib.net/api/get?track_name=Meant+to+Be&artist_name=Plutoroxz "HTTP/1.1 404 Not Found"
HTTP Request: GET https://lrclib.net/api/get?track_name=Meant+To+Be&artist_name=Plutoroxz "HTTP/1.1 404 Not Found"
HTTP Request: GET https://lrclib.net/api/get?track_name=Nofo&artist_name=Pompodat "HTTP/1.1 404 Not Found"
HTTP Request: GET https://lrclib.net/api/get?track_name=Trunk+Go+Boom%2C+Pt.+2&artist_name=RHYMI "HTTP/1.1 404 Not Found"
HTTP Request: GET https://lrclib.net/api/get?track_name=Memory+of+Us&artist_name=PEN+BUNNY "HTTP/1.1 404 Not Found"
HTTP Request: GET https://lrclib.net/api/get?track_name=Worn+Like+Broken+Leather&artist_name=XRIINO "HTTP/1.1 404 Not Found"
HTTP Request: GET https://lrclib.net/api/get?track_name=Dishes&artist_name=Jouspra+mc "HTTP/1.1 404 Not Found"
C:\Users\91626\OneDrive - Manipal Academy of Higher Education\Desktop\projects\spotify-agent\spot\Lib\site-packages\pydantic_settings\sources\utils.py:47: IncompleteFieldDefinitionWarning: Field 'lifespan' has an incomplete definition: its annotation contains an unresolved forward reference, so settings sources may fail to correctly resolve its value. Call `model_rebuild()` on the model where the field is defined, once all the referenced types are defined.
  warnings.warn(
Processing request of type ListToolsRequest
Processing request of type CallToolRequest
HTTP Request: POST https://accounts.spotify.com/api/token "HTTP/1.1 200 OK"
HTTP Request: GET https://api.spotify.com/v1/search?q=rain&type=track&limit=10&offset=0 "HTTP/1.1 200 OK"
HTTP Request: GET https://api.spotify.com/v1/search?q=rain&type=track&limit=10&offset=10 "HTTP/1.1 200 OK"
HTTP Request: GET https://lrclib.net/api/get?track_name=1+Hour+of+Soft+Rain+to+Reduce+Stress&artist_name=Calming+Rain "HTTP/1.1 404 Not Found"
HTTP Request: GET https://lrclib.net/api/get?track_name=Saibo&artist_name=Sachin-Jigar "HTTP/1.1 200 OK"
HTTP Request: GET https://lrclib.net/api/get?track_name=Raindance+%28feat.+Tems%29&artist_name=Dave "HTTP/1.1 200 OK"
HTTP Request: GET https://lrclib.net/api/get?track_name=RAINA&artist_name=Shekhar+Ravjiani "HTTP/1.1 200 OK"
HTTP Request: GET https://lrclib.net/api/get?track_name=Raintalk&artist_name=Aditya+Bhardwaj "HTTP/1.1 200 OK"
HTTP Request: GET https://lrclib.net/api/get?track_name=Barso+Re&artist_name=A.R.+Rahman "HTTP/1.1 200 OK"
HTTP Request: GET https://lrclib.net/api/get?track_name=Rain&artist_name=DIVINE "HTTP/1.1 200 OK"
HTTP Request: GET https://lrclib.net/api/get?track_name=Show+Me+Love+%28with+Tyla%29&artist_name=WizTheMc "HTTP/1.1 200 OK"
HTTP Request: GET https://lrclib.net/api/get?track_name=Tu+Hi+Yaar+Mera+%28From+%22Pati+Patni+Aur+Woh%22%29&artist_name=Rochak+Kohli "HTTP/1.1 404 Not Found"
HTTP Request: GET https://lrclib.net/api/get?track_name=Babydoll&artist_name=Dominic+Fike "HTTP/1.1 200 OK"
HTTP Request: GET https://lrclib.net/api/get?track_name=Sailor+Song&artist_name=Gigi+Perez "HTTP/1.1 200 OK"
HTTP Request: GET https://lrclib.net/api/get?track_name=Rain+Over+Me+%28feat.+Marc+Anthony%29&artist_name=Pitbull "HTTP/1.1 200 OK"
HTTP Request: GET https://lrclib.net/api/get?track_name=Saibo&artist_name=Sachin-Jigar "HTTP/1.1 200 OK"
HTTP Request: GET https://lrclib.net/api/get?track_name=Show+Me+Love+%28with+Tyla%29&artist_name=WizTheMc "HTTP/1.1 200 OK"
HTTP Request: GET https://lrclib.net/api/get?track_name=Rainy+Days&artist_name=V "HTTP/1.1 200 OK"
HTTP Request: GET https://lrclib.net/api/get?track_name=Flatline&artist_name=Justin+Bieber "HTTP/1.1 200 OK"
HTTP Request: GET https://lrclib.net/api/get?track_name=Baarish&artist_name=Shashaa+Tirupati "HTTP/1.1 200 OK"
HTTP Request: GET https://lrclib.net/api/get?track_name=Rain&artist_name=Pradeep+Nongthombam "HTTP/1.1 200 OK"
HTTP Request: GET https://lrclib.net/api/get?track_name=Rainy+Days&artist_name=Talha+Anjum "HTTP/1.1 200 OK"
HTTP Request: GET https://lrclib.net/api/get?track_name=Rain+Dance%3A+A+Tin+Theme+%28From+%22Trisha+Illana+Nayanthara%22%29&artist_name=G.+V.+Prakash "HTTP/1.1 404 Not Found"
C:\Users\91626\OneDrive - Manipal Academy of Higher Education\Desktop\projects\spotify-agent\spot\Lib\site-packages\pydantic_settings\sources\utils.py:47: IncompleteFieldDefinitionWarning: Field 'lifespan' has an incomplete definition: its annotation contains an unresolved forward reference, so settings sources may fail to correctly resolve its value. Call `model_rebuild()` on the model where the field is defined, once all the referenced types are defined.
  warnings.warn(
Processing request of type ListToolsRequest
C:\Users\91626\OneDrive - Manipal Academy of Higher Education\Desktop\projects\spotify-agent\spot\Lib\site-packages\pydantic_settings\sources\utils.py:47: IncompleteFieldDefinitionWarning: Field 'lifespan' has an incomplete definition: its annotation contains an unresolved forward reference, so settings sources may fail to correctly resolve its value. Call `model_rebuild()` on the model where the field is defined, once all the referenced types are defined.
  warnings.warn(
Processing request of type ListToolsRequest
Processing request of type CallToolRequest
HTTP Request: POST https://accounts.spotify.com/api/token "HTTP/1.1 200 OK"
HTTP Request: GET https://api.spotify.com/v1/search?q=leaving+home+sad&type=track&limit=10&offset=0 "HTTP/1.1 200 OK"
Processing request of type CallToolRequest
HTTP Request: GET https://api.spotify.com/v1/search?q=last+drive+sad&type=track&limit=10&offset=0 "HTTP/1.1 200 OK"
Processing request of type CallToolRequest
HTTP Request: GET https://api.spotify.com/v1/search?q=small+town+goodbye+sad&type=track&limit=10&offset=0 "HTTP/1.1 200 OK"
Processing request of type CallToolRequest
HTTP Request: GET https://api.spotify.com/v1/search?q=leaving+home+road+goodbye&type=track&limit=10&offset=0 "HTTP/1.1 200 OK"
HTTP Request: GET https://api.spotify.com/v1/search?q=leaving+home+road+goodbye&type=track&limit=10&offset=10 "HTTP/1.1 200 OK"
HTTP Request: GET https://api.spotify.com/v1/search?q=leaving+home+road+goodbye&type=track&limit=10&offset=20 "HTTP/1.1 200 OK"
HTTP Request: GET https://lrclib.net/api/get?track_name=Love+Me+Like+There%27s+No+Tomorrow&artist_name=Freddie+Mercury "HTTP/1.1 200 OK"
HTTP Request: GET https://lrclib.net/api/get?track_name=Leaving+Home&artist_name=Indian+Ocean "HTTP/1.1 200 OK"
HTTP Request: GET https://lrclib.net/api/get?track_name=Look+On+Down+From+The+Bridge&artist_name=Mazzy+Star "HTTP/1.1 200 OK"
HTTP Request: GET https://lrclib.net/api/get?track_name=Leaving+Pipsy&artist_name=Achint "HTTP/1.1 404 Not Found"
HTTP Request: GET https://lrclib.net/api/get?track_name=Love+Me+Like+There%27s+No+Tomorrow+-+Special+Edition&artist_name=Freddie+Mercury "HTTP/1.1 200 OK"
HTTP Request: GET https://lrclib.net/api/get?track_name=Leaving+Home&artist_name=Tales+of+Vibrations "HTTP/1.1 404 Not Found"
HTTP Request: GET https://lrclib.net/api/get?track_name=Look+On+Down+From+The+Bridge&artist_name=Mazzy+Star "HTTP/1.1 200 OK"
HTTP Request: GET https://lrclib.net/api/get?track_name=Love+Me+Like+There%27s+No+Tomorrow+-+Special+Edition&artist_name=Freddie+Mercury "HTTP/1.1 200 OK"
HTTP Request: GET https://lrclib.net/api/get?track_name=GROWING+UP&artist_name=Hi-STANDARD "HTTP/1.1 200 OK"
HTTP Request: GET https://lrclib.net/api/get?track_name=GROWING+UP&artist_name=Hi-STANDARD "HTTP/1.1 200 OK"
HTTP Request: GET https://lrclib.net/api/get?track_name=Beyond+the+Mist&artist_name=Major+Expedition "HTTP/1.1 404 Not Found"
HTTP Request: GET https://lrclib.net/api/get?track_name=leaving+home&artist_name=Camylio "HTTP/1.1 200 OK"
HTTP Request: GET https://lrclib.net/api/get?track_name=Leaving+Hogwarts&artist_name=John+Williams "HTTP/1.1 200 OK"
HTTP Request: GET https://lrclib.net/api/get?track_name=Leaving+India+%28From+%22Life+of+Pi%22+Soundtrack%29&artist_name=Mychael+Danna "HTTP/1.1 404 Not Found"
HTTP Request: GET https://lrclib.net/api/get?track_name=Leaving+Caladan&artist_name=Hans+Zimmer "HTTP/1.1 200 OK"
HTTP Request: GET https://lrclib.net/api/get?track_name=Beyond+The+Mist&artist_name=Major+Expedition "HTTP/1.1 404 Not Found"
HTTP Request: GET https://lrclib.net/api/get?track_name=Night+Passage&artist_name=Lonely+Mountain "HTTP/1.1 404 Not Found"
HTTP Request: GET https://lrclib.net/api/get?track_name=Far+from+home&artist_name=Mr+Paganini "HTTP/1.1 404 Not Found"
HTTP Request: GET https://lrclib.net/api/get?track_name=god+complex&artist_name=yuronono "HTTP/1.1 200 OK"
HTTP Request: GET https://lrclib.net/api/get?track_name=Far+From+Home&artist_name=Mr+Paganini "HTTP/1.1 404 Not Found"
HTTP Request: GET https://lrclib.net/api/get?track_name=She%27s+Leaving+Home+-+First+Mono+Mix&artist_name=The+Beatles "HTTP/1.1 200 OK"
HTTP Request: GET https://lrclib.net/api/get?track_name=leaving+home&artist_name=Banks "HTTP/1.1 404 Not Found"
HTTP Request: GET https://lrclib.net/api/get?track_name=Don%27t+Follow&artist_name=Alice+In+Chains "HTTP/1.1 200 OK"
HTTP Request: GET https://lrclib.net/api/get?track_name=She%27s+Leaving+Home&artist_name=Andrea+Tessa "HTTP/1.1 404 Not Found"
HTTP Request: GET https://lrclib.net/api/get?track_name=leaving+is+easy&artist_name=almost+monday "HTTP/1.1 200 OK"
HTTP Request: GET https://lrclib.net/api/get?track_name=Evacuee+-+2009+Remaster&artist_name=Enya "HTTP/1.1 200 OK"
HTTP Request: GET https://lrclib.net/api/get?track_name=Obsessed&artist_name=Dreamer+Isioma "HTTP/1.1 200 OK"
HTTP Request: GET https://lrclib.net/api/get?track_name=leaving+the+city&artist_name=cold+heart "HTTP/1.1 404 Not Found"
HTTP Request: GET https://lrclib.net/api/get?track_name=Mass+Destruction+-+Single+Version&artist_name=Faithless "HTTP/1.1 200 OK"
HTTP Request: GET https://lrclib.net/api/get?track_name=Far+Away&artist_name=The+Dread+Pirate "HTTP/1.1 404 Not Found"
Processing request of type CallToolRequest
HTTP Request: GET https://api.spotify.com/v1/search?q=farewell+road+sad&type=track&limit=10&offset=0 "HTTP/1.1 200 OK"
Processing request of type CallToolRequest
HTTP Request: GET https://api.spotify.com/v1/search?q=leaving+town+sad&type=track&limit=10&offset=0 "HTTP/1.1 200 OK"
C:\Users\91626\OneDrive - Manipal Academy of Higher Education\Desktop\projects\spotify-agent\spot\Lib\site-packages\pydantic_settings\sources\utils.py:47: IncompleteFieldDefinitionWarning: Field 'lifespan' has an incomplete definition: its annotation contains an unresolved forward reference, so settings sources may fail to correctly resolve its value. Call `model_rebuild()` on the model where the field is defined, once all the referenced types are defined.
  warnings.warn(
Processing request of type ListToolsRequest
Processing request of type CallToolRequest
HTTP Request: POST https://accounts.spotify.com/api/token "HTTP/1.1 200 OK"
HTTP Request: GET https://api.spotify.com/v1/search?q=2am+call&type=track&limit=10&offset=0 "HTTP/1.1 200 OK"
HTTP Request: GET https://api.spotify.com/v1/search?q=2am+call&type=track&limit=10&offset=10 "HTTP/1.1 200 OK"
HTTP Request: GET https://api.spotify.com/v1/search?q=2am+call&type=track&limit=10&offset=20 "HTTP/1.1 200 OK"
HTTP Request: GET https://lrclib.net/api/get?track_name=2AM+Call&artist_name=The+Night+Hearts "HTTP/1.1 404 Not Found"
HTTP Request: GET https://lrclib.net/api/get?track_name=2+AM+Calls&artist_name=DanEcos "HTTP/1.1 404 Not Found"
HTTP Request: GET https://lrclib.net/api/get?track_name=2am+Call&artist_name=Anna+Leyla "HTTP/1.1 404 Not Found"
HTTP Request: GET https://lrclib.net/api/get?track_name=2AM+call&artist_name=Apa+Apa "HTTP/1.1 404 Not Found"
HTTP Request: GET https://lrclib.net/api/get?track_name=I+Just+Called+To+Say+I+Love+You+-+Single+Version&artist_name=Stevie+Wonder "HTTP/1.1 200 OK"
HTTP Request: GET https://lrclib.net/api/get?track_name=2am+Call&artist_name=OberdMusic "HTTP/1.1 404 Not Found"
HTTP Request: GET https://lrclib.net/api/get?track_name=Dreamcatcher&artist_name=Bahramji+%26+Maneesh+De+Moor "HTTP/1.1 200 OK"
HTTP Request: GET https://lrclib.net/api/get?track_name=Callow&artist_name=Novo+Amor "HTTP/1.1 200 OK"
HTTP Request: GET https://lrclib.net/api/get?track_name=2+AM&artist_name=Reyan "HTTP/1.1 200 OK"
HTTP Request: GET https://lrclib.net/api/get?track_name=2+AM+Calls&artist_name=DanEcos "HTTP/1.1 404 Not Found"
HTTP Request: GET https://lrclib.net/api/get?track_name=2AM+Call&artist_name=mail+planet "HTTP/1.1 404 Not Found"
HTTP Request: GET https://lrclib.net/api/get?track_name=2AM&artist_name=Don+Toliver "HTTP/1.1 200 OK"
HTTP Request: GET https://lrclib.net/api/get?track_name=Yaara+Tere+Bin+-+Reprise+%5BFrom+%22Call+Me+Bae%22%5D&artist_name=RUUH "HTTP/1.1 200 OK"
HTTP Request: GET https://lrclib.net/api/get?track_name=2AM&artist_name=Star+Shah "HTTP/1.1 200 OK"
HTTP Request: GET https://lrclib.net/api/get?track_name=Call+Me+-+Theme+From+%22American+Gigolo%22+%2F+Remastered+2001&artist_name=Blondie "HTTP/1.1 200 OK"
HTTP Request: GET https://lrclib.net/api/get?track_name=I+Just+Called+To+Say+I+Love+You+-+Single+Version&artist_name=Stevie+Wonder "HTTP/1.1 200 OK"
HTTP Request: GET https://lrclib.net/api/get?track_name=Is+This+Love+%28%2709%29+%28feat.+50+Cent%29&artist_name=Eminem "HTTP/1.1 200 OK"
HTTP Request: GET https://lrclib.net/api/get?track_name=this+call+at+2am&artist_name=cepalin "HTTP/1.1 404 Not Found"
HTTP Request: GET https://lrclib.net/api/get?track_name=2AM&artist_name=Mellina+Tey "HTTP/1.1 200 OK"
HTTP Request: GET https://lrclib.net/api/get?track_name=2AM&artist_name=Ryan+Oakes "HTTP/1.1 200 OK"
HTTP Request: GET https://lrclib.net/api/get?track_name=Call+Me+-+Theme+From+%22American+Gigolo%22+%2F+Remastered+2001&artist_name=Blondie "HTTP/1.1 200 OK"
HTTP Request: GET https://lrclib.net/api/get?track_name=2AM&artist_name=Star+Shah "HTTP/1.1 200 OK"
HTTP Request: GET https://lrclib.net/api/get?track_name=2+AM+Calls&artist_name=Aramika "HTTP/1.1 404 Not Found"
HTTP Request: GET https://lrclib.net/api/get?track_name=2+am&artist_name=Hary.BoY "HTTP/1.1 404 Not Found"
HTTP Request: GET https://lrclib.net/api/get?track_name=2+am&artist_name=Hary.BoY "HTTP/1.1 404 Not Found"
HTTP Request: GET https://lrclib.net/api/get?track_name=Is+This+Love+%28%2709%29+%28feat.+50+Cent%29&artist_name=Eminem "HTTP/1.1 200 OK"
HTTP Request: GET https://lrclib.net/api/get?track_name=Call+On+Me&artist_name=Janet+Jackson "HTTP/1.1 200 OK"
HTTP Request: GET https://lrclib.net/api/get?track_name=2AM+THOUGHTS&artist_name=R+Cruze "HTTP/1.1 404 Not Found"
HTTP Request: GET https://lrclib.net/api/get?track_name=Call+out+to+me%EF%BC%88%E7%B6%B2%E5%8A%87%E3%80%8A%E5%B0%8D%E6%88%91%E8%80%8C%E8%A8%80%E5%8D%B1%E9%9A%AA%E7%9A%84%E4%BB%96%E3%80%8B%E6%8F%92%E6%9B%B2%EF%BC%89&artist_name=%E6%B1%AA%E8%8C%9C "HTTP/1.1 404 Not Found"
HTTP Request: GET https://lrclib.net/api/get?track_name=Open+Up&artist_name=Ronsparkz "HTTP/1.1 404 Not Found"
Processing request of type CallToolRequest
HTTP Request: GET https://api.spotify.com/v1/search?q=2am+call&type=track&limit=10&offset=0 "HTTP/1.1 200 OK"
HTTP Request: GET https://api.spotify.com/v1/search?q=2am+call&type=track&limit=10&offset=10 "HTTP/1.1 200 OK"
HTTP Request: GET https://api.spotify.com/v1/search?q=2am+call&type=track&limit=10&offset=20 "HTTP/1.1 200 OK"
HTTP Request: GET https://lrclib.net/api/get?track_name=2AM+Call&artist_name=The+Night+Hearts "HTTP/1.1 404 Not Found"
HTTP Request: GET https://lrclib.net/api/get?track_name=2am+Call&artist_name=Anna+Leyla "HTTP/1.1 404 Not Found"
HTTP Request: GET https://lrclib.net/api/get?track_name=2am+Call&artist_name=OberdMusic "HTTP/1.1 404 Not Found"
HTTP Request: GET https://lrclib.net/api/get?track_name=2+AM+Calls&artist_name=DanEcos "HTTP/1.1 404 Not Found"
HTTP Request: GET https://lrclib.net/api/get?track_name=I+Just+Called+To+Say+I+Love+You+-+Single+Version&artist_name=Stevie+Wonder "HTTP/1.1 200 OK"
HTTP Request: GET https://lrclib.net/api/get?track_name=2AM+call&artist_name=Apa+Apa "HTTP/1.1 404 Not Found"
HTTP Request: GET https://lrclib.net/api/get?track_name=Dreamcatcher&artist_name=Bahramji+%26+Maneesh+De+Moor "HTTP/1.1 200 OK"
HTTP Request: GET https://lrclib.net/api/get?track_name=Callow&artist_name=Novo+Amor "HTTP/1.1 200 OK"
HTTP Request: GET https://lrclib.net/api/get?track_name=2+AM&artist_name=Reyan "HTTP/1.1 200 OK"
HTTP Request: GET https://lrclib.net/api/get?track_name=2AM+Call&artist_name=mail+planet "HTTP/1.1 404 Not Found"
HTTP Request: GET https://lrclib.net/api/get?track_name=2+AM+Calls&artist_name=DanEcos "HTTP/1.1 404 Not Found"
HTTP Request: GET https://lrclib.net/api/get?track_name=2AM&artist_name=Don+Toliver "HTTP/1.1 200 OK"
HTTP Request: GET https://lrclib.net/api/get?track_name=I+Just+Called+To+Say+I+Love+You+-+Single+Version&artist_name=Stevie+Wonder "HTTP/1.1 200 OK"
HTTP Request: GET https://lrclib.net/api/get?track_name=2AM&artist_name=Star+Shah "HTTP/1.1 200 OK"
HTTP Request: GET https://lrclib.net/api/get?track_name=this+call+at+2am&artist_name=cepalin "HTTP/1.1 404 Not Found"
HTTP Request: GET https://lrclib.net/api/get?track_name=Yaara+Tere+Bin+-+Reprise+%5BFrom+%22Call+Me+Bae%22%5D&artist_name=RUUH "HTTP/1.1 200 OK"
HTTP Request: GET https://lrclib.net/api/get?track_name=Is+This+Love+%28%2709%29+%28feat.+50+Cent%29&artist_name=Eminem "HTTP/1.1 200 OK"
HTTP Request: GET https://lrclib.net/api/get?track_name=Call+Me+-+Theme+From+%22American+Gigolo%22+%2F+Remastered+2001&artist_name=Blondie "HTTP/1.1 200 OK"
HTTP Request: GET https://lrclib.net/api/get?track_name=2AM&artist_name=Mellina+Tey "HTTP/1.1 200 OK"
HTTP Request: GET https://lrclib.net/api/get?track_name=2AM&artist_name=Star+Shah "HTTP/1.1 200 OK"
HTTP Request: GET https://lrclib.net/api/get?track_name=Call+Me+-+Theme+From+%22American+Gigolo%22+%2F+Remastered+2001&artist_name=Blondie "HTTP/1.1 200 OK"
HTTP Request: GET https://lrclib.net/api/get?track_name=2+AM+Calls&artist_name=Aramika "HTTP/1.1 404 Not Found"
HTTP Request: GET https://lrclib.net/api/get?track_name=2AM&artist_name=Ryan+Oakes "HTTP/1.1 200 OK"
HTTP Request: GET https://lrclib.net/api/get?track_name=2+am&artist_name=Hary.BoY "HTTP/1.1 404 Not Found"
HTTP Request: GET https://lrclib.net/api/get?track_name=Call+out+to+me%EF%BC%88%E7%B6%B2%E5%8A%87%E3%80%8A%E5%B0%8D%E6%88%91%E8%80%8C%E8%A8%80%E5%8D%B1%E9%9A%AA%E7%9A%84%E4%BB%96%E3%80%8B%E6%8F%92%E6%9B%B2%EF%BC%89&artist_name=%E6%B1%AA%E8%8C%9C "HTTP/1.1 404 Not Found"
HTTP Request: GET https://lrclib.net/api/get?track_name=Is+This+Love+%28%2709%29+%28feat.+50+Cent%29&artist_name=Eminem "HTTP/1.1 200 OK"
HTTP Request: GET https://lrclib.net/api/get?track_name=Call+On+Me&artist_name=Janet+Jackson "HTTP/1.1 200 OK"
HTTP Request: GET https://lrclib.net/api/get?track_name=Open+Up&artist_name=Ronsparkz "HTTP/1.1 404 Not Found"
HTTP Request: GET https://lrclib.net/api/get?track_name=2+am&artist_name=Hary.BoY "HTTP/1.1 404 Not Found"
HTTP Request: GET https://lrclib.net/api/get?track_name=2AM+THOUGHTS&artist_name=R+Cruze "HTTP/1.1 404 Not Found"
C:\Users\91626\OneDrive - Manipal Academy of Higher Education\Desktop\projects\spotify-agent\spot\Lib\site-packages\pydantic_settings\sources\utils.py:47: IncompleteFieldDefinitionWarning: Field 'lifespan' has an incomplete definition: its annotation contains an unresolved forward reference, so settings sources may fail to correctly resolve its value. Call `model_rebuild()` on the model where the field is defined, once all the referenced types are defined.
  warnings.warn(
Processing request of type ListToolsRequest
Processing request of type CallToolRequest
HTTP Request: POST https://accounts.spotify.com/api/token "HTTP/1.1 200 OK"
HTTP Request: GET https://api.spotify.com/v1/me/player/recently-played?limit=24 "HTTP/1.1 200 OK"
HTTP Request: GET https://lrclib.net/api/get?track_name=O+Meri+Laila&artist_name=Atif+Aslam "HTTP/1.1 200 OK"
HTTP Request: GET https://lrclib.net/api/get?track_name=Golden&artist_name=Harry+Styles "HTTP/1.1 200 OK"
HTTP Request: GET https://lrclib.net/api/get?track_name=Two+Ghosts&artist_name=Harry+Styles "HTTP/1.1 200 OK"
HTTP Request: GET https://lrclib.net/api/get?track_name=Starman+-+2012+Remaster&artist_name=David+Bowie "HTTP/1.1 200 OK"
HTTP Request: GET https://lrclib.net/api/get?track_name=Tum+-+Version&artist_name=Javed+Ali "HTTP/1.1 200 OK"
HTTP Request: GET https://lrclib.net/api/get?track_name=Back+To+You&artist_name=Selena+Gomez "HTTP/1.1 200 OK"
HTTP Request: GET https://lrclib.net/api/get?track_name=This+Is+Home&artist_name=Cavetown "HTTP/1.1 200 OK"
HTTP Request: GET https://lrclib.net/api/get?track_name=bored+like+me+%28demo%29&artist_name=dodie "HTTP/1.1 200 OK"
HTTP Request: GET https://lrclib.net/api/get?track_name=So+Long+Sad+Songs&artist_name=CAIN "HTTP/1.1 200 OK"
HTTP Request: GET https://lrclib.net/api/get?track_name=Olivia&artist_name=One+Direction "HTTP/1.1 200 OK"
HTTP Request: GET https://lrclib.net/api/get?track_name=Pigeon&artist_name=Cavetown "HTTP/1.1 200 OK"
HTTP Request: GET https://lrclib.net/api/get?track_name=show+and+tell&artist_name=mxmtoon "HTTP/1.1 200 OK"
C:\Users\91626\OneDrive - Manipal Academy of Higher Education\Desktop\projects\spotify-agent\spot\Lib\site-packages\pydantic_settings\sources\utils.py:47: IncompleteFieldDefinitionWarning: Field 'lifespan' has an incomplete definition: its annotation contains an unresolved forward reference, so settings sources may fail to correctly resolve its value. Call `model_rebuild()` on the model where the field is defined, once all the referenced types are defined.
  warnings.warn(
Processing request of type ListToolsRequest
C:\Users\91626\OneDrive - Manipal Academy of Higher Education\Desktop\projects\spotify-agent\spot\Lib\site-packages\pydantic_settings\sources\utils.py:47: IncompleteFieldDefinitionWarning: Field 'lifespan' has an incomplete definition: its annotation contains an unresolved forward reference, so settings sources may fail to correctly resolve its value. Call `model_rebuild()` on the model where the field is defined, once all the referenced types are defined.
  warnings.warn(
Processing request of type ListToolsRequest
Processing request of type CallToolRequest
HTTP Request: POST https://accounts.spotify.com/api/token "HTTP/1.1 200 OK"
HTTP Request: GET https://api.spotify.com/v1/search?q=dishwashing&type=track&limit=10&offset=0 "HTTP/1.1 200 OK"
HTTP Request: GET https://api.spotify.com/v1/search?q=dishwashing&type=track&limit=10&offset=10 "HTTP/1.1 200 OK"
HTTP Request: GET https://api.spotify.com/v1/search?q=dishwashing&type=track&limit=10&offset=20 "HTTP/1.1 200 OK"
HTTP Request: GET https://lrclib.net/api/get?track_name=Breakin%27+Dishes&artist_name=Rihanna "HTTP/1.1 200 OK"
HTTP Request: GET https://lrclib.net/api/get?track_name=Dishwashing+Team&artist_name=Suzy+Cato "HTTP/1.1 404 Not Found"
HTTP Request: GET https://lrclib.net/api/get?track_name=Dishwashing&artist_name=Prosperity+Lanes "HTTP/1.1 404 Not Found"
HTTP Request: GET https://lrclib.net/api/get?track_name=Dishwashing+Dreams%3A+Ambient+Flow&artist_name=Dishwasher+Sounds "HTTP/1.1 404 Not Found"
HTTP Request: GET https://lrclib.net/api/get?track_name=The+Dishwashing+Man&artist_name=Lewis+Franco "HTTP/1.1 404 Not Found"
HTTP Request: GET https://lrclib.net/api/get?track_name=Dishwashing+Gloves&artist_name=ASMR+Zeitgeist "HTTP/1.1 404 Not Found"
HTTP Request: GET https://lrclib.net/api/get?track_name=Dishwashing+College+Graduate&artist_name=Simon+Alden "HTTP/1.1 404 Not Found"
HTTP Request: GET https://lrclib.net/api/get?track_name=Menateng+%28feat.+Patron+West%2C+Gallarbass+%26+Stellenbosch%29&artist_name=Tribby+wadi+bhozza "HTTP/1.1 404 Not Found"
HTTP Request: GET https://lrclib.net/api/get?track_name=Sound+to+Remove+Water+from+Phone+Charging+Port&artist_name=nBeats "HTTP/1.1 404 Not Found"
HTTP Request: GET https://lrclib.net/api/get?track_name=Dishwashing+Gloves+%26+Sponge+and+Dolphins&artist_name=Jojo%27s+ASMR "HTTP/1.1 404 Not Found"
HTTP Request: GET https://lrclib.net/api/get?track_name=That%E2%80%99s+why+ko+rata+%28O+waka%29&artist_name=PLG+Chanty "HTTP/1.1 404 Not Found"
HTTP Request: GET https://lrclib.net/api/get?track_name=Dishwashing&artist_name=Ethan+Abelar "HTTP/1.1 404 Not Found"
HTTP Request: GET https://lrclib.net/api/get?track_name=Dishwashing+Gloves&artist_name=ASMR+Zeitgeist "HTTP/1.1 404 Not Found"
HTTP Request: GET https://lrclib.net/api/get?track_name=Dishwashing+in+Dystopia&artist_name=Hazel+Hermit "HTTP/1.1 404 Not Found"
HTTP Request: GET https://lrclib.net/api/get?track_name=Silicone+dishwashing+gloves+-+Guantes+de+silicona+para+lavar+platos&artist_name=Mol+ASMR "HTTP/1.1 404 Not Found"
HTTP Request: GET https://lrclib.net/api/get?track_name=Washing+Dishes&artist_name=Jack+Johnson "HTTP/1.1 200 OK"
HTTP Request: GET https://lrclib.net/api/get?track_name=Dishwashing&artist_name=Ambient+Flow+Sounds "HTTP/1.1 404 Not Found"
HTTP Request: GET https://lrclib.net/api/get?track_name=Dishwasher+04&artist_name=Sleep+Sounds+HD "HTTP/1.1 404 Not Found"
HTTP Request: GET https://lrclib.net/api/get?track_name=Dishwashing+Song&artist_name=Helen+Gene+Purdy "HTTP/1.1 404 Not Found"
HTTP Request: GET https://lrclib.net/api/get?track_name=Dishwasher+11&artist_name=Babysounds "HTTP/1.1 404 Not Found"
HTTP Request: GET https://lrclib.net/api/get?track_name=Dishwashing+Song+for+Friday+night&artist_name=Furry+Ounce "HTTP/1.1 404 Not Found"
HTTP Request: GET https://lrclib.net/api/get?track_name=Blue+Dishwashing+Gloves&artist_name=Dong+ASMR "HTTP/1.1 404 Not Found"
HTTP Request: GET https://lrclib.net/api/get?track_name=Dishwashing+%28The+Kitchen+Tapes%29&artist_name=The+Last+Person "HTTP/1.1 404 Not Found"
HTTP Request: GET https://lrclib.net/api/get?track_name=Riverboat+Dishwashing+Song&artist_name=The+Tillers "HTTP/1.1 404 Not Found"
HTTP Request: GET https://lrclib.net/api/get?track_name=Silicone+Dishwashing+Gloves&artist_name=ASMR+Bakery "HTTP/1.1 404 Not Found"
HTTP Request: GET https://lrclib.net/api/get?track_name=Washing+The+Dishes&artist_name=Relax+365 "HTTP/1.1 404 Not Found"
HTTP Request: GET https://lrclib.net/api/get?track_name=Dishwasher+12&artist_name=Sleep+All+Night+Long "HTTP/1.1 404 Not Found"
HTTP Request: GET https://lrclib.net/api/get?track_name=Breakin%27+Dishes+-+Sped+Up&artist_name=Ren "HTTP/1.1 404 Not Found"
HTTP Request: GET https://lrclib.net/api/get?track_name=Dishwasher+1+-+Loopable&artist_name=Sleep+Baby+Sleep "HTTP/1.1 404 Not Found"
HTTP Request: GET https://lrclib.net/api/get?track_name=Dishes&artist_name=Jouspra+mc "HTTP/1.1 404 Not Found"
Processing request of type CallToolRequest
HTTP Request: GET https://api.spotify.com/v1/search?q=dishwashing&type=track&limit=10&offset=0 "HTTP/1.1 200 OK"
HTTP Request: GET https://api.spotify.com/v1/search?q=dishwashing&type=track&limit=10&offset=10 "HTTP/1.1 200 OK"
HTTP Request: GET https://api.spotify.com/v1/search?q=dishwashing&type=track&limit=10&offset=20 "HTTP/1.1 200 OK"
HTTP Request: GET https://lrclib.net/api/get?track_name=Dishwashing+Team&artist_name=Suzy+Cato "HTTP/1.1 404 Not Found"
HTTP Request: GET https://lrclib.net/api/get?track_name=Breakin%27+Dishes&artist_name=Rihanna "HTTP/1.1 200 OK"
HTTP Request: GET https://lrclib.net/api/get?track_name=Dishwashing+Gloves&artist_name=ASMR+Zeitgeist "HTTP/1.1 404 Not Found"
HTTP Request: GET https://lrclib.net/api/get?track_name=Dishwashing&artist_name=Prosperity+Lanes "HTTP/1.1 404 Not Found"
HTTP Request: GET https://lrclib.net/api/get?track_name=Dishwashing+Dreams%3A+Ambient+Flow&artist_name=Dishwasher+Sounds "HTTP/1.1 404 Not Found"
HTTP Request: GET https://lrclib.net/api/get?track_name=The+Dishwashing+Man&artist_name=Lewis+Franco "HTTP/1.1 404 Not Found"
HTTP Request: GET https://lrclib.net/api/get?track_name=Dishwashing+College+Graduate&artist_name=Simon+Alden "HTTP/1.1 404 Not Found"
HTTP Request: GET https://lrclib.net/api/get?track_name=Sound+to+Remove+Water+from+Phone+Charging+Port&artist_name=nBeats "HTTP/1.1 404 Not Found"
HTTP Request: GET https://lrclib.net/api/get?track_name=Dishwashing&artist_name=Ethan+Abelar "HTTP/1.1 404 Not Found"
HTTP Request: GET https://lrclib.net/api/get?track_name=Dishwashing+Gloves+%26+Sponge+and+Dolphins&artist_name=Jojo%27s+ASMR "HTTP/1.1 404 Not Found"
HTTP Request: GET https://lrclib.net/api/get?track_name=Menateng+%28feat.+Patron+West%2C+Gallarbass+%26+Stellenbosch%29&artist_name=Tribby+wadi+bhozza "HTTP/1.1 404 Not Found"
HTTP Request: GET https://lrclib.net/api/get?track_name=That%E2%80%99s+why+ko+rata+%28O+waka%29&artist_name=PLG+Chanty "HTTP/1.1 404 Not Found"
HTTP Request: GET https://lrclib.net/api/get?track_name=Dishwashing+Gloves&artist_name=ASMR+Zeitgeist "HTTP/1.1 404 Not Found"
HTTP Request: GET https://lrclib.net/api/get?track_name=Dishwasher+04&artist_name=Sleep+Sounds+HD "HTTP/1.1 404 Not Found"
HTTP Request: GET https://lrclib.net/api/get?track_name=Dishwashing+in+Dystopia&artist_name=Hazel+Hermit "HTTP/1.1 404 Not Found"
HTTP Request: GET https://lrclib.net/api/get?track_name=Dishwashing&artist_name=Ambient+Flow+Sounds "HTTP/1.1 404 Not Found"
HTTP Request: GET https://lrclib.net/api/get?track_name=Silicone+dishwashing+gloves+-+Guantes+de+silicona+para+lavar+platos&artist_name=Mol+ASMR "HTTP/1.1 404 Not Found"
HTTP Request: GET https://lrclib.net/api/get?track_name=Washing+Dishes&artist_name=Jack+Johnson "HTTP/1.1 200 OK"
HTTP Request: GET https://lrclib.net/api/get?track_name=Dishwasher+11&artist_name=Babysounds "HTTP/1.1 404 Not Found"
HTTP Request: GET https://lrclib.net/api/get?track_name=Blue+Dishwashing+Gloves&artist_name=Dong+ASMR "HTTP/1.1 404 Not Found"
HTTP Request: GET https://lrclib.net/api/get?track_name=Dishwashing+Song&artist_name=Helen+Gene+Purdy "HTTP/1.1 404 Not Found"
HTTP Request: GET https://lrclib.net/api/get?track_name=Dishwashing+Song+for+Friday+night&artist_name=Furry+Ounce "HTTP/1.1 404 Not Found"
HTTP Request: GET https://lrclib.net/api/get?track_name=Riverboat+Dishwashing+Song&artist_name=The+Tillers "HTTP/1.1 404 Not Found"
HTTP Request: GET https://lrclib.net/api/get?track_name=Dishwashing+%28The+Kitchen+Tapes%29&artist_name=The+Last+Person "HTTP/1.1 404 Not Found"
HTTP Request: GET https://lrclib.net/api/get?track_name=Silicone+Dishwashing+Gloves&artist_name=ASMR+Bakery "HTTP/1.1 404 Not Found"
HTTP Request: GET https://lrclib.net/api/get?track_name=Dishwasher+12&artist_name=Sleep+All+Night+Long "HTTP/1.1 404 Not Found"
HTTP Request: GET https://lrclib.net/api/get?track_name=Dishwasher+1+-+Loopable&artist_name=Sleep+Baby+Sleep "HTTP/1.1 404 Not Found"
HTTP Request: GET https://lrclib.net/api/get?track_name=Breakin%27+Dishes+-+Sped+Up&artist_name=Ren "HTTP/1.1 404 Not Found"
HTTP Request: GET https://lrclib.net/api/get?track_name=Washing+The+Dishes&artist_name=Relax+365 "HTTP/1.1 404 Not Found"
HTTP Request: GET https://lrclib.net/api/get?track_name=Dishes&artist_name=Jouspra+mc "HTTP/1.1 404 Not Found"
Processing request of type CallToolRequest
HTTP Request: GET https://api.spotify.com/v1/search?q=dishwashing&type=track&limit=10&offset=0 "HTTP/1.1 200 OK"
HTTP Request: GET https://api.spotify.com/v1/search?q=dishwashing&type=track&limit=10&offset=10 "HTTP/1.1 200 OK"
HTTP Request: GET https://api.spotify.com/v1/search?q=dishwashing&type=track&limit=10&offset=20 "HTTP/1.1 200 OK"
HTTP Request: GET https://lrclib.net/api/get?track_name=Dishwashing+Gloves&artist_name=ASMR+Zeitgeist "HTTP/1.1 404 Not Found"
HTTP Request: GET https://lrclib.net/api/get?track_name=Breakin%27+Dishes&artist_name=Rihanna "HTTP/1.1 200 OK"
HTTP Request: GET https://lrclib.net/api/get?track_name=Dishwashing&artist_name=Prosperity+Lanes "HTTP/1.1 404 Not Found"
HTTP Request: GET https://lrclib.net/api/get?track_name=The+Dishwashing+Man&artist_name=Lewis+Franco "HTTP/1.1 404 Not Found"
HTTP Request: GET https://lrclib.net/api/get?track_name=Dishwashing+Dreams%3A+Ambient+Flow&artist_name=Dishwasher+Sounds "HTTP/1.1 404 Not Found"
HTTP Request: GET https://lrclib.net/api/get?track_name=Dishwashing+Team&artist_name=Suzy+Cato "HTTP/1.1 404 Not Found"
HTTP Request: GET https://lrclib.net/api/get?track_name=Menateng+%28feat.+Patron+West%2C+Gallarbass+%26+Stellenbosch%29&artist_name=Tribby+wadi+bhozza "HTTP/1.1 404 Not Found"
HTTP Request: GET https://lrclib.net/api/get?track_name=Dishwashing+Gloves+%26+Sponge+and+Dolphins&artist_name=Jojo%27s+ASMR "HTTP/1.1 404 Not Found"
HTTP Request: GET https://lrclib.net/api/get?track_name=Sound+to+Remove+Water+from+Phone+Charging+Port&artist_name=nBeats "HTTP/1.1 404 Not Found"
HTTP Request: GET https://lrclib.net/api/get?track_name=Dishwashing&artist_name=Ethan+Abelar "HTTP/1.1 404 Not Found"
HTTP Request: GET https://lrclib.net/api/get?track_name=That%E2%80%99s+why+ko+rata+%28O+waka%29&artist_name=PLG+Chanty "HTTP/1.1 404 Not Found"
HTTP Request: GET https://lrclib.net/api/get?track_name=Dishwashing+College+Graduate&artist_name=Simon+Alden "HTTP/1.1 404 Not Found"
HTTP Request: GET https://lrclib.net/api/get?track_name=Dishwashing+Gloves&artist_name=ASMR+Zeitgeist "HTTP/1.1 404 Not Found"
HTTP Request: GET https://lrclib.net/api/get?track_name=Dishwasher+04&artist_name=Sleep+Sounds+HD "HTTP/1.1 404 Not Found"
HTTP Request: GET https://lrclib.net/api/get?track_name=Dishwashing&artist_name=Ambient+Flow+Sounds "HTTP/1.1 404 Not Found"
HTTP Request: GET https://lrclib.net/api/get?track_name=Silicone+dishwashing+gloves+-+Guantes+de+silicona+para+lavar+platos&artist_name=Mol+ASMR "HTTP/1.1 404 Not Found"
HTTP Request: GET https://lrclib.net/api/get?track_name=Dishwashing+in+Dystopia&artist_name=Hazel+Hermit "HTTP/1.1 404 Not Found"
HTTP Request: GET https://lrclib.net/api/get?track_name=Washing+Dishes&artist_name=Jack+Johnson "HTTP/1.1 200 OK"
HTTP Request: GET https://lrclib.net/api/get?track_name=Dishwashing+Song&artist_name=Helen+Gene+Purdy "HTTP/1.1 404 Not Found"
HTTP Request: GET https://lrclib.net/api/get?track_name=Dishwashing+Song+for+Friday+night&artist_name=Furry+Ounce "HTTP/1.1 404 Not Found"
HTTP Request: GET https://lrclib.net/api/get?track_name=Blue+Dishwashing+Gloves&artist_name=Dong+ASMR "HTTP/1.1 404 Not Found"
HTTP Request: GET https://lrclib.net/api/get?track_name=Riverboat+Dishwashing+Song&artist_name=The+Tillers "HTTP/1.1 404 Not Found"
HTTP Request: GET https://lrclib.net/api/get?track_name=Dishwashing+%28The+Kitchen+Tapes%29&artist_name=The+Last+Person "HTTP/1.1 404 Not Found"
HTTP Request: GET https://lrclib.net/api/get?track_name=Dishwasher+11&artist_name=Babysounds "HTTP/1.1 404 Not Found"
HTTP Request: GET https://lrclib.net/api/get?track_name=Silicone+Dishwashing+Gloves&artist_name=ASMR+Bakery "HTTP/1.1 404 Not Found"
HTTP Request: GET https://lrclib.net/api/get?track_name=Washing+The+Dishes&artist_name=Relax+365 "HTTP/1.1 404 Not Found"
HTTP Request: GET https://lrclib.net/api/get?track_name=Dishes&artist_name=Jouspra+mc "HTTP/1.1 404 Not Found"
HTTP Request: GET https://lrclib.net/api/get?track_name=Dishwasher+12&artist_name=Sleep+All+Night+Long "HTTP/1.1 404 Not Found"
HTTP Request: GET https://lrclib.net/api/get?track_name=Breakin%27+Dishes+-+Sped+Up&artist_name=Ren "HTTP/1.1 404 Not Found"
HTTP Request: GET https://lrclib.net/api/get?track_name=Dishwasher+1+-+Loopable&artist_name=Sleep+Baby+Sleep "HTTP/1.1 404 Not Found"
Processing request of type CallToolRequest
HTTP Request: GET https://api.spotify.com/v1/search?q=dishes+3am&type=track&limit=10&offset=0 "HTTP/1.1 200 OK"
HTTP Request: GET https://api.spotify.com/v1/search?q=dishes+3am&type=track&limit=10&offset=10 "HTTP/1.1 200 OK"
HTTP Request: GET https://api.spotify.com/v1/search?q=dishes+3am&type=track&limit=10&offset=20 "HTTP/1.1 200 OK"
HTTP Request: GET https://api.spotify.com/v1/search?q=dishes+3am&type=track&limit=10&offset=30 "HTTP/1.1 200 OK"
HTTP Request: GET https://lrclib.net/api/get?track_name=3a.m&artist_name=TOGITO "HTTP/1.1 200 OK"
HTTP Request: GET https://lrclib.net/api/get?track_name=Washing+The+Dishes&artist_name=Relax+365 "HTTP/1.1 404 Not Found"
HTTP Request: GET https://lrclib.net/api/get?track_name=AM4%3A30&artist_name=deep-fried+dishes "HTTP/1.1 404 Not Found"
HTTP Request: GET https://lrclib.net/api/get?track_name=Dirty+Dishes&artist_name=Amir+Royal "HTTP/1.1 404 Not Found"
HTTP Request: GET https://lrclib.net/api/get?track_name=Dirty+Dishes&artist_name=Cliffie+Stone "HTTP/1.1 404 Not Found"
HTTP Request: GET https://lrclib.net/api/get?track_name=THESE+DISHES+AIN%27T+GONNA+DO+THEMSELVES&artist_name=KABEAUSH%C3%89 "HTTP/1.1 200 OK"
HTTP Request: GET https://lrclib.net/api/get?track_name=3+A.M.&artist_name=King+Von "HTTP/1.1 200 OK"
HTTP Request: GET https://lrclib.net/api/get?track_name=3am+in+Hell&artist_name=Lucifer+was+innocent "HTTP/1.1 200 OK"
HTTP Request: GET https://lrclib.net/api/get?track_name=3AM+AT+FALLS&artist_name=JJ47 "HTTP/1.1 404 Not Found"
HTTP Request: GET https://lrclib.net/api/get?track_name=Breakin%27+Dishes&artist_name=Ely+Oaks "HTTP/1.1 200 OK"
HTTP Request: GET https://lrclib.net/api/get?track_name=Relax+with+Bossa+Nova%2C+the+melody+that+colors+your+dishes&artist_name=Relaxing+Cafe+Music+BGM+335 "HTTP/1.1 404 Not Found"
HTTP Request: GET https://lrclib.net/api/get?track_name=Too+Many+Dirty+Dishes+%28In+the+Style+of+Tab+Benoit%29+%5BKaraoke+Version%5D&artist_name=Ameritz+Karaoke+Entertainment "HTTP/1.1 404 Not Found"
HTTP Request: GET https://lrclib.net/api/get?track_name=Sonata+No.+11+in+A+Major%2C+K+331+%22Alla+Turca%22&artist_name=Wolfgang+Amadeus+Mozart "HTTP/1.1 404 Not Found"
HTTP Request: GET https://lrclib.net/api/get?track_name=dishes&artist_name=lazy+gaze "HTTP/1.1 404 Not Found"
HTTP Request: GET https://lrclib.net/api/get?track_name=3+a.m+%28slowed%29&artist_name=Azure "HTTP/1.1 404 Not Found"
HTTP Request: GET https://lrclib.net/api/get?track_name=3AM&artist_name=Senna "HTTP/1.1 404 Not Found"
HTTP Request: GET https://lrclib.net/api/get?track_name=3+am+walk&artist_name=daniel.mp3 "HTTP/1.1 200 OK"
HTTP Request: GET https://lrclib.net/api/get?track_name=Moonlit+Dishes&artist_name=EllenScott "HTTP/1.1 404 Not Found"
HTTP Request: GET https://lrclib.net/api/get?track_name=Breakin%27+Dishes&artist_name=Ely+Oaks "HTTP/1.1 200 OK"
HTTP Request: GET https://lrclib.net/api/get?track_name=3am&artist_name=Mha+Iri "HTTP/1.1 404 Not Found"
HTTP Request: GET https://lrclib.net/api/get?track_name=3+pm&artist_name=Trish+Lupin "HTTP/1.1 404 Not Found"
HTTP Request: GET https://lrclib.net/api/get?track_name=3AM&artist_name=DRAMA "HTTP/1.1 200 OK"
HTTP Request: GET https://lrclib.net/api/get?track_name=3+A.M.&artist_name=NF "HTTP/1.1 200 OK"
HTTP Request: GET https://lrclib.net/api/get?track_name=3am&artist_name=Mha+Iri "HTTP/1.1 404 Not Found"
HTTP Request: GET https://lrclib.net/api/get?track_name=3AM&artist_name=League+Minimum "HTTP/1.1 404 Not Found"
HTTP Request: GET https://lrclib.net/api/get?track_name=3AM+IN+%3F%3F%3F%3F%3F%3F%3F&artist_name=ZHU "HTTP/1.1 200 OK"
HTTP Request: GET https://lrclib.net/api/get?track_name=3+PM+In+New+Orleans&artist_name=Dxvid "HTTP/1.1 404 Not Found"
HTTP Request: GET https://lrclib.net/api/get?track_name=3%3A30+AM&artist_name=Muheet+Bharti "HTTP/1.1 404 Not Found"
HTTP Request: GET https://lrclib.net/api/get?track_name=3am&artist_name=Meghan+Trainor "HTTP/1.1 200 OK"
HTTP Request: GET https://lrclib.net/api/get?track_name=3am+thoughts&artist_name=distvnt "HTTP/1.1 404 Not Found"
HTTP Request: GET https://lrclib.net/api/get?track_name=3am&artist_name=%C3%98dyzon "HTTP/1.1 404 Not Found"
HTTP Request: GET https://lrclib.net/api/get?track_name=dishes&artist_name=dee+holt "HTTP/1.1 200 OK"
HTTP Request: GET https://lrclib.net/api/get?track_name=3AM&artist_name=ay3demi "HTTP/1.1 404 Not Found"
HTTP Request: GET https://lrclib.net/api/get?track_name=3AM&artist_name=RudyWade "HTTP/1.1 200 OK"
HTTP Request: GET https://lrclib.net/api/get?track_name=3AM+Preacher&artist_name=Alice+Rose+Lyn "HTTP/1.1 404 Not Found"
HTTP Request: GET https://lrclib.net/api/get?track_name=3+AM&artist_name=Henry+Neeson "HTTP/1.1 404 Not Found"
HTTP Request: GET https://lrclib.net/api/get?track_name=3am&artist_name=DJ+Wavey "HTTP/1.1 404 Not Found"
HTTP Request: GET https://lrclib.net/api/get?track_name=3am&artist_name=JustWarrenPeace "HTTP/1.1 404 Not Found"
HTTP Request: GET https://lrclib.net/api/get?track_name=3am&artist_name=Loginhdi "HTTP/1.1 404 Not Found"
HTTP Request: GET https://lrclib.net/api/get?track_name=3+a.m&artist_name=Moodan "HTTP/1.1 404 Not Found"
Processing request of type CallToolRequest
HTTP Request: GET https://api.spotify.com/v1/search?q=late+night+dishwashing&type=track&limit=10&offset=0 "HTTP/1.1 200 OK"
HTTP Request: GET https://api.spotify.com/v1/search?q=late+night+dishwashing&type=track&limit=10&offset=10 "HTTP/1.1 200 OK"
HTTP Request: GET https://api.spotify.com/v1/search?q=late+night+dishwashing&type=track&limit=10&offset=20 "HTTP/1.1 200 OK"
HTTP Request: GET https://api.spotify.com/v1/search?q=late+night+dishwashing&type=track&limit=10&offset=30 "HTTP/1.1 200 OK"
HTTP Request: GET https://api.spotify.com/v1/search?q=late+night+dishwashing&type=track&limit=10&offset=40 "HTTP/1.1 200 OK"
HTTP Request: GET https://lrclib.net/api/get?track_name=hotline+%28edit%29&artist_name=Billie+Eilish "HTTP/1.1 200 OK"
HTTP Request: GET https://lrclib.net/api/get?track_name=Sex%2C+Drugs%2C+Etc.&artist_name=Beach+Weather "HTTP/1.1 200 OK"
HTTP Request: GET https://lrclib.net/api/get?track_name=Sex%2C+Drugs%2C+Etc.&artist_name=Beach+Weather "HTTP/1.1 200 OK"
HTTP Request: GET https://lrclib.net/api/get?track_name=HEAVEN+AND+BACK&artist_name=Chase+Atlantic "HTTP/1.1 200 OK"
HTTP Request: GET https://lrclib.net/api/get?track_name=Rose&artist_name=Patti+Scialfa "HTTP/1.1 200 OK"
HTTP Request: GET https://lrclib.net/api/get?track_name=Dishwashing+Whatnot&artist_name=Latenight%24 "HTTP/1.1 404 Not Found"
HTTP Request: GET https://lrclib.net/api/get?track_name=Relaxing+Shower+Sounds&artist_name=White+Noise+Sound "HTTP/1.1 404 Not Found"
HTTP Request: GET https://lrclib.net/api/get?track_name=Dishwashing+Dreams%3A+Ambient+Flow&artist_name=Dishwasher+Sounds "HTTP/1.1 404 Not Found"
HTTP Request: GET https://lrclib.net/api/get?track_name=G.M.H&artist_name=JFX "HTTP/1.1 404 Not Found"
HTTP Request: GET https://lrclib.net/api/get?track_name=Teeth&artist_name=5+Seconds+of+Summer "HTTP/1.1 200 OK"
HTTP Request: GET https://lrclib.net/api/get?track_name=Late+Night+Talking&artist_name=Harry+Styles "HTTP/1.1 200 OK"
HTTP Request: GET https://lrclib.net/api/get?track_name=Slow+Dancing+in+the+Kitchen&artist_name=The+Ink+and+the+Echo "HTTP/1.1 404 Not Found"
HTTP Request: GET https://lrclib.net/api/get?track_name=Trike&artist_name=You+Am+I "HTTP/1.1 200 OK"
HTTP Request: GET https://lrclib.net/api/get?track_name=Trike&artist_name=You+Am+I "HTTP/1.1 200 OK"
HTTP Request: GET https://lrclib.net/api/get?track_name=Just+Streaming+Water+in+a+Tile+Shower&artist_name=Invention+of+Light "HTTP/1.1 404 Not Found"
HTTP Request: GET https://lrclib.net/api/get?track_name=Trike&artist_name=You+Am+I "HTTP/1.1 200 OK"
HTTP Request: GET https://lrclib.net/api/get?track_name=Sex%2C+Drugs%2C+Etc.&artist_name=Beach+Weather "HTTP/1.1 200 OK"
HTTP Request: GET https://lrclib.net/api/get?track_name=The+Fate+of+Ophelia&artist_name=Taylor+Swift "HTTP/1.1 200 OK"
HTTP Request: GET https://lrclib.net/api/get?track_name=Soothing+Rainshower&artist_name=Lavender+Balm "HTTP/1.1 200 OK"
HTTP Request: GET https://lrclib.net/api/get?track_name=Red&artist_name=Okkervil+River "HTTP/1.1 200 OK"
HTTP Request: GET https://lrclib.net/api/get?track_name=Hotline+Bling&artist_name=Drake "HTTP/1.1 200 OK"
HTTP Request: GET https://lrclib.net/api/get?track_name=Sound+to+Remove+Water+from+Phone+Charging+Port&artist_name=nBeats "HTTP/1.1 404 Not Found"
HTTP Request: GET https://lrclib.net/api/get?track_name=Teeth&artist_name=5+Seconds+of+Summer "HTTP/1.1 200 OK"
HTTP Request: GET https://lrclib.net/api/get?track_name=Chemtrails+Over+The+Country+Club&artist_name=Lana+Del+Rey "HTTP/1.1 200 OK"
HTTP Request: GET https://lrclib.net/api/get?track_name=Good+Man&artist_name=Nikki+Lane "HTTP/1.1 200 OK"
HTTP Request: GET https://lrclib.net/api/get?track_name=Trike&artist_name=You+Am+I "HTTP/1.1 200 OK"
HTTP Request: GET https://lrclib.net/api/get?track_name=Good+Man&artist_name=Nikki+Lane "HTTP/1.1 200 OK"
HTTP Request: GET https://lrclib.net/api/get?track_name=Late+Night+Showers&artist_name=Eliminar "HTTP/1.1 404 Not Found"
HTTP Request: GET https://lrclib.net/api/get?track_name=Dishwashing+College+Graduate&artist_name=Simon+Alden "HTTP/1.1 404 Not Found"
HTTP Request: GET https://lrclib.net/api/get?track_name=Peaceful+Night+Shower+Blended+with+Relaxing+Brown+Noise&artist_name=Noise+and+Nature "HTTP/1.1 404 Not Found"
HTTP Request: GET https://lrclib.net/api/get?track_name=Right+Now&artist_name=One+Direction "HTTP/1.1 200 OK"
HTTP Request: GET https://lrclib.net/api/get?track_name=Birthday+Sex&artist_name=Jeremih "HTTP/1.1 200 OK"
HTTP Request: GET https://lrclib.net/api/get?track_name=The+Fate+of+Ophelia&artist_name=Taylor+Swift "HTTP/1.1 200 OK"
HTTP Request: GET https://lrclib.net/api/get?track_name=Dishwashing+Gloves&artist_name=ASMR+Zeitgeist "HTTP/1.1 404 Not Found"
HTTP Request: GET https://lrclib.net/api/get?track_name=Trance+%28with+Travis+Scott+%26+Young+Thug%29&artist_name=Metro+Boomin "HTTP/1.1 200 OK"
HTTP Request: GET https://lrclib.net/api/get?track_name=Red+Light&artist_name=Sarah+Morey "HTTP/1.1 404 Not Found"
HTTP Request: GET https://lrclib.net/api/get?track_name=Good+Man&artist_name=Nikki+Lane "HTTP/1.1 200 OK"
HTTP Request: GET https://lrclib.net/api/get?track_name=Thank+You+Germaine&artist_name=Robert+Brock "HTTP/1.1 404 Not Found"
HTTP Request: GET https://lrclib.net/api/get?track_name=Right+Now&artist_name=One+Direction "HTTP/1.1 200 OK"
HTTP Request: GET https://lrclib.net/api/get?track_name=Birthday+Sex&artist_name=Jeremih "HTTP/1.1 200 OK"
HTTP Request: GET https://lrclib.net/api/get?track_name=Late+Night+Pages&artist_name=Aditya "HTTP/1.1 404 Not Found"
HTTP Request: GET https://lrclib.net/api/get?track_name=She%27s+My+Sunday+Morning&artist_name=Studio+41 "HTTP/1.1 404 Not Found"
HTTP Request: GET https://lrclib.net/api/get?track_name=Back+Home&artist_name=Yeat "HTTP/1.1 200 OK"
HTTP Request: GET https://lrclib.net/api/get?track_name=Washing+Dishes&artist_name=Jack+Johnson "HTTP/1.1 200 OK"
HTTP Request: GET https://lrclib.net/api/get?track_name=Washing+The+Dishes&artist_name=Relax+365 "HTTP/1.1 404 Not Found"
HTTP Request: GET https://lrclib.net/api/get?track_name=Cali+Man&artist_name=EsDeeKid "HTTP/1.1 200 OK"
HTTP Request: GET https://lrclib.net/api/get?track_name=Dishwashing+Gloves+%26+Sponge+and+Dolphins&artist_name=Jojo%27s+ASMR "HTTP/1.1 404 Not Found"
HTTP Request: GET https://lrclib.net/api/get?track_name=Told+You+So&artist_name=Mansa+K "HTTP/1.1 404 Not Found"
HTTP Request: GET https://lrclib.net/api/get?track_name=1.9.96&artist_name=GantaBoy "HTTP/1.1 404 Not Found"
HTTP Request: GET https://lrclib.net/api/get?track_name=Alone+or+Together&artist_name=ans "HTTP/1.1 404 Not Found"
Processing request of type CallToolRequest
HTTP Request: GET https://api.spotify.com/v1/search?q=washing+dishes&type=track&limit=10&offset=0 "HTTP/1.1 200 OK"
HTTP Request: GET https://api.spotify.com/v1/search?q=washing+dishes&type=track&limit=10&offset=10 "HTTP/1.1 200 OK"
HTTP Request: GET https://api.spotify.com/v1/search?q=washing+dishes&type=track&limit=10&offset=20 "HTTP/1.1 200 OK"
HTTP Request: GET https://api.spotify.com/v1/search?q=washing+dishes&type=track&limit=10&offset=30 "HTTP/1.1 200 OK"
HTTP Request: GET https://api.spotify.com/v1/search?q=washing+dishes&type=track&limit=10&offset=40 "HTTP/1.1 200 OK"
HTTP Request: GET https://lrclib.net/api/get?track_name=Washing+Dishes&artist_name=Jack+Johnson "HTTP/1.1 200 OK"
HTTP Request: GET https://lrclib.net/api/get?track_name=Breakin%27+Dishes&artist_name=Rihanna "HTTP/1.1 200 OK"
HTTP Request: GET https://lrclib.net/api/get?track_name=washing+dishes+%26+listening+lo-fi&artist_name=toomanyofus "HTTP/1.1 404 Not Found"
HTTP Request: GET https://lrclib.net/api/get?track_name=Funny+Husband+and+Angry+Wife+Washing+Dishes+Argument&artist_name=Con+Ech+Xanh "HTTP/1.1 404 Not Found"
HTTP Request: GET https://lrclib.net/api/get?track_name=Washing+Dishes&artist_name=Asophonics "HTTP/1.1 404 Not Found"
HTTP Request: GET https://lrclib.net/api/get?track_name=Washing+Machine+Heart&artist_name=Mitski "HTTP/1.1 200 OK"
HTTP Request: GET https://lrclib.net/api/get?track_name=Washing+the+Dishes&artist_name=A+Samurai+In+Tokyo "HTTP/1.1 404 Not Found"
HTTP Request: GET https://lrclib.net/api/get?track_name=Washing+The+Dishes&artist_name=Relax+365 "HTTP/1.1 404 Not Found"
HTTP Request: GET https://lrclib.net/api/get?track_name=Phases+and+Stages+%28Theme%29+%2F+Washing+the+Dishes&artist_name=Willie+Nelson "HTTP/1.1 200 OK"
HTTP Request: GET https://lrclib.net/api/get?track_name=washing+machine+heart+-+slowed&artist_name=xaoc "HTTP/1.1 404 Not Found"
HTTP Request: GET https://lrclib.net/api/get?track_name=Washing+Dishes&artist_name=Joanna+Asmr+Sleeping+Sounds "HTTP/1.1 404 Not Found"
HTTP Request: GET https://lrclib.net/api/get?track_name=Washing+Dishes&artist_name=Chasing+Paris "HTTP/1.1 404 Not Found"
HTTP Request: GET https://lrclib.net/api/get?track_name=Washing+Dishes&artist_name=UnnamedYet "HTTP/1.1 404 Not Found"
HTTP Request: GET https://lrclib.net/api/get?track_name=Washing+Dishes&artist_name=Josue+Florida "HTTP/1.1 404 Not Found"
HTTP Request: GET https://lrclib.net/api/get?track_name=Washing+Clothes&artist_name=Lingokids "HTTP/1.1 404 Not Found"
HTTP Request: GET https://lrclib.net/api/get?track_name=Washing+Dishes&artist_name=Neinpou "HTTP/1.1 404 Not Found"
HTTP Request: GET https://lrclib.net/api/get?track_name=Washing+Machine+White+Noise+For+Sleeping+%28Loopable+no+fade%29&artist_name=Dream+Supplier "HTTP/1.1 404 Not Found"
HTTP Request: GET https://lrclib.net/api/get?track_name=Washing+Machine+Spin+Cycle+%28Loopable+no+fade%29&artist_name=Dream+Supplier "HTTP/1.1 404 Not Found"
HTTP Request: GET https://lrclib.net/api/get?track_name=Washing+Machine+Soundscape+Loundry+Room+%28Loopable+no+fade%29&artist_name=Dream+Supplier "HTTP/1.1 404 Not Found"
HTTP Request: GET https://lrclib.net/api/get?track_name=Sound+to+Remove+Water+from+Phone+Charging+Port&artist_name=nBeats "HTTP/1.1 404 Not Found"
HTTP Request: GET https://lrclib.net/api/get?track_name=Washing+Dishes&artist_name=Amber+Nicole "HTTP/1.1 404 Not Found"
HTTP Request: GET https://lrclib.net/api/get?track_name=Hand+Washing+Dishes+%28Version+3%29+%5BSound+Effect%5D&artist_name=Finnolia+Sound+Effects "HTTP/1.1 404 Not Found"
HTTP Request: GET https://lrclib.net/api/get?track_name=Washing+Dishes+ASMR&artist_name=Chaz+Frost "HTTP/1.1 404 Not Found"
HTTP Request: GET https://lrclib.net/api/get?track_name=Washing+dishes&artist_name=Hengki+Firmansyah "HTTP/1.1 404 Not Found"
HTTP Request: GET https://lrclib.net/api/get?track_name=Washing+Dishes+While+Singing&artist_name=JEREMY+JONATHAN+MUNTHE "HTTP/1.1 404 Not Found"
HTTP Request: GET https://lrclib.net/api/get?track_name=Washing+Machine+Laundry+Room+ASMR+%28Loopable+no+fade%29&artist_name=Dream+Supplier "HTTP/1.1 404 Not Found"
HTTP Request: GET https://lrclib.net/api/get?track_name=washing+machine+heart+-+slowed&artist_name=xaoc "HTTP/1.1 404 Not Found"
HTTP Request: GET https://lrclib.net/api/get?track_name=Washing+Machine+Analog+Funk&artist_name=SNYSTA "HTTP/1.1 404 Not Found"
HTTP Request: GET https://lrclib.net/api/get?track_name=Relaxing+Washing+Machine+Laundry+%28Loopable+no+fade%29&artist_name=Dream+Supplier "HTTP/1.1 404 Not Found"
HTTP Request: GET https://lrclib.net/api/get?track_name=Washing+Machine+Noise&artist_name=White+Noise+Collectors "HTTP/1.1 404 Not Found"
HTTP Request: GET https://lrclib.net/api/get?track_name=Washing+Dishes&artist_name=Api+Hemi "HTTP/1.1 404 Not Found"
HTTP Request: GET https://lrclib.net/api/get?track_name=Washing+Dishes&artist_name=Flash+Riviero "HTTP/1.1 404 Not Found"
HTTP Request: GET https://lrclib.net/api/get?track_name=Washing+Dishes&artist_name=ScottMo "HTTP/1.1 404 Not Found"
HTTP Request: GET https://lrclib.net/api/get?track_name=Washing+Machine&artist_name=VANISHING+GIRL "HTTP/1.1 200 OK"
HTTP Request: GET https://lrclib.net/api/get?track_name=Clothes+Washer+-+For+Sleep+%28Loopable+no+fade%29&artist_name=Dream+Supplier "HTTP/1.1 404 Not Found"
HTTP Request: GET https://lrclib.net/api/get?track_name=washing+dishes+by+hand&artist_name=LoFi+Robot "HTTP/1.1 404 Not Found"
HTTP Request: GET https://lrclib.net/api/get?track_name=Washing+Dishes+.._&artist_name=Pryazha "HTTP/1.1 404 Not Found"
HTTP Request: GET https://lrclib.net/api/get?track_name=washing+machine+heart+-+slowed+%2B+reverb&artist_name=Vallvete "HTTP/1.1 404 Not Found"
HTTP Request: GET https://lrclib.net/api/get?track_name=washing+machine+heart+-+slowed+Extended&artist_name=Cloury "HTTP/1.1 404 Not Found"
HTTP Request: GET https://lrclib.net/api/get?track_name=Peaceful+ASMR+Washing+Machine+%28Loopable+no+fade%29&artist_name=Dream+Supplier "HTTP/1.1 404 Not Found"
HTTP Request: GET https://lrclib.net/api/get?track_name=Washing+Dishes+-+Commentary+Version&artist_name=Jack+Johnson "HTTP/1.1 200 OK"
HTTP Request: GET https://lrclib.net/api/get?track_name=Washing+Dishes&artist_name=Maher+Ben+Yahia "HTTP/1.1 404 Not Found"
HTTP Request: GET https://lrclib.net/api/get?track_name=Washing+Dishes&artist_name=Sound+Effects "HTTP/1.1 404 Not Found"
HTTP Request: GET https://lrclib.net/api/get?track_name=Washing+Dishes&artist_name=G.+Love+%26+Special+Sauce "HTTP/1.1 404 Not Found"
HTTP Request: GET https://lrclib.net/api/get?track_name=Washing+Dishes&artist_name=Vexsart "HTTP/1.1 404 Not Found"
HTTP Request: GET https://lrclib.net/api/get?track_name=washing+machine+heart&artist_name=softriot "HTTP/1.1 200 OK"
HTTP Request: GET https://lrclib.net/api/get?track_name=Washing+Machine+-+Top+Load+Washing+Rinse+and+Spin%2C+Shut+off%2C+Large+Household+Appliances&artist_name=Sound+Effects+Library "HTTP/1.1 404 Not Found"
HTTP Request: GET https://lrclib.net/api/get?track_name=Washing+Dishes+With+Hands+That+Killed+Her&artist_name=Len+Hendrix "HTTP/1.1 404 Not Found"
HTTP Request: GET https://lrclib.net/api/get?track_name=Washing+Dishes+On+The+Savannah&artist_name=Ricki+Gutta "HTTP/1.1 404 Not Found"
HTTP Request: GET https://lrclib.net/api/get?track_name=Washing+Dishes+While+Heroes+Train&artist_name=Abram+Cantrelle "HTTP/1.1 404 Not Found"
Processing request of type CallToolRequest
HTTP Request: GET https://api.spotify.com/v1/search?q=dishwashing+contest&type=track&limit=10&offset=0 "HTTP/1.1 200 OK"
HTTP Request: GET https://api.spotify.com/v1/search?q=dishwashing+contest&type=track&limit=10&offset=10 "HTTP/1.1 200 OK"
HTTP Request: GET https://lrclib.net/api/get?track_name=Washing+Dishes&artist_name=Jack+Johnson "HTTP/1.1 200 OK"
HTTP Request: GET https://lrclib.net/api/get?track_name=Dishwashing+College+Graduate&artist_name=Simon+Alden "HTTP/1.1 404 Not Found"
HTTP Request: GET https://lrclib.net/api/get?track_name=Dishwashing+Gloves+%26+Sponge+and+Dolphins&artist_name=Jojo%27s+ASMR "HTTP/1.1 404 Not Found"
HTTP Request: GET https://lrclib.net/api/get?track_name=Dishwashing+Dreams%3A+Ambient+Flow&artist_name=Dishwasher+Sounds "HTTP/1.1 404 Not Found"
HTTP Request: GET https://lrclib.net/api/get?track_name=Breakin%27+Dishes&artist_name=Rihanna "HTTP/1.1 200 OK"
HTTP Request: GET https://lrclib.net/api/get?track_name=Dishwashing+Gloves&artist_name=ASMR+Zeitgeist "HTTP/1.1 404 Not Found"
HTTP Request: GET https://lrclib.net/api/get?track_name=Dishwasher+13&artist_name=Babysounds "HTTP/1.1 404 Not Found"
HTTP Request: GET https://lrclib.net/api/get?track_name=Sound+to+Remove+Water+from+Phone+Charging+Port&artist_name=nBeats "HTTP/1.1 404 Not Found"
HTTP Request: GET https://lrclib.net/api/get?track_name=Breakin%27+Dishes+%28TV+mix%29&artist_name=Party+Tyme "HTTP/1.1 404 Not Found"
HTTP Request: GET https://lrclib.net/api/get?track_name=Dishwasher+11&artist_name=Babysounds "HTTP/1.1 404 Not Found"
HTTP Request: GET https://lrclib.net/api/get?track_name=Dishwasher+-+Automatic+Dishwasher%3A+Start%2C+Run%2C+Shut+off%2C+Large+Household+Appliances&artist_name=Sound+Effects+Library "HTTP/1.1 404 Not Found"
HTTP Request: GET https://lrclib.net/api/get?track_name=Dishes&artist_name=Jouspra+mc "HTTP/1.1 404 Not Found"
HTTP Request: GET https://lrclib.net/api/get?track_name=The+Dishwasher&artist_name=Mr.+Obvious "HTTP/1.1 404 Not Found"
HTTP Request: GET https://lrclib.net/api/get?track_name=Dishwasher+12&artist_name=Sleep+All+Night+Long "HTTP/1.1 404 Not Found"
HTTP Request: GET https://lrclib.net/api/get?track_name=Dishwasher+04&artist_name=Sleep+Sounds+HD "HTTP/1.1 404 Not Found"
HTTP Request: GET https://lrclib.net/api/get?track_name=Dishwasher+04&artist_name=Babysounds "HTTP/1.1 404 Not Found"
HTTP Request: GET https://lrclib.net/api/get?track_name=The+dishes+in+the+sink+need+washing&artist_name=9+Puddings "HTTP/1.1 404 Not Found"
HTTP Request: GET https://lrclib.net/api/get?track_name=Breakin%27+Dishes+-+Sped+Up&artist_name=Ren "HTTP/1.1 404 Not Found"
HTTP Request: GET https://lrclib.net/api/get?track_name=Dishwasher+-+Part+30&artist_name=Baby+Sleep+Music+%26+Sounds+Library "HTTP/1.1 404 Not Found"
Processing request of type CallToolRequest
HTTP Request: GET https://api.spotify.com/v1/search?q=dish&type=track&limit=10&offset=0 "HTTP/1.1 200 OK"
HTTP Request: GET https://api.spotify.com/v1/search?q=dish&type=track&limit=10&offset=10 "HTTP/1.1 200 OK"
HTTP Request: GET https://api.spotify.com/v1/search?q=dish&type=track&limit=10&offset=20 "HTTP/1.1 200 OK"
HTTP Request: GET https://api.spotify.com/v1/search?q=dish&type=track&limit=10&offset=30 "HTTP/1.1 200 OK"
HTTP Request: GET https://api.spotify.com/v1/search?q=dish&type=track&limit=10&offset=40 "HTTP/1.1 200 OK"
HTTP Request: GET https://lrclib.net/api/get?track_name=Make+Some+Noise+For+The+Desi+Boyz&artist_name=Pritam "HTTP/1.1 404 Not Found"
HTTP Request: GET https://lrclib.net/api/get?track_name=Sau+Tarah+Ke&artist_name=Pritam "HTTP/1.1 404 Not Found"
HTTP Request: GET https://lrclib.net/api/get?track_name=Bandook+Meri+Laila&artist_name=Sachin-Jigar "HTTP/1.1 404 Not Found"
HTTP Request: GET https://lrclib.net/api/get?track_name=Monta+Re&artist_name=Swanand+Kirkire "HTTP/1.1 404 Not Found"
HTTP Request: GET https://lrclib.net/api/get?track_name=Dhichkyaaon+Doom+Doom+1&artist_name=Ali+Zafar "HTTP/1.1 200 OK"
HTTP Request: GET https://lrclib.net/api/get?track_name=Toh+Dishoom&artist_name=Pritam "HTTP/1.1 200 OK"
HTTP Request: GET https://lrclib.net/api/get?track_name=O+Saathi&artist_name=Atif+Aslam "HTTP/1.1 404 Not Found"
HTTP Request: GET https://lrclib.net/api/get?track_name=Allah+Duhai+Hai&artist_name=Atif+Aslam "HTTP/1.1 200 OK"
HTTP Request: GET https://lrclib.net/api/get?track_name=Humraah+%28From+%22Malang+-+Unleash+The+Madness%22%29&artist_name=Sachet+Tandon "HTTP/1.1 404 Not Found"
HTTP Request: GET https://lrclib.net/api/get?track_name=Toh+Dishoom&artist_name=Pritam "HTTP/1.1 200 OK"
HTTP Request: GET https://lrclib.net/api/get?track_name=Tu+Hi+Hai+Aashiqui+-+Duet&artist_name=Palash+Muchhal "HTTP/1.1 200 OK"
HTTP Request: GET https://lrclib.net/api/get?track_name=Bang+Bang&artist_name=Benny+Dayal "HTTP/1.1 200 OK"
HTTP Request: GET https://lrclib.net/api/get?track_name=Ishqaun+Dhishqyaun&artist_name=Sanjay+Leela+Bhansali "HTTP/1.1 200 OK"
HTTP Request: GET https://lrclib.net/api/get?track_name=Allah+Duhai+Hai&artist_name=Atif+Aslam "HTTP/1.1 200 OK"
HTTP Request: GET https://lrclib.net/api/get?track_name=Ud-daa+Punjab&artist_name=Amit+Trivedi "HTTP/1.1 200 OK"
HTTP Request: GET https://lrclib.net/api/get?track_name=Malang+%28Title+Track%29+%5BFrom+%22Malang+-+Unleash+The+Madness%22%5D&artist_name=Ved+Sharma "HTTP/1.1 404 Not Found"
HTTP Request: GET https://lrclib.net/api/get?track_name=Afghan+Jalebi+%28Film+Version%29&artist_name=Pritam "HTTP/1.1 404 Not Found"
HTTP Request: GET https://lrclib.net/api/get?track_name=Jee+Karda&artist_name=Sachin-Jigar "HTTP/1.1 200 OK"
HTTP Request: GET https://lrclib.net/api/get?track_name=Monta+Re+-+Live+at+Mahashivratri+2023&artist_name=Sounds+of+Isha "HTTP/1.1 404 Not Found"
HTTP Request: GET https://lrclib.net/api/get?track_name=Piche+Tere&artist_name=Kunwarr "HTTP/1.1 200 OK"
HTTP Request: GET https://lrclib.net/api/get?track_name=Jaaneman+Aah&artist_name=Pritam "HTTP/1.1 404 Not Found"
HTTP Request: GET https://lrclib.net/api/get?track_name=Lat+Lag+Gayee&artist_name=Benny+Dayal "HTTP/1.1 200 OK"
HTTP Request: GET https://lrclib.net/api/get?track_name=Character+Dheela&artist_name=Pritam "HTTP/1.1 404 Not Found"
HTTP Request: GET https://lrclib.net/api/get?track_name=Afghan+Jalebi+%28Film+Version%29&artist_name=Pritam "HTTP/1.1 404 Not Found"
HTTP Request: GET https://lrclib.net/api/get?track_name=Oh+Ho+Ho+Ho+%28Remix%29&artist_name=Sukhbir "HTTP/1.1 404 Not Found"
HTTP Request: GET https://lrclib.net/api/get?track_name=Jee+Karda&artist_name=Sachin-Jigar "HTTP/1.1 200 OK"
HTTP Request: GET https://lrclib.net/api/get?track_name=Malang+%28Title+Track%29+%5BFrom+%22Malang+-+Unleash+The+Madness%22%5D&artist_name=Ved+Sharma "HTTP/1.1 404 Not Found"
HTTP Request: GET https://lrclib.net/api/get?track_name=Monta+Re&artist_name=Sounds+of+Isha "HTTP/1.1 404 Not Found"
HTTP Request: GET https://lrclib.net/api/get?track_name=Tera+Mera+Rishta+-+New+Version+%28From+%22Awarapan+2%22%29&artist_name=Mithoon "HTTP/1.1 200 OK"
HTTP Request: GET https://lrclib.net/api/get?track_name=Ve+Junoon+%28From+%22Awarapan+2%22%29&artist_name=Mithoon "HTTP/1.1 200 OK"
HTTP Request: GET https://lrclib.net/api/get?track_name=Vele&artist_name=Vishal-Shekhar "HTTP/1.1 200 OK"
HTTP Request: GET https://lrclib.net/api/get?track_name=Breakin%27+Dishes&artist_name=Rihanna "HTTP/1.1 200 OK"
HTTP Request: GET https://lrclib.net/api/get?track_name=Subha+Hone+Na+De&artist_name=Pritam "HTTP/1.1 404 Not Found"
HTTP Request: GET https://lrclib.net/api/get?track_name=440+Volt&artist_name=Vishal-Shekhar "HTTP/1.1 404 Not Found"
HTTP Request: GET https://lrclib.net/api/get?track_name=Dhichkyaaon+Doom+Doom+2&artist_name=Wajid "HTTP/1.1 404 Not Found"
HTTP Request: GET https://lrclib.net/api/get?track_name=Oh+Ho+Ho+Ho+%28Remix%29&artist_name=Sukhbir "HTTP/1.1 404 Not Found"
HTTP Request: GET https://lrclib.net/api/get?track_name=Monta+Re&artist_name=Sounds+of+Isha "HTTP/1.1 404 Not Found"
HTTP Request: GET https://lrclib.net/api/get?track_name=Dil+%28From+%22Ek+Villain+Returns%22%29&artist_name=Kaushik-Guddu "HTTP/1.1 200 OK"
HTTP Request: GET https://lrclib.net/api/get?track_name=Dishehara+tui&artist_name=Tanjerul+Islam "HTTP/1.1 404 Not Found"
HTTP Request: GET https://lrclib.net/api/get?track_name=Yeh+Awarapan+%28From+%22Awarapan+2%22%29&artist_name=Amaal+Mallik "HTTP/1.1 200 OK"
HTTP Request: GET https://lrclib.net/api/get?track_name=Dhishkyaun%21&artist_name=Nanku "HTTP/1.1 200 OK"
HTTP Request: GET https://lrclib.net/api/get?track_name=Vele&artist_name=Vishal-Shekhar "HTTP/1.1 200 OK"
HTTP Request: GET https://lrclib.net/api/get?track_name=Breakin%27+Dishes&artist_name=Rihanna "HTTP/1.1 200 OK"
HTTP Request: GET https://lrclib.net/api/get?track_name=Subha+Hone+Na+De&artist_name=Pritam "HTTP/1.1 404 Not Found"
HTTP Request: GET https://lrclib.net/api/get?track_name=Befikra&artist_name=Meet+Bros. "HTTP/1.1 404 Not Found"
HTTP Request: GET https://lrclib.net/api/get?track_name=Dilshad&artist_name=Yawar+Abdal "HTTP/1.1 200 OK"
HTTP Request: GET https://lrclib.net/api/get?track_name=Tu+Hi+Disda+-+From+%22Bhooth+Bangla%22&artist_name=Pritam "HTTP/1.1 200 OK"
HTTP Request: GET https://lrclib.net/api/get?track_name=Dishahin+Chokhe+Khuje+Jaaye&artist_name=Manomay+Bhattacharya "HTTP/1.1 404 Not Found"
HTTP Request: GET https://lrclib.net/api/get?track_name=Zindagi+Tere+Naam+%28From+%22Yodha%22%29&artist_name=Vishal+Mishra "HTTP/1.1 200 OK"
HTTP Request: GET https://lrclib.net/api/get?track_name=Chal+Ghar+Chalen+%28From+%22Malang+-+Unleash+The+Madness%22%29+%5BMithoon+feat.+Arijit+Singh%5D&artist_name=Mithoon "HTTP/1.1 404 Not Found"
C:\Users\91626\OneDrive - Manipal Academy of Higher Education\Desktop\projects\spotify-agent\spot\Lib\site-packages\pydantic_settings\sources\utils.py:47: IncompleteFieldDefinitionWarning: Field 'lifespan' has an incomplete definition: its annotation contains an unresolved forward reference, so settings sources may fail to correctly resolve its value. Call `model_rebuild()` on the model where the field is defined, once all the referenced types are defined.
  warnings.warn(
Processing request of type ListToolsRequest
Processing request of type CallToolRequest
HTTP Request: POST https://accounts.spotify.com/api/token "HTTP/1.1 200 OK"
HTTP Request: GET https://api.spotify.com/v1/search?q=rain&type=track&limit=10&offset=0 "HTTP/1.1 200 OK"
Processing request of type CallToolRequest
HTTP Request: GET https://api.spotify.com/v1/search?q=rainy+day&type=track&limit=10&offset=0 "HTTP/1.1 200 OK"
Processing request of type CallToolRequest
HTTP Request: GET https://api.spotify.com/v1/search?q=rain&type=track&limit=10&offset=0 "HTTP/1.1 200 OK"
HTTP Request: GET https://api.spotify.com/v1/search?q=rain&type=track&limit=10&offset=10 "HTTP/1.1 200 OK"
HTTP Request: GET https://api.spotify.com/v1/search?q=rain&type=track&limit=10&offset=20 "HTTP/1.1 200 OK"
HTTP Request: GET https://lrclib.net/api/get?track_name=1+Hour+of+Soft+Rain+to+Reduce+Stress&artist_name=Calming+Rain "HTTP/1.1 404 Not Found"
HTTP Request: GET https://lrclib.net/api/get?track_name=Raintalk&artist_name=Aditya+Bhardwaj "HTTP/1.1 200 OK"
HTTP Request: GET https://lrclib.net/api/get?track_name=RAINA&artist_name=Shekhar+Ravjiani "HTTP/1.1 200 OK"
HTTP Request: GET https://lrclib.net/api/get?track_name=Saibo&artist_name=Sachin-Jigar "HTTP/1.1 200 OK"
HTTP Request: GET https://lrclib.net/api/get?track_name=Raindance+%28feat.+Tems%29&artist_name=Dave "HTTP/1.1 200 OK"
HTTP Request: GET https://lrclib.net/api/get?track_name=Rain&artist_name=Pradeep+Nongthombam "HTTP/1.1 200 OK"
HTTP Request: GET https://lrclib.net/api/get?track_name=Barso+Re&artist_name=A.R.+Rahman "HTTP/1.1 200 OK"
HTTP Request: GET https://lrclib.net/api/get?track_name=Show+Me+Love+%28with+Tyla%29&artist_name=WizTheMc "HTTP/1.1 200 OK"
HTTP Request: GET https://lrclib.net/api/get?track_name=Tu+Hi+Yaar+Mera+%28From+%22Pati+Patni+Aur+Woh%22%29&artist_name=Rochak+Kohli "HTTP/1.1 404 Not Found"
HTTP Request: GET https://lrclib.net/api/get?track_name=Babydoll&artist_name=Dominic+Fike "HTTP/1.1 200 OK"
HTTP Request: GET https://lrclib.net/api/get?track_name=Rain&artist_name=DIVINE "HTTP/1.1 200 OK"
HTTP Request: GET https://lrclib.net/api/get?track_name=Sailor+Song&artist_name=Gigi+Perez "HTTP/1.1 200 OK"
HTTP Request: GET https://lrclib.net/api/get?track_name=Saibo&artist_name=Sachin-Jigar "HTTP/1.1 200 OK"
HTTP Request: GET https://lrclib.net/api/get?track_name=Rain+Over+Me+%28feat.+Marc+Anthony%29&artist_name=Pitbull "HTTP/1.1 200 OK"
HTTP Request: GET https://lrclib.net/api/get?track_name=Show+Me+Love+%28with+Tyla%29&artist_name=WizTheMc "HTTP/1.1 200 OK"
HTTP Request: GET https://lrclib.net/api/get?track_name=Flatline&artist_name=Justin+Bieber "HTTP/1.1 200 OK"
HTTP Request: GET https://lrclib.net/api/get?track_name=Baarish&artist_name=Shashaa+Tirupati "HTTP/1.1 200 OK"
HTTP Request: GET https://lrclib.net/api/get?track_name=Rainy+Days&artist_name=V "HTTP/1.1 200 OK"
HTTP Request: GET https://lrclib.net/api/get?track_name=Rainy+Days&artist_name=Talha+Anjum "HTTP/1.1 200 OK"
HTTP Request: GET https://lrclib.net/api/get?track_name=Rain+Dance%3A+A+Tin+Theme+%28From+%22Trisha+Illana+Nayanthara%22%29&artist_name=G.+V.+Prakash "HTTP/1.1 404 Not Found"
HTTP Request: GET https://lrclib.net/api/get?track_name=Rain+Drops+Keep+Falling+on+My+Head&artist_name=B.J.+Thomas "HTTP/1.1 200 OK"
HTTP Request: GET https://lrclib.net/api/get?track_name=Kabira&artist_name=Pritam "HTTP/1.1 200 OK"
HTTP Request: GET https://lrclib.net/api/get?track_name=One+Dance&artist_name=Drake "HTTP/1.1 200 OK"
HTTP Request: GET https://lrclib.net/api/get?track_name=Kabhi+Jo+Baadal+Barse+%28From+%22Jackpot%22%29&artist_name=Arijit+Singh "HTTP/1.1 404 Not Found"
HTTP Request: GET https://lrclib.net/api/get?track_name=Raindrops+%28Insane%29+%5Bwith+Travis+Scott%5D&artist_name=Metro+Boomin "HTTP/1.1 200 OK"
HTTP Request: GET https://lrclib.net/api/get?track_name=Baarish&artist_name=Shashaa+Tirupati "HTTP/1.1 200 OK"
HTTP Request: GET https://lrclib.net/api/get?track_name=Rainy+Days&artist_name=Talha+Anjum "HTTP/1.1 200 OK"
HTTP Request: GET https://lrclib.net/api/get?track_name=Rainy+Nights&artist_name=JJ47 "HTTP/1.1 404 Not Found"
HTTP Request: GET https://lrclib.net/api/get?track_name=Rain+Dance%3A+A+Tin+Theme+%28From+%22Trisha+Illana+Nayanthara%22%29&artist_name=G.+V.+Prakash "HTTP/1.1 404 Not Found"
HTTP Request: GET https://lrclib.net/api/get?track_name=Adada+Mazhaida&artist_name=Yuvan+Shankar+Raja "HTTP/1.1 200 OK"
C:\Users\91626\OneDrive - Manipal Academy of Higher Education\Desktop\projects\spotify-agent\spot\Lib\site-packages\pydantic_settings\sources\utils.py:47: IncompleteFieldDefinitionWarning: Field 'lifespan' has an incomplete definition: its annotation contains an unresolved forward reference, so settings sources may fail to correctly resolve its value. Call `model_rebuild()` on the model where the field is defined, once all the referenced types are defined.
  warnings.warn(
Processing request of type ListToolsRequest
C:\Users\91626\OneDrive - Manipal Academy of Higher Education\Desktop\projects\spotify-agent\spot\Lib\site-packages\pydantic_settings\sources\utils.py:47: IncompleteFieldDefinitionWarning: Field 'lifespan' has an incomplete definition: its annotation contains an unresolved forward reference, so settings sources may fail to correctly resolve its value. Call `model_rebuild()` on the model where the field is defined, once all the referenced types are defined.
  warnings.warn(
Processing request of type ListToolsRequest
Processing request of type CallToolRequest
HTTP Request: POST https://accounts.spotify.com/api/token "HTTP/1.1 200 OK"
HTTP Request: GET https://api.spotify.com/v1/search?q=leaving+home+sad&type=track&limit=10&offset=0 "HTTP/1.1 200 OK"
Processing request of type CallToolRequest
HTTP Request: GET https://api.spotify.com/v1/search?q=small+town+goodbye+sad&type=track&limit=10&offset=0 "HTTP/1.1 200 OK"
Processing request of type CallToolRequest
HTTP Request: GET https://api.spotify.com/v1/search?q=driving+away+never+coming+back+sad&type=track&limit=10&offset=0 "HTTP/1.1 200 OK"
Processing request of type CallToolRequest
HTTP Request: GET https://api.spotify.com/v1/search?q=driving+down+an+empty+road+sad&type=track&limit=10&offset=0 "HTTP/1.1 200 OK"
Processing request of type CallToolRequest
HTTP Request: GET https://api.spotify.com/v1/search?q=fast+car+hometown+leaving+sad&type=track&limit=10&offset=0 "HTTP/1.1 200 OK"
Processing request of type CallToolRequest
HTTP Request: GET https://api.spotify.com/v1/search?q=night+driver+out+of+town+sad&type=track&limit=10&offset=0 "HTTP/1.1 200 OK"
Processing request of type CallToolRequest
HTTP Request: GET https://api.spotify.com/v1/search?q=leaving+town+goodbye&type=track&limit=10&offset=0 "HTTP/1.1 200 OK"
HTTP Request: GET https://api.spotify.com/v1/search?q=leaving+town+goodbye&type=track&limit=10&offset=10 "HTTP/1.1 200 OK"
HTTP Request: GET https://api.spotify.com/v1/search?q=leaving+town+goodbye&type=track&limit=10&offset=20 "HTTP/1.1 200 OK"
HTTP Request: GET https://lrclib.net/api/get?track_name=What+Economy&artist_name=SA "HTTP/1.1 200 OK"
HTTP Request: GET https://lrclib.net/api/get?track_name=Car%27s+Outside+-+Sped+Up+Version&artist_name=James+Arthur "HTTP/1.1 200 OK"
HTTP Request: GET https://lrclib.net/api/get?track_name=Goodbyes+In+The+Wind&artist_name=Valentiger "HTTP/1.1 404 Not Found"
HTTP Request: GET https://lrclib.net/api/get?track_name=Leaving+Home&artist_name=Indian+Ocean "HTTP/1.1 200 OK"
HTTP Request: GET https://lrclib.net/api/get?track_name=We+Lied+in+Silence&artist_name=Binary+Heart "HTTP/1.1 404 Not Found"
HTTP Request: GET https://lrclib.net/api/get?track_name=Goodbye+Golden+Days+%28Airstream+Remix%29+%5Bfeat.+Dwayne+Verheyden%5D&artist_name=Willem+Hendrikse "HTTP/1.1 404 Not Found"
HTTP Request: GET https://lrclib.net/api/get?track_name=Stay&artist_name=Khalid "HTTP/1.1 200 OK"
HTTP Request: GET https://lrclib.net/api/get?track_name=Cindy+Incidentally&artist_name=Rod+Stewart+Tribute+Band "HTTP/1.1 404 Not Found"
HTTP Request: GET https://lrclib.net/api/get?track_name=Goodbye+Riverside&artist_name=Tiro "HTTP/1.1 404 Not Found"
HTTP Request: GET https://lrclib.net/api/get?track_name=Never+Can+Say+Goodbye&artist_name=The+Jackson+5 "HTTP/1.1 200 OK"
HTTP Request: GET https://lrclib.net/api/get?track_name=Leaving+Town&artist_name=digitalmk06 "HTTP/1.1 404 Not Found"
HTTP Request: GET https://lrclib.net/api/get?track_name=Leaving+Caladan&artist_name=Hans+Zimmer "HTTP/1.1 200 OK"
HTTP Request: GET https://lrclib.net/api/get?track_name=Car%27s+Outside+-+Slowed+Down+Version&artist_name=James+Arthur "HTTP/1.1 200 OK"
HTTP Request: GET https://lrclib.net/api/get?track_name=Leaving+England&artist_name=John+Murphy "HTTP/1.1 200 OK"
HTTP Request: GET https://lrclib.net/api/get?track_name=The+Town+That+Broke+My+Heart&artist_name=Bobby+Bare "HTTP/1.1 200 OK"
HTTP Request: GET https://lrclib.net/api/get?track_name=My+Last+Goodbye&artist_name=Charlie+Monroe "HTTP/1.1 404 Not Found"
HTTP Request: GET https://lrclib.net/api/get?track_name=leaving+the+city&artist_name=cold+heart "HTTP/1.1 404 Not Found"
HTTP Request: GET https://lrclib.net/api/get?track_name=Cindy+Incidentally&artist_name=Wildlife "HTTP/1.1 404 Not Found"
HTTP Request: GET https://lrclib.net/api/get?track_name=Cindy+Incidentally&artist_name=Wildlife "HTTP/1.1 404 Not Found"
HTTP Request: GET https://lrclib.net/api/get?track_name=Leaving+My+Quiet+Town&artist_name=Miss+SaSa "HTTP/1.1 404 Not Found"
HTTP Request: GET https://lrclib.net/api/get?track_name=Leaving+Town&artist_name=LOST+REVAN "HTTP/1.1 404 Not Found"
HTTP Request: GET https://lrclib.net/api/get?track_name=Goodbye+Stranger+-+Remastered+2026&artist_name=Supertramp "HTTP/1.1 200 OK"
HTTP Request: GET https://lrclib.net/api/get?track_name=Leaving+Pipsy&artist_name=Achint "HTTP/1.1 404 Not Found"
HTTP Request: GET https://lrclib.net/api/get?track_name=The+Town+That+Broke+My+Heart&artist_name=Bobby+Bare "HTTP/1.1 200 OK"
HTTP Request: GET https://lrclib.net/api/get?track_name=There+Goes+The+Fear&artist_name=Doves "HTTP/1.1 200 OK"
HTTP Request: GET https://lrclib.net/api/get?track_name=Runaway&artist_name=Millington "HTTP/1.1 200 OK"
HTTP Request: GET https://lrclib.net/api/get?track_name=Even+Now+%28Live%29&artist_name=Lucky+Came+to+Town "HTTP/1.1 404 Not Found"
HTTP Request: GET https://lrclib.net/api/get?track_name=Sleeping+on+the+Blacktop&artist_name=Colter+Wall "HTTP/1.1 200 OK"
HTTP Request: GET https://lrclib.net/api/get?track_name=Quietly+Leaving+Town&artist_name=CarlosAlejandroDom "HTTP/1.1 404 Not Found"
HTTP Request: GET https://lrclib.net/api/get?track_name=Goodbye+Texas&artist_name=thisautumn "HTTP/1.1 404 Not Found"
C:\Users\91626\OneDrive - Manipal Academy of Higher Education\Desktop\projects\spotify-agent\spot\Lib\site-packages\pydantic_settings\sources\utils.py:47: IncompleteFieldDefinitionWarning: Field 'lifespan' has an incomplete definition: its annotation contains an unresolved forward reference, so settings sources may fail to correctly resolve its value. Call `model_rebuild()` on the model where the field is defined, once all the referenced types are defined.
  warnings.warn(
Processing request of type ListToolsRequest
Processing request of type CallToolRequest
HTTP Request: POST https://accounts.spotify.com/api/token "HTTP/1.1 200 OK"
HTTP Request: GET https://api.spotify.com/v1/search?q=call+you+at+2am&type=track&limit=10&offset=0 "HTTP/1.1 200 OK"
HTTP Request: GET https://api.spotify.com/v1/search?q=call+you+at+2am&type=track&limit=10&offset=10 "HTTP/1.1 200 OK"
HTTP Request: GET https://api.spotify.com/v1/search?q=call+you+at+2am&type=track&limit=10&offset=20 "HTTP/1.1 200 OK"
HTTP Request: GET https://api.spotify.com/v1/search?q=call+you+at+2am&type=track&limit=10&offset=30 "HTTP/1.1 200 OK"
HTTP Request: GET https://api.spotify.com/v1/search?q=call+you+at+2am&type=track&limit=10&offset=40 "HTTP/1.1 200 OK"
HTTP Request: GET https://lrclib.net/api/get?track_name=Call+Your+Mom+%28from+American+Idol%29&artist_name=Kyndal "HTTP/1.1 404 Not Found"
HTTP Request: GET https://lrclib.net/api/get?track_name=Call+You+Mine&artist_name=The+Chainsmokers "HTTP/1.1 200 OK"
HTTP Request: GET https://lrclib.net/api/get?track_name=Does+This+Mean+You%27re+Moving+On%3F+-+Live+From+Walt+Disney+Concert+Hall&artist_name=The+Airborne+Toxic+Event "HTTP/1.1 404 Not Found"
HTTP Request: GET https://lrclib.net/api/get?track_name=euphoria&artist_name=Kendrick+Lamar "HTTP/1.1 200 OK"
HTTP Request: GET https://lrclib.net/api/get?track_name=Call+Your+Mom+%28from+American+Idol%29&artist_name=Kyndal "HTTP/1.1 404 Not Found"
HTTP Request: GET https://lrclib.net/api/get?track_name=I+Don%27t+Miss+You+at+All&artist_name=FINNEAS "HTTP/1.1 200 OK"
HTTP Request: GET https://lrclib.net/api/get?track_name=STILL+FEEL+IT&artist_name=Elegance "HTTP/1.1 404 Not Found"
HTTP Request: GET https://lrclib.net/api/get?track_name=this+call+at+2am&artist_name=cepalin "HTTP/1.1 404 Not Found"
HTTP Request: GET https://lrclib.net/api/get?track_name=Just+to+see+if+you+call+me+back&artist_name=Motel+Feelings+at+3AM "HTTP/1.1 404 Not Found"
HTTP Request: GET https://lrclib.net/api/get?track_name=Used+to+Me&artist_name=Luke+Chiang "HTTP/1.1 200 OK"
HTTP Request: GET https://lrclib.net/api/get?track_name=Movies&artist_name=Conan+Gray "HTTP/1.1 200 OK"
HTTP Request: GET https://lrclib.net/api/get?track_name=3am&artist_name=ROS%C3%89 "HTTP/1.1 200 OK"
HTTP Request: GET https://lrclib.net/api/get?track_name=Thrills+Sought+After&artist_name=Edwin+Raphael "HTTP/1.1 200 OK"
HTTP Request: GET https://lrclib.net/api/get?track_name=Sorry%2C+Blame+It+On+Me&artist_name=Akon "HTTP/1.1 200 OK"
HTTP Request: GET https://lrclib.net/api/get?track_name=Thrills+Sought+After&artist_name=Edwin+Raphael "HTTP/1.1 200 OK"
HTTP Request: GET https://lrclib.net/api/get?track_name=rainy+days+%26+a+cup+of+coffee&artist_name=Lil+Bird "HTTP/1.1 404 Not Found"
HTTP Request: GET https://lrclib.net/api/get?track_name=call+it+the+end&artist_name=ROS%C3%89 "HTTP/1.1 200 OK"
HTTP Request: GET https://lrclib.net/api/get?track_name=Tears&artist_name=Perrie "HTTP/1.1 200 OK"
HTTP Request: GET https://lrclib.net/api/get?track_name=Call+Us+At+2AM&artist_name=J "HTTP/1.1 404 Not Found"
HTTP Request: GET https://lrclib.net/api/get?track_name=Treat+You+Bad&artist_name=Dylan "HTTP/1.1 200 OK"
HTTP Request: GET https://lrclib.net/api/get?track_name=Treat+You+Bad&artist_name=Dylan "HTTP/1.1 200 OK"
HTTP Request: GET https://lrclib.net/api/get?track_name=Wonda+Why+They+Call+U+Bytch&artist_name=2Pac "HTTP/1.1 200 OK"
HTTP Request: GET https://lrclib.net/api/get?track_name=Call+it+over&artist_name=Jeff+Satur "HTTP/1.1 200 OK"
HTTP Request: GET https://lrclib.net/api/get?track_name=Call+Your+Mom+%28from+American+Idol%29&artist_name=Kyndal "HTTP/1.1 404 Not Found"
HTTP Request: GET https://lrclib.net/api/get?track_name=You+Call+It+Love%2C+Pt.+1&artist_name=Vladimir+Cosma "HTTP/1.1 200 OK"
HTTP Request: GET https://lrclib.net/api/get?track_name=I+Just+Called+to+Say+I+Love+You+-+Recorded+at+RCA+Studio+A%2C+Nashville&artist_name=John+Prine "HTTP/1.1 200 OK"
HTTP Request: GET https://lrclib.net/api/get?track_name=Call+You&artist_name=lucidbeatz "HTTP/1.1 200 OK"
HTTP Request: GET https://lrclib.net/api/get?track_name=CALL+YOU+UP+%28Remix%29&artist_name=rghvarchive "HTTP/1.1 200 OK"
HTTP Request: GET https://lrclib.net/api/get?track_name=Say+My+Name&artist_name=Destiny%27s+Child "HTTP/1.1 200 OK"
HTTP Request: GET https://lrclib.net/api/get?track_name=My+G+%28feat.+Ed+Sheeran%29&artist_name=Aitch "HTTP/1.1 200 OK"
HTTP Request: GET https://lrclib.net/api/get?track_name=Say+My+Name+-+Recorded+At+Spotify+Studios+NYC&artist_name=Hozier "HTTP/1.1 200 OK"
HTTP Request: GET https://lrclib.net/api/get?track_name=Call+Me+at+3AM&artist_name=XeroN "HTTP/1.1 404 Not Found"
HTTP Request: GET https://lrclib.net/api/get?track_name=You+joke+about+the+future&artist_name=I%E2%80%99ll+Still+Call+You+at+2AM "HTTP/1.1 404 Not Found"
HTTP Request: GET https://lrclib.net/api/get?track_name=I+could+love+you&artist_name=Annabell "HTTP/1.1 404 Not Found"
HTTP Request: GET https://lrclib.net/api/get?track_name=2AM&artist_name=Ryan+Oakes "HTTP/1.1 200 OK"
HTTP Request: GET https://lrclib.net/api/get?track_name=at+least&artist_name=i+talk+about+you+all+the+time "HTTP/1.1 404 Not Found"
HTTP Request: GET https://lrclib.net/api/get?track_name=2AM&artist_name=Mellina+Tey "HTTP/1.1 200 OK"
HTTP Request: GET https://lrclib.net/api/get?track_name=Think+About+Me%3F&artist_name=Qmusic "HTTP/1.1 404 Not Found"
HTTP Request: GET https://lrclib.net/api/get?track_name=2AM+Somewhere&artist_name=Bankrol+Hayden "HTTP/1.1 200 OK"
HTTP Request: GET https://lrclib.net/api/get?track_name=LATE+NIGHT+CONFESSION&artist_name=Elegance "HTTP/1.1 404 Not Found"
HTTP Request: GET https://lrclib.net/api/get?track_name=Call+U+Tomorrow&artist_name=Montell+Fish "HTTP/1.1 200 OK"
HTTP Request: GET https://lrclib.net/api/get?track_name=If+I+Call+You+At+2am&artist_name=John+Words "HTTP/1.1 404 Not Found"
HTTP Request: GET https://lrclib.net/api/get?track_name=2+of+us&artist_name=Barney+Sku "HTTP/1.1 200 OK"
HTTP Request: GET https://lrclib.net/api/get?track_name=When+You+Call+Me+Up+At+2AM&artist_name=Royal+Sadness "HTTP/1.1 404 Not Found"
HTTP Request: GET https://lrclib.net/api/get?track_name=2AM+Somewhere&artist_name=Bankrol+Hayden "HTTP/1.1 200 OK"
HTTP Request: GET https://lrclib.net/api/get?track_name=What+Ya+Call+That%3F+%28Bunch%29&artist_name=BGE+Keys "HTTP/1.1 404 Not Found"
HTTP Request: GET https://lrclib.net/api/get?track_name=Sorry%2C+Blame+It+On+Me&artist_name=Akon "HTTP/1.1 200 OK"
HTTP Request: GET https://lrclib.net/api/get?track_name=WHAT+YA+CALL+THAT%3F&artist_name=BGE+Keys "HTTP/1.1 404 Not Found"
HTTP Request: GET https://lrclib.net/api/get?track_name=Your+Missed+Call+at+2+A.M&artist_name=Parallel+Verse "HTTP/1.1 404 Not Found"
HTTP Request: GET https://lrclib.net/api/get?track_name=2+AM+Calls&artist_name=DanEcos "HTTP/1.1 404 Not Found"
Processing request of type CallToolRequest
HTTP Request: GET https://api.spotify.com/v1/search?q=2am+calling+late+night+phone&type=track&limit=10&offset=0 "HTTP/1.1 200 OK"
HTTP Request: GET https://api.spotify.com/v1/search?q=2am+calling+late+night+phone&type=track&limit=10&offset=10 "HTTP/1.1 200 OK"
HTTP Request: GET https://api.spotify.com/v1/search?q=2am+calling+late+night+phone&type=track&limit=10&offset=20 "HTTP/1.1 200 OK"
HTTP Request: GET https://api.spotify.com/v1/search?q=2am+calling+late+night+phone&type=track&limit=10&offset=30 "HTTP/1.1 200 OK"
HTTP Request: GET https://api.spotify.com/v1/search?q=2am+calling+late+night+phone&type=track&limit=10&offset=40 "HTTP/1.1 200 OK"
HTTP Request: GET https://lrclib.net/api/get?track_name=Wide+Open+-+Acoustic&artist_name=Aaron+Kellim "HTTP/1.1 404 Not Found"
HTTP Request: GET https://lrclib.net/api/get?track_name=Cosmic+Slop&artist_name=Funkadelic "HTTP/1.1 200 OK"
HTTP Request: GET https://lrclib.net/api/get?track_name=Calling+My+Phone&artist_name=Lil+Tjay "HTTP/1.1 200 OK"
HTTP Request: GET https://lrclib.net/api/get?track_name=why+u+gotta+be+like+that+%28feat.+Nightly%29&artist_name=vaultboy "HTTP/1.1 200 OK"
HTTP Request: GET https://lrclib.net/api/get?track_name=Bear+Claws&artist_name=The+Academic "HTTP/1.1 200 OK"
HTTP Request: GET https://lrclib.net/api/get?track_name=Teeth&artist_name=5+Seconds+of+Summer "HTTP/1.1 200 OK"
HTTP Request: GET https://lrclib.net/api/get?track_name=drive+ME+crazy%21&artist_name=Lil+Yachty "HTTP/1.1 200 OK"
HTTP Request: GET https://lrclib.net/api/get?track_name=calling+my+phone+-+slowed+%2B+reverb&artist_name=sl%C5%8D "HTTP/1.1 404 Not Found"
HTTP Request: GET https://lrclib.net/api/get?track_name=IPHONE+ALARM+FUNK&artist_name=bear+bear+%26+friends "HTTP/1.1 404 Not Found"
HTTP Request: GET https://lrclib.net/api/get?track_name=Piece+of+My+Mind&artist_name=Every+You "HTTP/1.1 404 Not Found"
HTTP Request: GET https://lrclib.net/api/get?track_name=Fallen+Japanese&artist_name=Sajama+Cut "HTTP/1.1 200 OK"
HTTP Request: GET https://lrclib.net/api/get?track_name=Fallen+Japanese&artist_name=Sajama+Cut "HTTP/1.1 200 OK"
HTTP Request: GET https://lrclib.net/api/get?track_name=Tides&artist_name=Ed+Sheeran "HTTP/1.1 200 OK"
HTTP Request: GET https://lrclib.net/api/get?track_name=Old+Phone+%28Ringtone%29&artist_name=Ringtone+Hits "HTTP/1.1 404 Not Found"
HTTP Request: GET https://lrclib.net/api/get?track_name=I+Don%27t+Fuck+With+You&artist_name=Big+Sean "HTTP/1.1 200 OK"
HTTP Request: GET https://lrclib.net/api/get?track_name=Cosmic+Slop&artist_name=Funkadelic "HTTP/1.1 200 OK"
HTTP Request: GET https://lrclib.net/api/get?track_name=Iphone+Ringtune&artist_name=Ro+Ryon "HTTP/1.1 404 Not Found"
HTTP Request: GET https://lrclib.net/api/get?track_name=Trash&artist_name=Human+Nature "HTTP/1.1 200 OK"
HTTP Request: GET https://lrclib.net/api/get?track_name=Phone+Call&artist_name=Jokhay "HTTP/1.1 404 Not Found"
HTTP Request: GET https://lrclib.net/api/get?track_name=IPHONE+ALARM+FUNK&artist_name=bear+bear+%26+friends "HTTP/1.1 404 Not Found"
HTTP Request: GET https://lrclib.net/api/get?track_name=Boys+Ain%27t+Shit+%28feat.+Tate+McRae+%26+Audrey+Mika%29&artist_name=SAYGRACE "HTTP/1.1 200 OK"
HTTP Request: GET https://lrclib.net/api/get?track_name=Sammy&artist_name=L%27Andreea "HTTP/1.1 404 Not Found"
HTTP Request: GET https://lrclib.net/api/get?track_name=%E2%80%9887+Stingray&artist_name=Tory+Lanez "HTTP/1.1 200 OK"
HTTP Request: GET https://lrclib.net/api/get?track_name=New+Boy&artist_name=Angel+Ayinde "HTTP/1.1 404 Not Found"
HTTP Request: GET https://lrclib.net/api/get?track_name=Old+Phone+Ringing&artist_name=Sweet+Fret "HTTP/1.1 404 Not Found"
HTTP Request: GET https://lrclib.net/api/get?track_name=IPhone+Ringtone+Trap+-+Remix&artist_name=Jasser+Labidi "HTTP/1.1 200 OK"
HTTP Request: GET https://lrclib.net/api/get?track_name=Call+Me+%28What+It+Is%29&artist_name=Davy+Jr. "HTTP/1.1 404 Not Found"
HTTP Request: GET https://lrclib.net/api/get?track_name=No+Auto+Durk+%28feat.+Lil+Durk%29&artist_name=Only+The+Family "HTTP/1.1 200 OK"
HTTP Request: GET https://lrclib.net/api/get?track_name=12+a.m.&artist_name=0sb0rne "HTTP/1.1 404 Not Found"
HTTP Request: GET https://lrclib.net/api/get?track_name=Phone+Away&artist_name=Monoir "HTTP/1.1 200 OK"
HTTP Request: GET https://lrclib.net/api/get?track_name=Don%27t+Touch&artist_name=Love+Spells "HTTP/1.1 200 OK"
HTTP Request: GET https://lrclib.net/api/get?track_name=Cell+Phone+Ringing+-+Sound+Effect&artist_name=Beats+by+Talent "HTTP/1.1 404 Not Found"
HTTP Request: GET https://lrclib.net/api/get?track_name=Sweet+Lady+-+remix&artist_name=Tyrese "HTTP/1.1 404 Not Found"
HTTP Request: GET https://lrclib.net/api/get?track_name=Teeth&artist_name=Dirty+Land "HTTP/1.1 200 OK"
HTTP Request: GET https://lrclib.net/api/get?track_name=Cell+Phone+Speaker+Cleaning+Sound&artist_name=nBeats "HTTP/1.1 404 Not Found"
HTTP Request: GET https://lrclib.net/api/get?track_name=Lose+My+Mind&artist_name=PXUL "HTTP/1.1 404 Not Found"
HTTP Request: GET https://lrclib.net/api/get?track_name=Turn+Off+The+Phone&artist_name=ycid "HTTP/1.1 404 Not Found"
HTTP Request: GET https://lrclib.net/api/get?track_name=04%3A30&artist_name=Ufo361 "HTTP/1.1 200 OK"
HTTP Request: GET https://lrclib.net/api/get?track_name=Pacific&artist_name=Noah+G%C3%B6nci "HTTP/1.1 404 Not Found"
HTTP Request: GET https://lrclib.net/api/get?track_name=Broken+Phone+Screen&artist_name=2Fing3r-OP "HTTP/1.1 404 Not Found"
HTTP Request: GET https://lrclib.net/api/get?track_name=Yo+Phone+Linging+-+Your+Phone+Is+Lingin+Remix&artist_name=Lee+Chang%27s+Funny+Remix "HTTP/1.1 200 OK"
HTTP Request: GET https://lrclib.net/api/get?track_name=Missing+You&artist_name=Craig+Campbell "HTTP/1.1 200 OK"
HTTP Request: GET https://lrclib.net/api/get?track_name=Do+Anything&artist_name=Camo "HTTP/1.1 404 Not Found"
HTTP Request: GET https://lrclib.net/api/get?track_name=9+Am&artist_name=vicX "HTTP/1.1 404 Not Found"
HTTP Request: GET https://lrclib.net/api/get?track_name=Phone&artist_name=Sav+Kalipez "HTTP/1.1 404 Not Found"
HTTP Request: GET https://lrclib.net/api/get?track_name=Cell+Phone+Ringing+-+Sound+Effect&artist_name=Beats+by+Talent "HTTP/1.1 404 Not Found"
HTTP Request: GET https://lrclib.net/api/get?track_name=I+Don%27t+Fuck+With+You&artist_name=Big+Sean "HTTP/1.1 200 OK"
HTTP Request: GET https://lrclib.net/api/get?track_name=Aint+The+Same&artist_name=MIST "HTTP/1.1 200 OK"
HTTP Request: GET https://lrclib.net/api/get?track_name=Filthy+Rich&artist_name=Evalyn "HTTP/1.1 200 OK"
HTTP Request: GET https://lrclib.net/api/get?track_name=Porch+Light&artist_name=LordDawgWolf "HTTP/1.1 404 Not Found"
C:\Users\91626\OneDrive - Manipal Academy of Higher Education\Desktop\projects\spotify-agent\spot\Lib\site-packages\pydantic_settings\sources\utils.py:47: IncompleteFieldDefinitionWarning: Field 'lifespan' has an incomplete definition: its annotation contains an unresolved forward reference, so settings sources may fail to correctly resolve its value. Call `model_rebuild()` on the model where the field is defined, once all the referenced types are defined.
  warnings.warn(
Processing request of type ListToolsRequest
Processing request of type CallToolRequest
HTTP Request: POST https://accounts.spotify.com/api/token "HTTP/1.1 200 OK"
HTTP Request: GET https://api.spotify.com/v1/me/player/recently-played?limit=24 "HTTP/1.1 200 OK"
HTTP Request: GET https://lrclib.net/api/get?track_name=Back+To+You&artist_name=Selena+Gomez "HTTP/1.1 200 OK"
HTTP Request: GET https://lrclib.net/api/get?track_name=Tum+-+Version&artist_name=Javed+Ali "HTTP/1.1 200 OK"
HTTP Request: GET https://lrclib.net/api/get?track_name=Starman+-+2012+Remaster&artist_name=David+Bowie "HTTP/1.1 200 OK"
HTTP Request: GET https://lrclib.net/api/get?track_name=Golden&artist_name=Harry+Styles "HTTP/1.1 200 OK"
HTTP Request: GET https://lrclib.net/api/get?track_name=O+Meri+Laila&artist_name=Atif+Aslam "HTTP/1.1 200 OK"
HTTP Request: GET https://lrclib.net/api/get?track_name=Two+Ghosts&artist_name=Harry+Styles "HTTP/1.1 200 OK"
HTTP Request: GET https://lrclib.net/api/get?track_name=So+Long+Sad+Songs&artist_name=CAIN "HTTP/1.1 200 OK"
HTTP Request: GET https://lrclib.net/api/get?track_name=This+Is+Home&artist_name=Cavetown "HTTP/1.1 200 OK"
HTTP Request: GET https://lrclib.net/api/get?track_name=show+and+tell&artist_name=mxmtoon "HTTP/1.1 200 OK"
HTTP Request: GET https://lrclib.net/api/get?track_name=Pigeon&artist_name=Cavetown "HTTP/1.1 200 OK"
HTTP Request: GET https://lrclib.net/api/get?track_name=Olivia&artist_name=One+Direction "HTTP/1.1 200 OK"
HTTP Request: GET https://lrclib.net/api/get?track_name=bored+like+me+%28demo%29&artist_name=dodie "HTTP/1.1 200 OK"
C:\Users\91626\OneDrive - Manipal Academy of Higher Education\Desktop\projects\spotify-agent\spot\Lib\site-packages\pydantic_settings\sources\utils.py:47: IncompleteFieldDefinitionWarning: Field 'lifespan' has an incomplete definition: its annotation contains an unresolved forward reference, so settings sources may fail to correctly resolve its value. Call `model_rebuild()` on the model where the field is defined, once all the referenced types are defined.
  warnings.warn(
Processing request of type ListToolsRequest
C:\Users\91626\OneDrive - Manipal Academy of Higher Education\Desktop\projects\spotify-agent\spot\Lib\site-packages\pydantic_settings\sources\utils.py:47: IncompleteFieldDefinitionWarning: Field 'lifespan' has an incomplete definition: its annotation contains an unresolved forward reference, so settings sources may fail to correctly resolve its value. Call `model_rebuild()` on the model where the field is defined, once all the referenced types are defined.
  warnings.warn(
Processing request of type ListToolsRequest
Processing request of type CallToolRequest
HTTP Request: POST https://accounts.spotify.com/api/token "HTTP/1.1 200 OK"
HTTP Request: GET https://api.spotify.com/v1/search?q=dishes+3am+midnight+kitchen&type=track&limit=10&offset=0 "HTTP/1.1 429 Too Many Requests"
Processing request of type CallToolRequest
HTTP Request: GET https://api.spotify.com/v1/search?q=washing+dishes&type=track&limit=10&offset=0 "HTTP/1.1 429 Too Many Requests"
Processing request of type CallToolRequest
HTTP Request: GET https://api.spotify.com/v1/search?q=washing+dishes+sad&type=track&limit=10&offset=0 "HTTP/1.1 429 Too Many Requests"
Processing request of type CallToolRequest
HTTP Request: GET https://api.spotify.com/v1/me/player/recently-played?limit=30 "HTTP/1.1 200 OK"
HTTP Request: GET https://lrclib.net/api/get?track_name=Tum+-+Version&artist_name=Javed+Ali "HTTP/1.1 200 OK"
HTTP Request: GET https://lrclib.net/api/get?track_name=Two+Ghosts&artist_name=Harry+Styles "HTTP/1.1 200 OK"
HTTP Request: GET https://lrclib.net/api/get?track_name=Back+To+You&artist_name=Selena+Gomez "HTTP/1.1 200 OK"
HTTP Request: GET https://lrclib.net/api/get?track_name=O+Meri+Laila&artist_name=Atif+Aslam "HTTP/1.1 200 OK"
HTTP Request: GET https://lrclib.net/api/get?track_name=Starman+-+2012+Remaster&artist_name=David+Bowie "HTTP/1.1 200 OK"
HTTP Request: GET https://lrclib.net/api/get?track_name=Golden&artist_name=Harry+Styles "HTTP/1.1 200 OK"
HTTP Request: GET https://lrclib.net/api/get?track_name=So+Long+Sad+Songs&artist_name=CAIN "HTTP/1.1 200 OK"
HTTP Request: GET https://lrclib.net/api/get?track_name=bored+like+me+%28demo%29&artist_name=dodie "HTTP/1.1 200 OK"
HTTP Request: GET https://lrclib.net/api/get?track_name=show+and+tell&artist_name=mxmtoon "HTTP/1.1 200 OK"
HTTP Request: GET https://lrclib.net/api/get?track_name=Pigeon&artist_name=Cavetown "HTTP/1.1 200 OK"
HTTP Request: GET https://lrclib.net/api/get?track_name=Olivia&artist_name=One+Direction "HTTP/1.1 200 OK"
HTTP Request: GET https://lrclib.net/api/get?track_name=This+Is+Home&artist_name=Cavetown "HTTP/1.1 200 OK"
HTTP Request: GET https://lrclib.net/api/get?track_name=Deathcab&artist_name=Ditty "HTTP/1.1 200 OK"
HTTP Request: GET https://lrclib.net/api/get?track_name=This+Is+A+Life&artist_name=Son+Lux "HTTP/1.1 200 OK"
HTTP Request: GET https://lrclib.net/api/get?track_name=clich%C3%A9&artist_name=mxmtoon "HTTP/1.1 200 OK"
Processing request of type CallToolRequest
HTTP Request: GET https://api.spotify.com/v1/search?q=washing+dishes+dishwasher+energetic&type=track&limit=10&offset=0 "HTTP/1.1 429 Too Many Requests"
Processing request of type CallToolRequest
HTTP Request: GET https://api.spotify.com/v1/search?q=kitchen+dishes+sink+midnight&type=track&limit=10&offset=0 "HTTP/1.1 429 Too Many Requests"
Processing request of type CallToolRequest
HTTP Request: GET https://api.spotify.com/v1/search?q=kitchen+sink+dishes&type=track&limit=10&offset=0 "HTTP/1.1 429 Too Many Requests"
Processing request of type CallToolRequest
HTTP Request: GET https://api.spotify.com/v1/search?q=kitchen+sink+dishes&type=track&limit=10&offset=0 "HTTP/1.1 429 Too Many Requests"
Processing request of type CallToolRequest
HTTP Request: GET https://api.spotify.com/v1/search?q=kitchen+sink+dishes&type=track&limit=10&offset=0 "HTTP/1.1 429 Too Many Requests"
C:\Users\91626\OneDrive - Manipal Academy of Higher Education\Desktop\projects\spotify-agent\spot\Lib\site-packages\pydantic_settings\sources\utils.py:47: IncompleteFieldDefinitionWarning: Field 'lifespan' has an incomplete definition: its annotation contains an unresolved forward reference, so settings sources may fail to correctly resolve its value. Call `model_rebuild()` on the model where the field is defined, once all the referenced types are defined.
  warnings.warn(
Processing request of type ListToolsRequest
Processing request of type CallToolRequest
HTTP Request: POST https://accounts.spotify.com/api/token "HTTP/1.1 200 OK"
HTTP Request: GET https://api.spotify.com/v1/search?q=rain&type=track&limit=10&offset=0 "HTTP/1.1 429 Too Many Requests"
Processing request of type CallToolRequest
HTTP Request: GET https://api.spotify.com/v1/search?q=rainy+day&type=track&limit=10&offset=0 "HTTP/1.1 429 Too Many Requests"
Processing request of type CallToolRequest
HTTP Request: GET https://api.spotify.com/v1/search?q=rain&type=track&limit=10&offset=0 "HTTP/1.1 429 Too Many Requests"
Processing request of type CallToolRequest
HTTP Request: GET https://api.spotify.com/v1/me/player/recently-played?limit=20 "HTTP/1.1 200 OK"
Processing request of type CallToolRequest
HTTP Request: GET https://api.spotify.com/v1/me/top/tracks?limit=20&time_range=short_term "HTTP/1.1 200 OK"
C:\Users\91626\OneDrive - Manipal Academy of Higher Education\Desktop\projects\spotify-agent\spot\Lib\site-packages\pydantic_settings\sources\utils.py:47: IncompleteFieldDefinitionWarning: Field 'lifespan' has an incomplete definition: its annotation contains an unresolved forward reference, so settings sources may fail to correctly resolve its value. Call `model_rebuild()` on the model where the field is defined, once all the referenced types are defined.
  warnings.warn(
Processing request of type ListToolsRequest
C:\Users\91626\OneDrive - Manipal Academy of Higher Education\Desktop\projects\spotify-agent\spot\Lib\site-packages\pydantic_settings\sources\utils.py:47: IncompleteFieldDefinitionWarning: Field 'lifespan' has an incomplete definition: its annotation contains an unresolved forward reference, so settings sources may fail to correctly resolve its value. Call `model_rebuild()` on the model where the field is defined, once all the referenced types are defined.
  warnings.warn(
Processing request of type ListToolsRequest
Processing request of type CallToolRequest
HTTP Request: POST https://accounts.spotify.com/api/token "HTTP/1.1 200 OK"
HTTP Request: GET https://api.spotify.com/v1/search?q=driving+away+sad&type=track&limit=10&offset=0 "HTTP/1.1 429 Too Many Requests"
C:\Users\91626\OneDrive - Manipal Academy of Higher Education\Desktop\projects\spotify-agent\spot\Lib\site-packages\pydantic_settings\sources\utils.py:47: IncompleteFieldDefinitionWarning: Field 'lifespan' has an incomplete definition: its annotation contains an unresolved forward reference, so settings sources may fail to correctly resolve its value. Call `model_rebuild()` on the model where the field is defined, once all the referenced types are defined.
  warnings.warn(
Processing request of type ListToolsRequest
Processing request of type CallToolRequest
HTTP Request: POST https://accounts.spotify.com/api/token "HTTP/1.1 200 OK"
HTTP Request: GET https://api.spotify.com/v1/search?q=2am+call&type=track&limit=10&offset=0 "HTTP/1.1 429 Too Many Requests"
C:\Users\91626\OneDrive - Manipal Academy of Higher Education\Desktop\projects\spotify-agent\spot\Lib\site-packages\pydantic_settings\sources\utils.py:47: IncompleteFieldDefinitionWarning: Field 'lifespan' has an incomplete definition: its annotation contains an unresolved forward reference, so settings sources may fail to correctly resolve its value. Call `model_rebuild()` on the model where the field is defined, once all the referenced types are defined.
  warnings.warn(
Processing request of type ListToolsRequest
Processing request of type CallToolRequest
HTTP Request: POST https://accounts.spotify.com/api/token "HTTP/1.1 200 OK"
HTTP Request: GET https://api.spotify.com/v1/me/player/recently-played?limit=20 "HTTP/1.1 200 OK"
HTTP Request: GET https://lrclib.net/api/get?track_name=Starman+-+2012+Remaster&artist_name=David+Bowie "HTTP/1.1 200 OK"
HTTP Request: GET https://lrclib.net/api/get?track_name=Tum+-+Version&artist_name=Javed+Ali "HTTP/1.1 200 OK"
HTTP Request: GET https://lrclib.net/api/get?track_name=Two+Ghosts&artist_name=Harry+Styles "HTTP/1.1 200 OK"
HTTP Request: GET https://lrclib.net/api/get?track_name=Golden&artist_name=Harry+Styles "HTTP/1.1 200 OK"
HTTP Request: GET https://lrclib.net/api/get?track_name=Back+To+You&artist_name=Selena+Gomez "HTTP/1.1 200 OK"
HTTP Request: GET https://lrclib.net/api/get?track_name=O+Meri+Laila&artist_name=Atif+Aslam "HTTP/1.1 200 OK"
HTTP Request: GET https://lrclib.net/api/get?track_name=So+Long+Sad+Songs&artist_name=CAIN "HTTP/1.1 200 OK"
HTTP Request: GET https://lrclib.net/api/get?track_name=bored+like+me+%28demo%29&artist_name=dodie "HTTP/1.1 200 OK"
HTTP Request: GET https://lrclib.net/api/get?track_name=This+Is+Home&artist_name=Cavetown "HTTP/1.1 200 OK"
HTTP Request: GET https://lrclib.net/api/get?track_name=Pigeon&artist_name=Cavetown "HTTP/1.1 200 OK"
C:\Users\91626\OneDrive - Manipal Academy of Higher Education\Desktop\projects\spotify-agent\spot\Lib\site-packages\pydantic_settings\sources\utils.py:47: IncompleteFieldDefinitionWarning: Field 'lifespan' has an incomplete definition: its annotation contains an unresolved forward reference, so settings sources may fail to correctly resolve its value. Call `model_rebuild()` on the model where the field is defined, once all the referenced types are defined.
  warnings.warn(
Processing request of type ListToolsRequest
C:\Users\91626\OneDrive - Manipal Academy of Higher Education\Desktop\projects\spotify-agent\spot\Lib\site-packages\pydantic_settings\sources\utils.py:47: IncompleteFieldDefinitionWarning: Field 'lifespan' has an incomplete definition: its annotation contains an unresolved forward reference, so settings sources may fail to correctly resolve its value. Call `model_rebuild()` on the model where the field is defined, once all the referenced types are defined.
  warnings.warn(
Processing request of type ListToolsRequest
Processing request of type CallToolRequest
HTTP Request: POST https://accounts.spotify.com/api/token "HTTP/1.1 200 OK"
HTTP Request: GET https://api.spotify.com/v1/search?q=dishwashing+3am+dishwasher+competition&type=track&limit=10&offset=0 "HTTP/1.1 429 Too Many Requests"
C:\Users\91626\OneDrive - Manipal Academy of Higher Education\Desktop\projects\spotify-agent\spot\Lib\site-packages\pydantic_settings\sources\utils.py:47: IncompleteFieldDefinitionWarning: Field 'lifespan' has an incomplete definition: its annotation contains an unresolved forward reference, so settings sources may fail to correctly resolve its value. Call `model_rebuild()` on the model where the field is defined, once all the referenced types are defined.
  warnings.warn(
Processing request of type ListToolsRequest
Processing request of type CallToolRequest
HTTP Request: POST https://accounts.spotify.com/api/token "HTTP/1.1 200 OK"
HTTP Request: GET https://api.spotify.com/v1/search?q=rain&type=track&limit=10&offset=0 "HTTP/1.1 429 Too Many Requests"
Processing request of type CallToolRequest
HTTP Request: GET https://api.spotify.com/v1/search?q=rain&type=track&limit=10&offset=0 "HTTP/1.1 429 Too Many Requests"
Processing request of type CallToolRequest
HTTP Request: GET https://api.spotify.com/v1/search?q=rain+electronic&type=track&limit=10&offset=0 "HTTP/1.1 429 Too Many Requests"
C:\Users\91626\OneDrive - Manipal Academy of Higher Education\Desktop\projects\spotify-agent\spot\Lib\site-packages\pydantic_settings\sources\utils.py:47: IncompleteFieldDefinitionWarning: Field 'lifespan' has an incomplete definition: its annotation contains an unresolved forward reference, so settings sources may fail to correctly resolve its value. Call `model_rebuild()` on the model where the field is defined, once all the referenced types are defined.
  warnings.warn(
Processing request of type ListToolsRequest
C:\Users\91626\OneDrive - Manipal Academy of Higher Education\Desktop\projects\spotify-agent\spot\Lib\site-packages\pydantic_settings\sources\utils.py:47: IncompleteFieldDefinitionWarning: Field 'lifespan' has an incomplete definition: its annotation contains an unresolved forward reference, so settings sources may fail to correctly resolve its value. Call `model_rebuild()` on the model where the field is defined, once all the referenced types are defined.
  warnings.warn(
Processing request of type ListToolsRequest
Processing request of type CallToolRequest
HTTP Request: POST https://accounts.spotify.com/api/token "HTTP/1.1 200 OK"
HTTP Request: GET https://api.spotify.com/v1/search?q=leaving+hometown+sad&type=track&limit=10&offset=0 "HTTP/1.1 429 Too Many Requests"
Processing request of type CallToolRequest
HTTP Request: GET https://api.spotify.com/v1/search?q=driving+away+sad&type=track&limit=10&offset=0 "HTTP/1.1 429 Too Many Requests"
Processing request of type CallToolRequest
HTTP Request: GET https://api.spotify.com/v1/search?q=small+town+sad&type=track&limit=10&offset=0 "HTTP/1.1 429 Too Many Requests"
Processing request of type CallToolRequest
HTTP Request: GET https://api.spotify.com/v1/search?q=leaving+hometown+driving+away&type=track&limit=10&offset=0 "HTTP/1.1 429 Too Many Requests"
C:\Users\91626\OneDrive - Manipal Academy of Higher Education\Desktop\projects\spotify-agent\spot\Lib\site-packages\pydantic_settings\sources\utils.py:47: IncompleteFieldDefinitionWarning: Field 'lifespan' has an incomplete definition: its annotation contains an unresolved forward reference, so settings sources may fail to correctly resolve its value. Call `model_rebuild()` on the model where the field is defined, once all the referenced types are defined.
  warnings.warn(
Processing request of type ListToolsRequest
Processing request of type CallToolRequest
HTTP Request: POST https://accounts.spotify.com/api/token "HTTP/1.1 200 OK"
HTTP Request: GET https://api.spotify.com/v1/search?q=2am+call+late+night&type=track&limit=10&offset=0 "HTTP/1.1 429 Too Many Requests"
Processing request of type CallToolRequest
HTTP Request: GET https://api.spotify.com/v1/search?q=2am+late+night+call&type=track&limit=10&offset=0 "HTTP/1.1 429 Too Many Requests"
Processing request of type CallToolRequest
HTTP Request: GET https://api.spotify.com/v1/search?q=2am&type=track&limit=10&offset=0 "HTTP/1.1 429 Too Many Requests"
C:\Users\91626\OneDrive - Manipal Academy of Higher Education\Desktop\projects\spotify-agent\spot\Lib\site-packages\pydantic_settings\sources\utils.py:47: IncompleteFieldDefinitionWarning: Field 'lifespan' has an incomplete definition: its annotation contains an unresolved forward reference, so settings sources may fail to correctly resolve its value. Call `model_rebuild()` on the model where the field is defined, once all the referenced types are defined.
  warnings.warn(
Processing request of type ListToolsRequest
Processing request of type CallToolRequest
HTTP Request: POST https://accounts.spotify.com/api/token "HTTP/1.1 200 OK"
HTTP Request: GET https://api.spotify.com/v1/me/player/recently-played?limit=24 "HTTP/1.1 200 OK"
HTTP Request: GET https://lrclib.net/api/get?track_name=Back+To+You&artist_name=Selena+Gomez "HTTP/1.1 200 OK"
HTTP Request: GET https://lrclib.net/api/get?track_name=Golden&artist_name=Harry+Styles "HTTP/1.1 200 OK"
HTTP Request: GET https://lrclib.net/api/get?track_name=Tum+-+Version&artist_name=Javed+Ali "HTTP/1.1 200 OK"
HTTP Request: GET https://lrclib.net/api/get?track_name=O+Meri+Laila&artist_name=Atif+Aslam "HTTP/1.1 200 OK"
HTTP Request: GET https://lrclib.net/api/get?track_name=Starman+-+2012+Remaster&artist_name=David+Bowie "HTTP/1.1 200 OK"
HTTP Request: GET https://lrclib.net/api/get?track_name=Two+Ghosts&artist_name=Harry+Styles "HTTP/1.1 200 OK"
HTTP Request: GET https://lrclib.net/api/get?track_name=This+Is+Home&artist_name=Cavetown "HTTP/1.1 200 OK"
HTTP Request: GET https://lrclib.net/api/get?track_name=Pigeon&artist_name=Cavetown "HTTP/1.1 200 OK"
HTTP Request: GET https://lrclib.net/api/get?track_name=bored+like+me+%28demo%29&artist_name=dodie "HTTP/1.1 200 OK"
HTTP Request: GET https://lrclib.net/api/get?track_name=So+Long+Sad+Songs&artist_name=CAIN "HTTP/1.1 200 OK"
HTTP Request: GET https://lrclib.net/api/get?track_name=Olivia&artist_name=One+Direction "HTTP/1.1 200 OK"
HTTP Request: GET https://lrclib.net/api/get?track_name=show+and+tell&artist_name=mxmtoon "HTTP/1.1 200 OK"
C:\Users\91626\OneDrive - Manipal Academy of Higher Education\Desktop\projects\spotify-agent\spot\Lib\site-packages\pydantic_settings\sources\utils.py:47: IncompleteFieldDefinitionWarning: Field 'lifespan' has an incomplete definition: its annotation contains an unresolved forward reference, so settings sources may fail to correctly resolve its value. Call `model_rebuild()` on the model where the field is defined, once all the referenced types are defined.
  warnings.warn(
Processing request of type ListToolsRequest
C:\Users\91626\OneDrive - Manipal Academy of Higher Education\Desktop\projects\spotify-agent\spot\Lib\site-packages\pydantic_settings\sources\utils.py:47: IncompleteFieldDefinitionWarning: Field 'lifespan' has an incomplete definition: its annotation contains an unresolved forward reference, so settings sources may fail to correctly resolve its value. Call `model_rebuild()` on the model where the field is defined, once all the referenced types are defined.
  warnings.warn(
Processing request of type ListToolsRequest
Processing request of type CallToolRequest
HTTP Request: POST https://accounts.spotify.com/api/token "HTTP/1.1 200 OK"
HTTP Request: GET https://api.spotify.com/v1/search?q=dishwashing+dishes&type=track&limit=10&offset=0 "HTTP/1.1 429 Too Many Requests"
Processing request of type CallToolRequest
HTTP Request: GET https://api.spotify.com/v1/search?q=dishes+washing&type=track&limit=10&offset=0 "HTTP/1.1 429 Too Many Requests"
Processing request of type CallToolRequest
HTTP Request: GET https://api.spotify.com/v1/search?q=dishes+3am&type=track&limit=10&offset=0 "HTTP/1.1 429 Too Many Requests"
C:\Users\91626\OneDrive - Manipal Academy of Higher Education\Desktop\projects\spotify-agent\spot\Lib\site-packages\pydantic_settings\sources\utils.py:47: IncompleteFieldDefinitionWarning: Field 'lifespan' has an incomplete definition: its annotation contains an unresolved forward reference, so settings sources may fail to correctly resolve its value. Call `model_rebuild()` on the model where the field is defined, once all the referenced types are defined.
  warnings.warn(
Processing request of type ListToolsRequest
Processing request of type CallToolRequest
HTTP Request: POST https://accounts.spotify.com/api/token "HTTP/1.1 200 OK"
HTTP Request: GET https://api.spotify.com/v1/search?q=rain&type=track&limit=10&offset=0 "HTTP/1.1 429 Too Many Requests"
Processing request of type CallToolRequest
HTTP Request: GET https://api.spotify.com/v1/search?q=rain&type=track&limit=10&offset=0 "HTTP/1.1 429 Too Many Requests"
Processing request of type CallToolRequest
HTTP Request: GET https://api.spotify.com/v1/search?q=rain&type=track&limit=10&offset=0 "HTTP/1.1 429 Too Many Requests"
Processing request of type CallToolRequest
HTTP Request: GET https://api.spotify.com/v1/search?q=rain&type=track&limit=10&offset=0 "HTTP/1.1 429 Too Many Requests"
C:\Users\91626\OneDrive - Manipal Academy of Higher Education\Desktop\projects\spotify-agent\spot\Lib\site-packages\pydantic_settings\sources\utils.py:47: IncompleteFieldDefinitionWarning: Field 'lifespan' has an incomplete definition: its annotation contains an unresolved forward reference, so settings sources may fail to correctly resolve its value. Call `model_rebuild()` on the model where the field is defined, once all the referenced types are defined.
  warnings.warn(
Processing request of type ListToolsRequest
Processing request of type CallToolRequest
HTTP Request: POST https://accounts.spotify.com/api/token "HTTP/1.1 200 OK"
HTTP Request: GET https://api.spotify.com/v1/search?q=rain&type=track&limit=10&offset=0 "HTTP/1.1 429 Too Many Requests"

openai/gpt-5.4-mini
  ok  affective search   5/5   3 calls  eff 0.33   12.4s  
  ok  lyrics search      5/5   4 calls  eff 0.25   26.7s  
  ok  read my listening  5/5   1 calls  eff 1.00    9.4s  
  ok  restraint          5/5   0 calls  eff 1.00    4.3s  
  ok  recovery           5/5   2 calls  eff 1.00   16.1s  
      follow-up          4/5   5 calls  eff 0.40   10.9s  repeated an identical call

inclusionai/ling-3.0-flash
      affective search   4/5  18 calls  eff 0.06   56.4s  description too long: "last time leaving never coming back"
  ok  lyrics search      5/5   9 calls  eff 0.11   48.8s  
  ok  read my listening  5/5   1 calls  eff 1.00    8.7s  
  ok  restraint          5/5   0 calls  eff 1.00    3.6s  
  ok  recovery           5/5  24 calls  eff 0.08  125.8s  
      follow-up          4/5   3 calls  eff 0.67   32.7s  repeated an identical call

qwen/qwen3.7-flash
  ok  affective search   5/5   3 calls  eff 0.33   19.5s  
  ok  lyrics search      5/5   3 calls  eff 0.33   26.1s  
  ok  read my listening  5/5   1 calls  eff 1.00   22.6s  
  ok  restraint          5/5   0 calls  eff 1.00    9.1s  
  ok  recovery           5/5   3 calls  eff 0.67   28.4s  
      follow-up          2/5   3 calls  eff 0.67   18.4s  wanted search_by_feel, used ['search_by_lyrics', 'search_by_lyrics', 'create_playlist']; repeated an identical call

upstage/solar-pro4
  ok  affective search   5/5   4 calls  eff 0.25   32.4s  
  ok  lyrics search      5/5   9 calls  eff 0.11   50.7s  
  ok  read my listening  5/5   1 calls  eff 1.00   18.0s  
  ok  restraint          5/5   0 calls  eff 1.00    9.2s  
      recovery           4/5   1 calls  eff 1.00   11.1s  gave up after one search instead of rewording
      follow-up          2/5   3 calls  eff 0.67   15.3s  wanted search_by_feel, used ['search_by_lyrics', 'search_by_lyrics', 'create_playlist']; repeated an identical call

openai/gpt-oss-120b
  ok  affective search   5/5   6 calls  eff 0.17  137.1s  
      lyrics search      3/5   2 calls  eff 0.50   37.5s  repeated an identical call; no track links in the reply
  ok  read my listening  5/5   1 calls  eff 1.00   73.7s  
  ok  restraint          5/5   0 calls  eff 1.00   10.2s  
  ok  recovery           5/5   8 calls  eff 0.25   82.5s  
      follow-up          4/5   7 calls  eff 0.29   33.5s  repeated an identical call

deepseek/deepseek-v4-flash
  ok  affective search   5/5   7 calls  eff 0.14   60.4s  
  ok  lyrics search      5/5   2 calls  eff 0.50   49.9s  
  ok  read my listening  5/5   1 calls  eff 1.00   43.5s  
  ok  restraint          5/5   0 calls  eff 1.00   11.7s  
      recovery           4/5   9 calls  eff 0.22   82.9s  repeated an identical call
      follow-up          0/5  11 calls  eff 0.18   39.8s  failed: ExceptionGroup: unhandled errors in a TaskGroup (1 sub-excep

openai/gpt-5.4-nano
  ok  affective search   5/5   1 calls  eff 1.00    7.0s  
      lyrics search      4/5   1 calls  eff 1.00    5.8s  no track links in the reply
  ok  read my listening  5/5   1 calls  eff 1.00   10.9s  
  ok  restraint          5/5   0 calls  eff 1.00    4.0s  
      recovery           4/5   1 calls  eff 1.00    6.2s  gave up after one search instead of rewording
      follow-up          3/5   6 calls  eff 0.33   13.5s  repeated an identical call; never reached create_playlist

qwen/qwen3.7-plus
  ok  affective search   5/5   4 calls  eff 0.25   25.0s  
      lyrics search      4/5   3 calls  eff 0.33   22.6s  no track links in the reply
  ok  read my listening  5/5   1 calls  eff 1.00   23.2s  
  ok  restraint          5/5   0 calls  eff 1.00   11.1s  
  ok  recovery           5/5   3 calls  eff 0.67   45.0s  
      follow-up          3/5  10 calls  eff 0.20   28.7s  repeated an identical call; never reached create_playlist

model                           score  calls   eff   secs     cost
openai/gpt-5.4-mini             29/30     15  0.66     80   0.0000
inclusionai/ling-3.0-flash      28/30     55  0.49    276   0.0049
qwen/qwen3.7-plus               27/30     21  0.58    156   0.0000
openai/gpt-oss-120b             27/30     24  0.54    374   0.0142
qwen/qwen3.7-flash              27/30     13  0.67    124   0.0151
upstage/solar-pro4              26/30     18  0.67    137   0.0000
openai/gpt-5.4-nano             26/30     10  0.89     47   0.0000
deepseek/deepseek-v4-flash      24/30     30  0.51    288   0.0089

full detail in bakeoff_results.json
